# Blender 5.1.0
# www.blender.org
mtllib boneco_de_neve.mtl
o cabeca
v 0.000000 0.885615 0.000000
v 0.000000 0.992676 0.382743
v 0.000000 1.167945 0.572816
v 0.000000 1.396944 0.675683
v 0.000000 1.520878 0.688920
v 0.000000 1.644811 0.675683
v 0.000000 1.873811 0.572816
v 0.000000 2.156140 0.000000
v -0.026220 0.897821 0.131819
v -0.051433 0.933972 0.258573
v -0.074670 0.992676 0.375389
v -0.095036 1.071679 0.477780
v -0.111751 1.167945 0.561810
v -0.124171 1.277773 0.624249
v -0.131819 1.396944 0.662700
v -0.134402 1.520878 0.675683
v -0.131819 1.644811 0.662700
v -0.124171 1.763982 0.624249
v -0.111751 1.873811 0.561810
v -0.095036 1.970076 0.477780
v -0.074670 2.049079 0.375389
v -0.051433 2.107784 0.258573
v -0.026220 2.143934 0.131819
v -0.051433 0.897821 0.124171
v -0.100890 0.933972 0.243570
v -0.146470 0.992676 0.353609
v -0.186420 1.071679 0.450059
v -0.219207 1.167945 0.529213
v -0.243570 1.277773 0.588030
v -0.258573 1.396944 0.624249
v -0.263638 1.520878 0.636479
v -0.258573 1.644811 0.624249
v -0.243570 1.763982 0.588030
v -0.219207 1.873811 0.529213
v -0.186420 1.970076 0.450059
v -0.146470 2.049079 0.353609
v -0.100890 2.107784 0.243570
v -0.051433 2.143934 0.124171
v -0.074670 0.897821 0.111751
v -0.146470 0.933972 0.219207
v -0.212641 0.992676 0.318240
v -0.270640 1.071679 0.405042
v -0.318240 1.167945 0.476279
v -0.353609 1.277773 0.529213
v -0.375389 1.396944 0.561810
v -0.382743 1.520878 0.572816
v -0.375389 1.644811 0.561810
v -0.353609 1.763982 0.529213
v -0.318240 1.873811 0.476279
v -0.270640 1.970076 0.405042
v -0.212641 2.049079 0.318240
v -0.146470 2.107784 0.219207
v -0.074670 2.143934 0.111751
v -0.095036 0.897821 0.095036
v -0.186420 0.933972 0.186420
v -0.270640 0.992676 0.270640
v -0.344460 1.071679 0.344460
v -0.405042 1.167945 0.405042
v -0.450059 1.277773 0.450059
v -0.477780 1.396944 0.477780
v -0.487140 1.520878 0.487140
v -0.477780 1.644811 0.477780
v -0.450059 1.763982 0.450059
v -0.405042 1.873811 0.405042
v -0.344460 1.970076 0.344460
v -0.270640 2.049079 0.270640
v -0.186420 2.107784 0.186420
v -0.095036 2.143934 0.095036
v -0.111751 0.897821 0.074670
v -0.219207 0.933972 0.146470
v -0.318240 0.992676 0.212641
v -0.405042 1.071679 0.270640
v -0.476279 1.167945 0.318239
v -0.529213 1.277773 0.353609
v -0.561810 1.396944 0.375389
v -0.572816 1.520878 0.382743
v -0.561810 1.644811 0.375389
v -0.529213 1.763982 0.353609
v -0.476279 1.873811 0.318239
v -0.405042 1.970076 0.270640
v -0.318240 2.049079 0.212641
v -0.219207 2.107784 0.146470
v -0.111751 2.143934 0.074670
v -0.124171 0.897821 0.051433
v -0.243570 0.933972 0.100890
v -0.353609 0.992676 0.146470
v -0.450059 1.071679 0.186420
v -0.529213 1.167945 0.219207
v -0.588030 1.277773 0.243570
v -0.624249 1.396944 0.258572
v -0.636479 1.520878 0.263638
v -0.624249 1.644811 0.258572
v -0.588030 1.763982 0.243570
v -0.529213 1.873811 0.219207
v -0.450059 1.970076 0.186420
v -0.353609 2.049079 0.146470
v -0.243570 2.107784 0.100890
v -0.124171 2.143934 0.051433
v -0.131819 0.897821 0.026220
v -0.258573 0.933972 0.051433
v -0.375389 0.992676 0.074670
v -0.477780 1.071679 0.095036
v -0.561809 1.167945 0.111751
v -0.624249 1.277773 0.124171
v -0.662699 1.396944 0.131819
v -0.675682 1.520878 0.134402
v -0.662699 1.644811 0.131819
v -0.624249 1.763982 0.124171
v -0.561809 1.873811 0.111751
v -0.477780 1.970076 0.095036
v -0.375389 2.049079 0.074670
v -0.258573 2.107784 0.051433
v -0.131819 2.143934 0.026220
v -0.134402 0.897821 -0.000000
v -0.263638 0.933972 -0.000000
v -0.382743 0.992676 -0.000000
v -0.487140 1.071679 0.000000
v -0.572816 1.167945 -0.000000
v -0.636479 1.277773 0.000000
v -0.675682 1.396944 -0.000000
v -0.688920 1.520878 -0.000000
v -0.675682 1.644811 -0.000000
v -0.636479 1.763982 0.000000
v -0.572816 1.873811 -0.000000
v -0.487140 1.970076 0.000000
v -0.382743 2.049079 -0.000000
v -0.263638 2.107784 -0.000000
v -0.134402 2.143934 -0.000000
v -0.131819 0.897821 -0.026220
v -0.258573 0.933972 -0.051433
v -0.375389 0.992676 -0.074670
v -0.477780 1.071679 -0.095036
v -0.561809 1.167945 -0.111751
v -0.624249 1.277773 -0.124171
v -0.662699 1.396944 -0.131819
v -0.675682 1.520878 -0.134402
v -0.662699 1.644811 -0.131819
v -0.624249 1.763982 -0.124171
v -0.561809 1.873811 -0.111751
v -0.477780 1.970076 -0.095036
v -0.375389 2.049079 -0.074670
v -0.258573 2.107784 -0.051433
v -0.131819 2.143934 -0.026220
v -0.124171 0.897821 -0.051433
v -0.243570 0.933972 -0.100890
v -0.353609 0.992676 -0.146470
v -0.450059 1.071679 -0.186420
v -0.529213 1.167945 -0.219207
v -0.588030 1.277773 -0.243570
v -0.624249 1.396944 -0.258573
v -0.636479 1.520878 -0.263638
v -0.624249 1.644811 -0.258573
v -0.588030 1.763982 -0.243570
v -0.529213 1.873811 -0.219207
v -0.450059 1.970076 -0.186420
v -0.353609 2.049079 -0.146470
v -0.243570 2.107784 -0.100890
v -0.124171 2.143934 -0.051433
v -0.111751 0.897821 -0.074670
v -0.219207 0.933972 -0.146470
v -0.318239 0.992676 -0.212641
v -0.405042 1.071679 -0.270640
v -0.476279 1.167945 -0.318240
v -0.529213 1.277773 -0.353609
v -0.561809 1.396944 -0.375389
v -0.572816 1.520878 -0.382743
v -0.561809 1.644811 -0.375389
v -0.529213 1.763982 -0.353609
v -0.476279 1.873811 -0.318240
v -0.405042 1.970076 -0.270640
v -0.318239 2.049079 -0.212641
v -0.219207 2.107784 -0.146470
v -0.111751 2.143934 -0.074670
v -0.095036 0.897821 -0.095036
v -0.186420 0.933972 -0.186420
v -0.270640 0.992676 -0.270640
v -0.344460 1.071679 -0.344460
v -0.405042 1.167945 -0.405042
v -0.450059 1.277773 -0.450059
v -0.477780 1.396944 -0.477780
v -0.487140 1.520878 -0.487140
v -0.477780 1.644811 -0.477780
v -0.450059 1.763982 -0.450059
v -0.405042 1.873811 -0.405042
v -0.344460 1.970076 -0.344460
v -0.270640 2.049079 -0.270640
v -0.186420 2.107784 -0.186420
v -0.095036 2.143934 -0.095036
v -0.074670 0.897821 -0.111751
v -0.146470 0.933972 -0.219207
v -0.212641 0.992676 -0.318239
v -0.270640 1.071679 -0.405042
v -0.318239 1.167945 -0.476279
v -0.353609 1.277773 -0.529213
v -0.375389 1.396944 -0.561809
v -0.382743 1.520878 -0.572816
v -0.375389 1.644811 -0.561809
v -0.353609 1.763982 -0.529213
v -0.318239 1.873811 -0.476279
v -0.270640 1.970076 -0.405042
v -0.212641 2.049079 -0.318239
v -0.146470 2.107784 -0.219207
v -0.074670 2.143934 -0.111751
v -0.051433 0.897821 -0.124171
v -0.100890 0.933972 -0.243570
v -0.146469 0.992676 -0.353609
v -0.186420 1.071679 -0.450059
v -0.219207 1.167945 -0.529213
v -0.243570 1.277773 -0.588030
v -0.258572 1.396944 -0.624249
v -0.263638 1.520878 -0.636479
v -0.258572 1.644811 -0.624249
v -0.243570 1.763982 -0.588030
v -0.219207 1.873811 -0.529213
v -0.186420 1.970076 -0.450059
v -0.146469 2.049079 -0.353609
v -0.100890 2.107784 -0.243570
v -0.051433 2.143934 -0.124171
v -0.026220 0.897821 -0.131819
v -0.051433 0.933972 -0.258572
v -0.074669 0.992676 -0.375389
v -0.095036 1.071679 -0.477780
v -0.111751 1.167945 -0.561809
v -0.124171 1.277773 -0.624249
v -0.131819 1.396944 -0.662699
v -0.134401 1.520878 -0.675682
v -0.131819 1.644811 -0.662699
v -0.124171 1.763982 -0.624249
v -0.111751 1.873811 -0.561809
v -0.095036 1.970076 -0.477780
v -0.074669 2.049079 -0.375389
v -0.051433 2.107784 -0.258572
v -0.026220 2.143934 -0.131819
v 0.000000 0.897821 -0.134402
v 0.000000 0.933972 -0.263638
v 0.000000 0.992676 -0.382743
v 0.000000 1.071679 -0.487140
v 0.000000 1.167945 -0.572816
v -0.000000 1.277773 -0.636479
v 0.000000 1.396944 -0.675682
v 0.000000 1.520878 -0.688920
v 0.000000 1.644811 -0.675682
v -0.000000 1.763982 -0.636479
v 0.000000 1.873811 -0.572816
v 0.000000 1.970076 -0.487140
v 0.000000 2.049079 -0.382743
v 0.000000 2.107784 -0.263638
v 0.000000 2.143934 -0.134402
v 0.026220 0.897821 -0.131819
v 0.051433 0.933972 -0.258572
v 0.074670 0.992676 -0.375389
v 0.095036 1.071679 -0.477780
v 0.111751 1.167945 -0.561809
v 0.124171 1.277773 -0.624249
v 0.131819 1.396944 -0.662699
v 0.134402 1.520878 -0.675682
v 0.131819 1.644811 -0.662699
v 0.124171 1.763982 -0.624249
v 0.111751 1.873811 -0.561809
v 0.095036 1.970076 -0.477780
v 0.074670 2.049079 -0.375389
v 0.051433 2.107784 -0.258572
v 0.026220 2.143934 -0.131819
v 0.051433 0.897821 -0.124171
v 0.100890 0.933972 -0.243570
v 0.146470 0.992676 -0.353609
v 0.186420 1.071679 -0.450059
v 0.219207 1.167945 -0.529213
v 0.243570 1.277773 -0.588030
v 0.258573 1.396944 -0.624249
v 0.263638 1.520878 -0.636479
v 0.258573 1.644811 -0.624249
v 0.243570 1.763982 -0.588030
v 0.219207 1.873811 -0.529213
v 0.186420 1.970076 -0.450059
v 0.146470 2.049079 -0.353609
v 0.100890 2.107784 -0.243570
v 0.051433 2.143934 -0.124171
v 0.074669 0.897821 -0.111751
v 0.146470 0.933972 -0.219207
v 0.212641 0.992676 -0.318239
v 0.270640 1.071679 -0.405042
v 0.318239 1.167945 -0.476279
v 0.353609 1.277773 -0.529213
v 0.375389 1.396944 -0.561809
v 0.382743 1.520878 -0.572815
v 0.375389 1.644811 -0.561809
v 0.353609 1.763982 -0.529213
v 0.318239 1.873811 -0.476279
v 0.270640 1.970076 -0.405042
v 0.212641 2.049079 -0.318239
v 0.146470 2.107784 -0.219207
v 0.074669 2.143934 -0.111751
v 0.095036 0.897821 -0.095036
v 0.186420 0.933972 -0.186420
v 0.270640 0.992676 -0.270640
v 0.344460 1.071679 -0.344460
v 0.405042 1.167945 -0.405042
v 0.450059 1.277773 -0.450059
v 0.477780 1.396944 -0.477779
v 0.487140 1.520878 -0.487139
v 0.477780 1.644811 -0.477779
v 0.450059 1.763982 -0.450059
v 0.405042 1.873811 -0.405042
v 0.344460 1.970076 -0.344460
v 0.270640 2.049079 -0.270640
v 0.186420 2.107784 -0.186420
v 0.095036 2.143934 -0.095036
v 0.111751 0.897821 -0.074669
v 0.219207 0.933972 -0.146470
v 0.318239 0.992676 -0.212641
v 0.405042 1.071679 -0.270640
v 0.476279 1.167945 -0.318239
v 0.529213 1.277773 -0.353609
v 0.561809 1.396944 -0.375389
v 0.572816 1.520878 -0.382743
v 0.561809 1.644811 -0.375389
v 0.529213 1.763982 -0.353609
v 0.476279 1.873811 -0.318239
v 0.405042 1.970076 -0.270640
v 0.318239 2.049079 -0.212641
v 0.219207 2.107784 -0.146470
v 0.111751 2.143934 -0.074669
v 0.124171 0.897821 -0.051433
v 0.243570 0.933972 -0.100890
v 0.353609 0.992676 -0.146469
v 0.450059 1.071679 -0.186420
v 0.529213 1.167945 -0.219207
v 0.588030 1.277773 -0.243570
v 0.624249 1.396944 -0.258572
v 0.636479 1.520878 -0.263638
v 0.624249 1.644811 -0.258572
v 0.588030 1.763982 -0.243570
v 0.529213 1.873811 -0.219207
v 0.450059 1.970076 -0.186420
v 0.353609 2.049079 -0.146469
v 0.243570 2.107784 -0.100890
v 0.124171 2.143934 -0.051433
v 0.131819 0.897821 -0.026220
v 0.258572 0.933972 -0.051433
v 0.375389 0.992676 -0.074669
v 0.477780 1.071679 -0.095036
v 0.561809 1.167945 -0.111751
v 0.624249 1.277773 -0.124171
v 0.662699 1.396944 -0.131819
v 0.675682 1.520878 -0.134401
v 0.662699 1.644811 -0.131819
v 0.624249 1.763982 -0.124171
v 0.561809 1.873811 -0.111751
v 0.477780 1.970076 -0.095036
v 0.375389 2.049079 -0.074669
v 0.258572 2.107784 -0.051433
v 0.131819 2.143934 -0.026220
v 0.134402 0.897821 0.000000
v 0.263638 0.933972 0.000000
v 0.382743 0.992676 0.000000
v 0.487140 1.071679 0.000000
v 0.572816 1.167945 0.000000
v 0.636479 1.277773 0.000000
v 0.675682 1.396944 0.000000
v 0.688919 1.520878 0.000000
v 0.675682 1.644811 0.000000
v 0.636479 1.763982 0.000000
v 0.572816 1.873811 0.000000
v 0.487140 1.970076 0.000000
v 0.382743 2.049079 0.000000
v 0.263638 2.107784 0.000000
v 0.134402 2.143934 0.000000
v 0.131819 0.897821 0.026220
v 0.258572 0.933972 0.051433
v 0.375389 0.992676 0.074670
v 0.477780 1.071679 0.095036
v 0.561809 1.167945 0.111751
v 0.624249 1.277773 0.124171
v 0.662699 1.396944 0.131819
v 0.675682 1.520878 0.134402
v 0.662699 1.644811 0.131819
v 0.624249 1.763982 0.124171
v 0.561809 1.873811 0.111751
v 0.477780 1.970076 0.095036
v 0.375389 2.049079 0.074670
v 0.258572 2.107784 0.051433
v 0.131819 2.143934 0.026220
v 0.124171 0.897821 0.051433
v 0.243570 0.933972 0.100890
v 0.353608 0.992676 0.146470
v 0.450059 1.071679 0.186420
v 0.529213 1.167945 0.219207
v 0.588030 1.277773 0.243570
v 0.624249 1.396944 0.258573
v 0.636478 1.520878 0.263638
v 0.624249 1.644811 0.258573
v 0.588030 1.763982 0.243570
v 0.529213 1.873811 0.219207
v 0.450059 1.970076 0.186420
v 0.353608 2.049079 0.146470
v 0.243570 2.107784 0.100890
v 0.124171 2.143934 0.051433
v 0.111751 0.897821 0.074669
v 0.219207 0.933972 0.146470
v 0.318239 0.992676 0.212641
v 0.405042 1.071679 0.270640
v 0.476279 1.167945 0.318239
v 0.529213 1.277773 0.353609
v 0.561809 1.396944 0.375389
v 0.572815 1.520878 0.382743
v 0.561809 1.644811 0.375389
v 0.529213 1.763982 0.353609
v 0.476279 1.873811 0.318239
v 0.405042 1.970076 0.270640
v 0.318239 2.049079 0.212641
v 0.219207 2.107784 0.146470
v 0.111751 2.143934 0.074669
v 0.095036 0.897821 0.095036
v 0.186420 0.933972 0.186420
v 0.270640 0.992676 0.270640
v 0.344460 1.071679 0.344460
v 0.405042 1.167945 0.405042
v 0.450058 1.277773 0.450058
v 0.477779 1.396944 0.477780
v 0.487139 1.520878 0.487140
v 0.477779 1.644811 0.477780
v 0.450058 1.763982 0.450058
v 0.405042 1.873811 0.405042
v 0.344460 1.970076 0.344460
v 0.270640 2.049079 0.270640
v 0.186420 2.107784 0.186420
v 0.095036 2.143934 0.095036
v 0.074669 0.897821 0.111751
v 0.146469 0.933972 0.219207
v 0.212641 0.992676 0.318239
v 0.270640 1.071679 0.405042
v 0.318239 1.167945 0.476279
v 0.353609 1.277773 0.529213
v 0.375389 1.396944 0.561809
v 0.382743 1.520878 0.572816
v 0.375389 1.644811 0.561809
v 0.353609 1.763982 0.529213
v 0.318239 1.873811 0.476279
v 0.270640 1.970076 0.405042
v 0.212641 2.049079 0.318239
v 0.146469 2.107784 0.219207
v 0.074669 2.143934 0.111751
v 0.051433 0.897821 0.124171
v 0.100890 0.933972 0.243570
v 0.146469 0.992676 0.353609
v 0.186420 1.071679 0.450059
v 0.219207 1.167945 0.529213
v 0.243570 1.277773 0.588030
v 0.258572 1.396944 0.624249
v 0.263638 1.520878 0.636478
v 0.258572 1.644811 0.624249
v 0.243570 1.763982 0.588030
v 0.219207 1.873811 0.529213
v 0.186420 1.970076 0.450059
v 0.146469 2.049079 0.353609
v 0.100890 2.107784 0.243570
v 0.051433 2.143934 0.124171
v 0.026220 0.897821 0.131819
v 0.051433 0.933972 0.258572
v 0.074669 0.992676 0.375389
v 0.095036 1.071679 0.477780
v 0.111751 1.167945 0.561809
v 0.124171 1.277773 0.624249
v 0.131819 1.396944 0.662699
v 0.134401 1.520878 0.675682
v 0.131819 1.644811 0.662699
v 0.124171 1.763982 0.624249
v 0.111751 1.873811 0.561809
v 0.095036 1.970076 0.477780
v 0.074669 2.049079 0.375389
v 0.051433 2.107784 0.258572
v 0.026220 2.143934 0.131819
v -0.000000 0.897821 0.134401
v -0.000000 0.933972 0.263638
v -0.000000 1.071679 0.487140
v -0.000000 1.277773 0.636479
v -0.000000 1.763982 0.636479
v -0.000000 1.970076 0.487140
v -0.000000 2.049079 0.382743
v -0.000000 2.107784 0.263638
v -0.000000 2.143934 0.134401
vn -0.0932 0.3111 0.9458
vn -0.0435 -0.8961 0.4417
vn -0.0849 0.4997 0.8620
vn -0.0593 -0.7960 0.6024
vn -0.0734 0.6630 0.7450
vn -0.0734 -0.6630 0.7450
vn -0.0593 0.7960 0.6024
vn -0.0849 -0.4997 0.8620
vn -0.0435 0.8961 0.4417
vn -0.0932 -0.3111 0.9458
vn -0.0265 0.9627 0.2693
vn -0.0975 -0.1057 0.9896
vn -0.0089 -0.9959 0.0904
vn -0.0089 0.9959 0.0904
vn -0.0975 0.1057 0.9896
vn -0.0265 -0.9627 0.2693
vn -0.2887 0.1057 0.9516
vn -0.0785 -0.9627 0.2589
vn -0.2759 0.3111 0.9094
vn -0.1288 -0.8961 0.4247
vn -0.2514 0.4997 0.8289
vn -0.1757 -0.7960 0.5792
vn -0.2173 0.6630 0.7164
vn -0.2173 -0.6630 0.7164
vn -0.1757 0.7960 0.5792
vn -0.2514 -0.4997 0.8289
vn -0.1288 0.8961 0.4247
vn -0.2759 -0.3111 0.9094
vn -0.0785 0.9627 0.2589
vn -0.2887 -0.1057 0.9516
vn -0.0264 -0.9959 0.0870
vn -0.0264 0.9959 0.0870
vn -0.2853 0.7960 0.5338
vn -0.4083 -0.4997 0.7639
vn -0.2092 0.8961 0.3914
vn -0.4480 -0.3111 0.8381
vn -0.1276 0.9627 0.2386
vn -0.4688 -0.1057 0.8770
vn -0.0428 -0.9959 0.0802
vn -0.0428 0.9959 0.0802
vn -0.4688 0.1057 0.8770
vn -0.1276 -0.9627 0.2386
vn -0.4480 0.3111 0.8381
vn -0.2092 -0.8961 0.3914
vn -0.4083 0.4997 0.7639
vn -0.2853 -0.7960 0.5338
vn -0.3529 0.6630 0.6602
vn -0.3529 -0.6630 0.6602
vn -0.1717 -0.9627 0.2092
vn -0.6029 0.3111 0.7346
vn -0.2816 -0.8961 0.3431
vn -0.5495 0.4997 0.6696
vn -0.3840 -0.7960 0.4679
vn -0.4749 0.6630 0.5787
vn -0.4749 -0.6630 0.5787
vn -0.3840 0.7960 0.4679
vn -0.5495 -0.4997 0.6696
vn -0.2816 0.8961 0.3431
vn -0.6029 -0.3111 0.7346
vn -0.1717 0.9627 0.2092
vn -0.6308 -0.1057 0.7687
vn -0.0577 -0.9959 0.0703
vn -0.0577 0.9959 0.0703
vn -0.6308 0.1057 0.7687
vn -0.6696 -0.4997 0.5495
vn -0.3431 0.8961 0.2816
vn -0.7346 -0.3111 0.6029
vn -0.2092 0.9627 0.1717
vn -0.7687 -0.1057 0.6308
vn -0.0703 -0.9959 0.0577
vn -0.0703 0.9959 0.0577
vn -0.7687 0.1057 0.6308
vn -0.2092 -0.9627 0.1717
vn -0.7346 0.3111 0.6029
vn -0.3431 -0.8961 0.2816
vn -0.6696 0.4997 0.5495
vn -0.4679 -0.7960 0.3840
vn -0.5787 0.6630 0.4749
vn -0.5787 -0.6630 0.4749
vn -0.4679 0.7960 0.3840
vn -0.8381 0.3111 0.4480
vn -0.3914 -0.8961 0.2092
vn -0.7639 0.4997 0.4083
vn -0.5338 -0.7960 0.2853
vn -0.6602 0.6630 0.3529
vn -0.6602 -0.6630 0.3529
vn -0.5338 0.7960 0.2853
vn -0.7639 -0.4997 0.4083
vn -0.3914 0.8961 0.2092
vn -0.8381 -0.3111 0.4480
vn -0.2386 0.9627 0.1276
vn -0.8770 -0.1057 0.4688
vn -0.0802 -0.9959 0.0428
vn -0.0802 0.9959 0.0428
vn -0.8770 0.1057 0.4688
vn -0.2386 -0.9627 0.1276
vn -0.4247 0.8961 0.1288
vn -0.9094 -0.3111 0.2759
vn -0.2589 0.9627 0.0785
vn -0.9516 -0.1057 0.2887
vn -0.0870 -0.9959 0.0264
vn -0.0870 0.9959 0.0264
vn -0.9516 0.1057 0.2887
vn -0.2589 -0.9627 0.0785
vn -0.9094 0.3111 0.2759
vn -0.4247 -0.8961 0.1288
vn -0.8289 0.4997 0.2514
vn -0.5792 -0.7960 0.1757
vn -0.7164 0.6630 0.2173
vn -0.7164 -0.6630 0.2173
vn -0.5792 0.7960 0.1757
vn -0.8289 -0.4997 0.2514
vn -0.8620 0.4997 0.0849
vn -0.6024 -0.7960 0.0593
vn -0.7450 0.6630 0.0734
vn -0.7450 -0.6630 0.0734
vn -0.6024 0.7960 0.0593
vn -0.8620 -0.4997 0.0849
vn -0.4417 0.8961 0.0435
vn -0.9458 -0.3111 0.0932
vn -0.2693 0.9627 0.0265
vn -0.9896 -0.1057 0.0975
vn -0.0904 -0.9959 0.0089
vn -0.0904 0.9959 0.0089
vn -0.9896 0.1057 0.0975
vn -0.2693 -0.9627 0.0265
vn -0.9458 0.3111 0.0932
vn -0.4417 -0.8961 0.0435
vn -0.2693 0.9627 -0.0265
vn -0.9896 -0.1057 -0.0975
vn -0.0904 -0.9959 -0.0089
vn -0.0904 0.9959 -0.0089
vn -0.9896 0.1057 -0.0975
vn -0.2693 -0.9627 -0.0265
vn -0.9458 0.3111 -0.0932
vn -0.4417 -0.8961 -0.0435
vn -0.8620 0.4997 -0.0849
vn -0.6024 -0.7960 -0.0593
vn -0.7450 0.6630 -0.0734
vn -0.7450 -0.6630 -0.0734
vn -0.6024 0.7960 -0.0593
vn -0.8620 -0.4997 -0.0849
vn -0.4417 0.8961 -0.0435
vn -0.9458 -0.3111 -0.0932
vn -0.5792 -0.7960 -0.1757
vn -0.7164 0.6630 -0.2173
vn -0.7164 -0.6630 -0.2173
vn -0.5792 0.7960 -0.1757
vn -0.8289 -0.4997 -0.2514
vn -0.4247 0.8961 -0.1288
vn -0.9094 -0.3111 -0.2759
vn -0.2589 0.9627 -0.0785
vn -0.9516 -0.1057 -0.2887
vn -0.0870 -0.9959 -0.0264
vn -0.0870 0.9959 -0.0264
vn -0.9516 0.1057 -0.2887
vn -0.2589 -0.9627 -0.0785
vn -0.9094 0.3111 -0.2759
vn -0.4247 -0.8961 -0.1288
vn -0.8289 0.4997 -0.2514
vn -0.8770 -0.1057 -0.4688
vn -0.0802 -0.9959 -0.0428
vn -0.0802 0.9959 -0.0428
vn -0.8770 0.1057 -0.4688
vn -0.2386 -0.9627 -0.1276
vn -0.8381 0.3111 -0.4480
vn -0.3914 -0.8961 -0.2092
vn -0.7639 0.4997 -0.4083
vn -0.5338 -0.7960 -0.2853
vn -0.6602 0.6630 -0.3529
vn -0.6602 -0.6630 -0.3529
vn -0.5338 0.7960 -0.2853
vn -0.7639 -0.4997 -0.4083
vn -0.3914 0.8961 -0.2092
vn -0.8381 -0.3111 -0.4480
vn -0.2386 0.9627 -0.1276
vn -0.5787 0.6630 -0.4749
vn -0.5787 -0.6630 -0.4749
vn -0.4679 0.7960 -0.3840
vn -0.6696 -0.4997 -0.5495
vn -0.3431 0.8961 -0.2816
vn -0.7346 -0.3111 -0.6029
vn -0.2092 0.9627 -0.1717
vn -0.7687 -0.1057 -0.6308
vn -0.0703 -0.9959 -0.0577
vn -0.0703 0.9959 -0.0577
vn -0.7687 0.1057 -0.6308
vn -0.2092 -0.9627 -0.1717
vn -0.7346 0.3111 -0.6029
vn -0.3431 -0.8961 -0.2816
vn -0.6696 0.4997 -0.5495
vn -0.4679 -0.7960 -0.3840
vn -0.0577 -0.9959 -0.0703
vn -0.0577 0.9959 -0.0703
vn -0.6308 0.1057 -0.7687
vn -0.1717 -0.9627 -0.2092
vn -0.6029 0.3111 -0.7346
vn -0.2816 -0.8961 -0.3431
vn -0.5495 0.4997 -0.6696
vn -0.3840 -0.7960 -0.4679
vn -0.4749 0.6630 -0.5787
vn -0.4749 -0.6630 -0.5787
vn -0.3840 0.7960 -0.4679
vn -0.5495 -0.4997 -0.6696
vn -0.2816 0.8961 -0.3431
vn -0.6029 -0.3111 -0.7346
vn -0.1717 0.9627 -0.2092
vn -0.6308 -0.1057 -0.7687
vn -0.3529 -0.6630 -0.6602
vn -0.2853 0.7960 -0.5338
vn -0.4083 -0.4997 -0.7639
vn -0.2092 0.8961 -0.3914
vn -0.4480 -0.3111 -0.8381
vn -0.1276 0.9627 -0.2386
vn -0.4688 -0.1057 -0.8770
vn -0.0428 -0.9959 -0.0802
vn -0.0428 0.9959 -0.0802
vn -0.4688 0.1057 -0.8770
vn -0.1276 -0.9627 -0.2386
vn -0.4480 0.3111 -0.8381
vn -0.2092 -0.8961 -0.3914
vn -0.4083 0.4997 -0.7639
vn -0.2853 -0.7960 -0.5338
vn -0.3529 0.6630 -0.6602
vn -0.2887 0.1057 -0.9516
vn -0.0785 -0.9627 -0.2589
vn -0.2759 0.3111 -0.9094
vn -0.1288 -0.8961 -0.4247
vn -0.2514 0.4997 -0.8289
vn -0.1757 -0.7960 -0.5792
vn -0.2173 0.6630 -0.7164
vn -0.2173 -0.6630 -0.7164
vn -0.1757 0.7960 -0.5792
vn -0.2514 -0.4997 -0.8289
vn -0.1288 0.8961 -0.4247
vn -0.2759 -0.3111 -0.9094
vn -0.0785 0.9627 -0.2589
vn -0.2887 -0.1057 -0.9516
vn -0.0264 -0.9959 -0.0870
vn -0.0264 0.9959 -0.0870
vn -0.0593 0.7960 -0.6024
vn -0.0849 -0.4997 -0.8620
vn -0.0435 0.8961 -0.4417
vn -0.0932 -0.3111 -0.9458
vn -0.0265 0.9627 -0.2693
vn -0.0975 -0.1057 -0.9896
vn -0.0089 -0.9959 -0.0904
vn -0.0089 0.9959 -0.0904
vn -0.0975 0.1057 -0.9896
vn -0.0265 -0.9627 -0.2693
vn -0.0932 0.3111 -0.9458
vn -0.0435 -0.8961 -0.4417
vn -0.0849 0.4997 -0.8620
vn -0.0593 -0.7960 -0.6024
vn -0.0734 0.6630 -0.7450
vn -0.0734 -0.6630 -0.7450
vn 0.0932 0.3111 -0.9458
vn 0.0435 -0.8961 -0.4417
vn 0.0849 0.4997 -0.8620
vn 0.0593 -0.7960 -0.6024
vn 0.0734 0.6630 -0.7450
vn 0.0734 -0.6630 -0.7450
vn 0.0593 0.7960 -0.6024
vn 0.0849 -0.4997 -0.8620
vn 0.0435 0.8961 -0.4417
vn 0.0932 -0.3111 -0.9458
vn 0.0265 0.9627 -0.2693
vn 0.0975 -0.1057 -0.9896
vn 0.0089 -0.9959 -0.0904
vn 0.0089 0.9959 -0.0904
vn 0.0975 0.1057 -0.9896
vn 0.0265 -0.9627 -0.2693
vn 0.1288 0.8961 -0.4247
vn 0.2759 -0.3111 -0.9094
vn 0.0785 0.9627 -0.2589
vn 0.2887 -0.1057 -0.9516
vn 0.0264 -0.9959 -0.0870
vn 0.0264 0.9959 -0.0870
vn 0.2887 0.1057 -0.9516
vn 0.0785 -0.9627 -0.2589
vn 0.2759 0.3111 -0.9094
vn 0.1288 -0.8961 -0.4247
vn 0.2514 0.4997 -0.8289
vn 0.1757 -0.7960 -0.5792
vn 0.2173 0.6630 -0.7164
vn 0.2173 -0.6630 -0.7164
vn 0.1757 0.7960 -0.5792
vn 0.2514 -0.4997 -0.8289
vn 0.2092 -0.8961 -0.3914
vn 0.4083 0.4997 -0.7639
vn 0.2853 -0.7960 -0.5338
vn 0.3529 0.6630 -0.6602
vn 0.3529 -0.6630 -0.6602
vn 0.2853 0.7960 -0.5338
vn 0.4083 -0.4997 -0.7639
vn 0.2092 0.8961 -0.3914
vn 0.4480 -0.3111 -0.8381
vn 0.1276 0.9627 -0.2386
vn 0.4688 -0.1057 -0.8770
vn 0.0428 -0.9959 -0.0802
vn 0.0428 0.9959 -0.0802
vn 0.4688 0.1057 -0.8770
vn 0.1276 -0.9627 -0.2386
vn 0.4480 0.3111 -0.8381
vn 0.6029 -0.3111 -0.7346
vn 0.1717 0.9627 -0.2092
vn 0.6308 -0.1057 -0.7687
vn 0.0577 -0.9959 -0.0703
vn 0.0577 0.9959 -0.0703
vn 0.6308 0.1057 -0.7687
vn 0.1717 -0.9627 -0.2092
vn 0.6029 0.3111 -0.7346
vn 0.2816 -0.8961 -0.3431
vn 0.5495 0.4997 -0.6696
vn 0.3840 -0.7960 -0.4679
vn 0.4749 0.6630 -0.5787
vn 0.4749 -0.6630 -0.5787
vn 0.3840 0.7960 -0.4679
vn 0.5495 -0.4997 -0.6696
vn 0.2816 0.8961 -0.3431
vn 0.6696 0.4997 -0.5495
vn 0.4679 -0.7960 -0.3840
vn 0.5787 0.6630 -0.4749
vn 0.5787 -0.6630 -0.4749
vn 0.4679 0.7960 -0.3840
vn 0.6696 -0.4997 -0.5495
vn 0.3431 0.8961 -0.2816
vn 0.7346 -0.3111 -0.6029
vn 0.2092 0.9627 -0.1717
vn 0.7687 -0.1057 -0.6308
vn 0.0703 -0.9959 -0.0577
vn 0.0703 0.9959 -0.0577
vn 0.7687 0.1057 -0.6308
vn 0.2092 -0.9627 -0.1717
vn 0.7346 0.3111 -0.6029
vn 0.3431 -0.8961 -0.2816
vn 0.2386 0.9627 -0.1276
vn 0.8770 -0.1057 -0.4688
vn 0.0802 -0.9959 -0.0428
vn 0.0802 0.9959 -0.0428
vn 0.8770 0.1057 -0.4688
vn 0.2386 -0.9627 -0.1276
vn 0.8381 0.3111 -0.4480
vn 0.3914 -0.8961 -0.2092
vn 0.7639 0.4997 -0.4083
vn 0.5338 -0.7960 -0.2853
vn 0.6602 0.6630 -0.3529
vn 0.6602 -0.6630 -0.3529
vn 0.5338 0.7960 -0.2853
vn 0.7639 -0.4997 -0.4083
vn 0.3914 0.8961 -0.2092
vn 0.8381 -0.3111 -0.4480
vn 0.5792 -0.7960 -0.1757
vn 0.7164 0.6630 -0.2173
vn 0.7164 -0.6630 -0.2173
vn 0.5792 0.7960 -0.1757
vn 0.8289 -0.4997 -0.2514
vn 0.4247 0.8961 -0.1288
vn 0.9094 -0.3111 -0.2759
vn 0.2589 0.9627 -0.0785
vn 0.9516 -0.1057 -0.2887
vn 0.0870 -0.9959 -0.0264
vn 0.0870 0.9959 -0.0264
vn 0.9516 0.1057 -0.2887
vn 0.2589 -0.9627 -0.0785
vn 0.9094 0.3111 -0.2759
vn 0.4247 -0.8961 -0.1288
vn 0.8289 0.4997 -0.2514
vn 0.9896 -0.1057 -0.0975
vn 0.0904 -0.9959 -0.0089
vn 0.0904 0.9959 -0.0089
vn 0.9896 0.1057 -0.0975
vn 0.2693 -0.9627 -0.0265
vn 0.9458 0.3111 -0.0932
vn 0.4417 -0.8961 -0.0435
vn 0.8620 0.4997 -0.0849
vn 0.6024 -0.7960 -0.0593
vn 0.7450 0.6630 -0.0734
vn 0.7450 -0.6630 -0.0734
vn 0.6024 0.7960 -0.0593
vn 0.8620 -0.4997 -0.0849
vn 0.4417 0.8961 -0.0435
vn 0.9458 -0.3111 -0.0932
vn 0.2693 0.9627 -0.0265
vn 0.7450 0.6630 0.0734
vn 0.7450 -0.6630 0.0734
vn 0.6024 0.7960 0.0593
vn 0.8620 -0.4997 0.0849
vn 0.4417 0.8961 0.0435
vn 0.9458 -0.3111 0.0932
vn 0.2693 0.9627 0.0265
vn 0.9896 -0.1057 0.0975
vn 0.0904 -0.9959 0.0089
vn 0.0904 0.9959 0.0089
vn 0.9896 0.1057 0.0975
vn 0.2693 -0.9627 0.0265
vn 0.9458 0.3111 0.0932
vn 0.4417 -0.8961 0.0435
vn 0.8620 0.4997 0.0849
vn 0.6024 -0.7960 0.0593
vn 0.0870 0.9959 0.0264
vn 0.9516 0.1057 0.2887
vn 0.2589 -0.9627 0.0785
vn 0.9094 0.3111 0.2759
vn 0.4247 -0.8961 0.1288
vn 0.8289 0.4997 0.2514
vn 0.5792 -0.7960 0.1757
vn 0.7164 0.6630 0.2173
vn 0.7164 -0.6630 0.2173
vn 0.5792 0.7960 0.1757
vn 0.8289 -0.4997 0.2514
vn 0.4247 0.8961 0.1288
vn 0.9094 -0.3111 0.2759
vn 0.2589 0.9627 0.0785
vn 0.9516 -0.1057 0.2887
vn 0.0870 -0.9959 0.0264
vn 0.5338 0.7960 0.2853
vn 0.7639 -0.4997 0.4083
vn 0.3914 0.8961 0.2092
vn 0.8381 -0.3111 0.4480
vn 0.2386 0.9627 0.1276
vn 0.8770 -0.1057 0.4688
vn 0.0802 -0.9959 0.0428
vn 0.0802 0.9959 0.0428
vn 0.8770 0.1057 0.4688
vn 0.2386 -0.9627 0.1276
vn 0.8381 0.3111 0.4480
vn 0.3914 -0.8961 0.2092
vn 0.7639 0.4997 0.4083
vn 0.5338 -0.7960 0.2853
vn 0.6602 0.6630 0.3529
vn 0.6602 -0.6630 0.3529
vn 0.2092 -0.9627 0.1717
vn 0.7346 0.3111 0.6029
vn 0.3431 -0.8961 0.2816
vn 0.6696 0.4997 0.5495
vn 0.4679 -0.7960 0.3840
vn 0.5787 0.6630 0.4749
vn 0.5787 -0.6630 0.4749
vn 0.4679 0.7960 0.3840
vn 0.6696 -0.4997 0.5495
vn 0.3431 0.8961 0.2816
vn 0.7346 -0.3111 0.6029
vn 0.2092 0.9627 0.1717
vn 0.7687 -0.1057 0.6308
vn 0.0703 -0.9959 0.0577
vn 0.0703 0.9959 0.0577
vn 0.7687 0.1057 0.6308
vn 0.5495 -0.4997 0.6696
vn 0.2816 0.8961 0.3431
vn 0.6029 -0.3111 0.7346
vn 0.1717 0.9627 0.2092
vn 0.6308 -0.1057 0.7687
vn 0.0577 -0.9959 0.0703
vn 0.0577 0.9959 0.0703
vn 0.6308 0.1057 0.7687
vn 0.1717 -0.9627 0.2092
vn 0.6029 0.3111 0.7346
vn 0.2816 -0.8961 0.3431
vn 0.5495 0.4997 0.6696
vn 0.3840 -0.7960 0.4679
vn 0.4749 0.6630 0.5787
vn 0.4749 -0.6630 0.5787
vn 0.3840 0.7960 0.4679
vn 0.4480 0.3111 0.8381
vn 0.2092 -0.8961 0.3914
vn 0.4083 0.4997 0.7639
vn 0.2853 -0.7960 0.5338
vn 0.3529 0.6630 0.6602
vn 0.3529 -0.6630 0.6602
vn 0.2853 0.7960 0.5338
vn 0.4083 -0.4997 0.7639
vn 0.2092 0.8961 0.3914
vn 0.4480 -0.3111 0.8381
vn 0.1276 0.9627 0.2386
vn 0.4688 -0.1057 0.8770
vn 0.0428 -0.9959 0.0802
vn 0.0428 0.9959 0.0802
vn 0.4688 0.1057 0.8770
vn 0.1276 -0.9627 0.2386
vn 0.1288 0.8961 0.4247
vn 0.2759 -0.3111 0.9094
vn 0.0785 0.9627 0.2589
vn 0.2887 -0.1057 0.9516
vn 0.0264 -0.9959 0.0870
vn 0.0264 0.9959 0.0870
vn 0.2887 0.1057 0.9516
vn 0.0785 -0.9627 0.2589
vn 0.2759 0.3111 0.9094
vn 0.1288 -0.8961 0.4247
vn 0.2514 0.4997 0.8289
vn 0.1757 -0.7960 0.5792
vn 0.2173 0.6630 0.7164
vn 0.2173 -0.6630 0.7164
vn 0.1757 0.7960 0.5792
vn 0.2514 -0.4997 0.8289
vn 0.0435 -0.8961 0.4417
vn 0.0849 0.4997 0.8620
vn 0.0593 -0.7960 0.6024
vn 0.0734 0.6630 0.7450
vn 0.0734 -0.6630 0.7450
vn 0.0593 0.7960 0.6024
vn 0.0849 -0.4997 0.8620
vn 0.0435 0.8961 0.4417
vn 0.0932 -0.3111 0.9458
vn 0.0265 0.9627 0.2693
vn 0.0975 -0.1057 0.9896
vn 0.0089 -0.9959 0.0904
vn 0.0089 0.9959 0.0904
vn 0.0975 0.1057 0.9896
vn 0.0265 -0.9627 0.2693
vn 0.0932 0.3111 0.9458
vt 0.750000 0.375000
vt 0.750000 0.437500
vt 0.718750 0.437500
vt 0.718750 0.375000
vt 0.750000 0.812500
vt 0.750000 0.875000
vt 0.718750 0.875000
vt 0.718750 0.812500
vt 0.750000 0.312500
vt 0.718750 0.312500
vt 0.750000 0.750000
vt 0.718750 0.750000
vt 0.750000 0.250000
vt 0.718750 0.250000
vt 0.750000 0.687500
vt 0.718750 0.687500
vt 0.750000 0.187500
vt 0.718750 0.187500
vt 0.750000 0.625000
vt 0.718750 0.625000
vt 0.750000 0.125000
vt 0.718750 0.125000
vt 0.750000 0.562500
vt 0.718750 0.562500
vt 0.750000 0.062500
vt 0.718750 0.062500
vt 0.750000 0.500000
vt 0.718750 0.500000
vt 0.750000 0.937500
vt 0.734375 1.000000
vt 0.718750 0.937500
vt 0.734375 0.000000
vt 0.687500 0.500000
vt 0.687500 0.437500
vt 0.687500 0.937500
vt 0.687500 0.875000
vt 0.687500 0.375000
vt 0.687500 0.812500
vt 0.687500 0.312500
vt 0.687500 0.750000
vt 0.687500 0.250000
vt 0.687500 0.687500
vt 0.687500 0.187500
vt 0.687500 0.625000
vt 0.687500 0.125000
vt 0.687500 0.562500
vt 0.687500 0.062500
vt 0.703125 1.000000
vt 0.703125 0.000000
vt 0.656250 0.250000
vt 0.656250 0.187500
vt 0.656250 0.687500
vt 0.656250 0.625000
vt 0.656250 0.125000
vt 0.656250 0.562500
vt 0.656250 0.062500
vt 0.656250 0.500000
vt 0.671875 1.000000
vt 0.656250 0.937500
vt 0.671875 0.000000
vt 0.656250 0.437500
vt 0.656250 0.875000
vt 0.656250 0.375000
vt 0.656250 0.812500
vt 0.656250 0.312500
vt 0.656250 0.750000
vt 0.625000 0.937500
vt 0.625000 0.875000
vt 0.625000 0.437500
vt 0.625000 0.375000
vt 0.625000 0.812500
vt 0.625000 0.312500
vt 0.625000 0.750000
vt 0.625000 0.250000
vt 0.625000 0.687500
vt 0.625000 0.187500
vt 0.625000 0.625000
vt 0.625000 0.125000
vt 0.625000 0.562500
vt 0.625000 0.062500
vt 0.625000 0.500000
vt 0.640625 1.000000
vt 0.640625 0.000000
vt 0.593750 0.687500
vt 0.593750 0.625000
vt 0.593750 0.187500
vt 0.593750 0.125000
vt 0.593750 0.562500
vt 0.593750 0.062500
vt 0.593750 0.500000
vt 0.609375 1.000000
vt 0.593750 0.937500
vt 0.609375 0.000000
vt 0.593750 0.437500
vt 0.593750 0.875000
vt 0.593750 0.375000
vt 0.593750 0.812500
vt 0.593750 0.312500
vt 0.593750 0.750000
vt 0.593750 0.250000
vt 0.562500 0.437500
vt 0.562500 0.375000
vt 0.562500 0.875000
vt 0.562500 0.812500
vt 0.562500 0.312500
vt 0.562500 0.750000
vt 0.562500 0.250000
vt 0.562500 0.687500
vt 0.562500 0.187500
vt 0.562500 0.625000
vt 0.562500 0.125000
vt 0.562500 0.562500
vt 0.562500 0.062500
vt 0.562500 0.500000
vt 0.578125 1.000000
vt 0.562500 0.937500
vt 0.578125 0.000000
vt 0.531250 0.187500
vt 0.531250 0.125000
vt 0.531250 0.625000
vt 0.531250 0.562500
vt 0.531250 0.062500
vt 0.531250 0.500000
vt 0.546875 1.000000
vt 0.531250 0.937500
vt 0.546875 0.000000
vt 0.531250 0.437500
vt 0.531250 0.875000
vt 0.531250 0.375000
vt 0.531250 0.812500
vt 0.531250 0.312500
vt 0.531250 0.750000
vt 0.531250 0.250000
vt 0.531250 0.687500
vt 0.500000 0.375000
vt 0.500000 0.312500
vt 0.500000 0.812500
vt 0.500000 0.750000
vt 0.500000 0.250000
vt 0.500000 0.687500
vt 0.500000 0.187500
vt 0.500000 0.625000
vt 0.500000 0.125000
vt 0.500000 0.562500
vt 0.500000 0.062500
vt 0.500000 0.500000
vt 0.515625 1.000000
vt 0.500000 0.937500
vt 0.515625 0.000000
vt 0.500000 0.437500
vt 0.500000 0.875000
vt 0.468750 0.125000
vt 0.468750 0.062500
vt 0.468750 0.562500
vt 0.468750 0.500000
vt 0.484375 1.000000
vt 0.468750 0.937500
vt 0.484375 0.000000
vt 0.468750 0.437500
vt 0.468750 0.875000
vt 0.468750 0.375000
vt 0.468750 0.812500
vt 0.468750 0.312500
vt 0.468750 0.750000
vt 0.468750 0.250000
vt 0.468750 0.687500
vt 0.468750 0.187500
vt 0.468750 0.625000
vt 0.437500 0.812500
vt 0.437500 0.750000
vt 0.437500 0.312500
vt 0.437500 0.250000
vt 0.437500 0.687500
vt 0.437500 0.187500
vt 0.437500 0.625000
vt 0.437500 0.125000
vt 0.437500 0.562500
vt 0.437500 0.062500
vt 0.437500 0.500000
vt 0.453125 1.000000
vt 0.437500 0.937500
vt 0.453125 0.000000
vt 0.437500 0.437500
vt 0.437500 0.875000
vt 0.437500 0.375000
vt 0.406250 0.562500
vt 0.406250 0.500000
vt 0.421875 1.000000
vt 0.406250 0.937500
vt 0.421875 0.000000
vt 0.406250 0.062500
vt 0.406250 0.437500
vt 0.406250 0.875000
vt 0.406250 0.375000
vt 0.406250 0.812500
vt 0.406250 0.312500
vt 0.406250 0.750000
vt 0.406250 0.250000
vt 0.406250 0.687500
vt 0.406250 0.187500
vt 0.406250 0.625000
vt 0.406250 0.125000
vt 0.375000 0.312500
vt 0.375000 0.250000
vt 0.375000 0.750000
vt 0.375000 0.687500
vt 0.375000 0.187500
vt 0.375000 0.625000
vt 0.375000 0.125000
vt 0.375000 0.562500
vt 0.375000 0.062500
vt 0.375000 0.500000
vt 0.390625 1.000000
vt 0.375000 0.937500
vt 0.390625 0.000000
vt 0.375000 0.437500
vt 0.375000 0.875000
vt 0.375000 0.375000
vt 0.375000 0.812500
vt 0.359375 1.000000
vt 0.343750 0.937500
vt 0.359375 0.000000
vt 0.343750 0.062500
vt 0.343750 0.500000
vt 0.343750 0.437500
vt 0.343750 0.875000
vt 0.343750 0.375000
vt 0.343750 0.812500
vt 0.343750 0.312500
vt 0.343750 0.750000
vt 0.343750 0.250000
vt 0.343750 0.687500
vt 0.343750 0.187500
vt 0.343750 0.625000
vt 0.343750 0.125000
vt 0.343750 0.562500
vt 0.312500 0.750000
vt 0.312500 0.687500
vt 0.312500 0.250000
vt 0.312500 0.187500
vt 0.312500 0.625000
vt 0.312500 0.125000
vt 0.312500 0.562500
vt 0.312500 0.062500
vt 0.312500 0.500000
vt 0.328125 1.000000
vt 0.312500 0.937500
vt 0.328125 0.000000
vt 0.312500 0.437500
vt 0.312500 0.875000
vt 0.312500 0.375000
vt 0.312500 0.812500
vt 0.312500 0.312500
vt 0.281250 0.500000
vt 0.281250 0.437500
vt 0.281250 0.937500
vt 0.281250 0.875000
vt 0.281250 0.375000
vt 0.281250 0.812500
vt 0.281250 0.312500
vt 0.281250 0.750000
vt 0.281250 0.250000
vt 0.281250 0.687500
vt 0.281250 0.187500
vt 0.281250 0.625000
vt 0.281250 0.125000
vt 0.281250 0.562500
vt 0.281250 0.062500
vt 0.296875 1.000000
vt 0.296875 0.000000
vt 0.250000 0.250000
vt 0.250000 0.187500
vt 0.250000 0.687500
vt 0.250000 0.625000
vt 0.250000 0.125000
vt 0.250000 0.562500
vt 0.250000 0.062500
vt 0.250000 0.500000
vt 0.265625 1.000000
vt 0.250000 0.937500
vt 0.265625 0.000000
vt 0.250000 0.437500
vt 0.250000 0.875000
vt 0.250000 0.375000
vt 0.250000 0.812500
vt 0.250000 0.312500
vt 0.250000 0.750000
vt 0.218750 0.437500
vt 0.218750 0.375000
vt 0.218750 0.875000
vt 0.218750 0.812500
vt 0.218750 0.312500
vt 0.218750 0.750000
vt 0.218750 0.250000
vt 0.218750 0.687500
vt 0.218750 0.187500
vt 0.218750 0.625000
vt 0.218750 0.125000
vt 0.218750 0.562500
vt 0.218750 0.062500
vt 0.218750 0.500000
vt 0.234375 1.000000
vt 0.218750 0.937500
vt 0.234375 0.000000
vt 0.187500 0.187500
vt 0.187500 0.125000
vt 0.187500 0.625000
vt 0.187500 0.562500
vt 0.187500 0.062500
vt 0.187500 0.500000
vt 0.203125 1.000000
vt 0.187500 0.937500
vt 0.203125 0.000000
vt 0.187500 0.437500
vt 0.187500 0.875000
vt 0.187500 0.375000
vt 0.187500 0.812500
vt 0.187500 0.312500
vt 0.187500 0.750000
vt 0.187500 0.250000
vt 0.187500 0.687500
vt 0.156250 0.875000
vt 0.156250 0.812500
vt 0.156250 0.375000
vt 0.156250 0.312500
vt 0.156250 0.750000
vt 0.156250 0.250000
vt 0.156250 0.687500
vt 0.156250 0.187500
vt 0.156250 0.625000
vt 0.156250 0.125000
vt 0.156250 0.562500
vt 0.156250 0.062500
vt 0.156250 0.500000
vt 0.171875 1.000000
vt 0.156250 0.937500
vt 0.171875 0.000000
vt 0.156250 0.437500
vt 0.125000 0.625000
vt 0.125000 0.562500
vt 0.125000 0.125000
vt 0.125000 0.062500
vt 0.125000 0.500000
vt 0.140625 1.000000
vt 0.125000 0.937500
vt 0.140625 0.000000
vt 0.125000 0.437500
vt 0.125000 0.875000
vt 0.125000 0.375000
vt 0.125000 0.812500
vt 0.125000 0.312500
vt 0.125000 0.750000
vt 0.125000 0.250000
vt 0.125000 0.687500
vt 0.125000 0.187500
vt 0.093750 0.375000
vt 0.093750 0.312500
vt 0.093750 0.812500
vt 0.093750 0.750000
vt 0.093750 0.250000
vt 0.093750 0.687500
vt 0.093750 0.187500
vt 0.093750 0.625000
vt 0.093750 0.125000
vt 0.093750 0.562500
vt 0.093750 0.062500
vt 0.093750 0.500000
vt 0.109375 1.000000
vt 0.093750 0.937500
vt 0.109375 0.000000
vt 0.093750 0.437500
vt 0.093750 0.875000
vt 0.062500 0.125000
vt 0.062500 0.062500
vt 0.062500 0.562500
vt 0.062500 0.500000
vt 0.078125 1.000000
vt 0.062500 0.937500
vt 0.078125 0.000000
vt 0.062500 0.437500
vt 0.062500 0.875000
vt 0.062500 0.375000
vt 0.062500 0.812500
vt 0.062500 0.312500
vt 0.062500 0.750000
vt 0.062500 0.250000
vt 0.062500 0.687500
vt 0.062500 0.187500
vt 0.062500 0.625000
vt 0.031250 0.812500
vt 0.031250 0.750000
vt 0.031250 0.312500
vt 0.031250 0.250000
vt 0.031250 0.687500
vt 0.031250 0.187500
vt 0.031250 0.625000
vt 0.031250 0.125000
vt 0.031250 0.562500
vt 0.031250 0.062500
vt 0.031250 0.500000
vt 0.046875 1.000000
vt 0.031250 0.937500
vt 0.046875 0.000000
vt 0.031250 0.437500
vt 0.031250 0.875000
vt 0.031250 0.375000
vt 0.000000 0.562500
vt 0.000000 0.500000
vt 0.015625 1.000000
vt 0.000000 0.937500
vt 0.015625 0.000000
vt 0.000000 0.062500
vt 0.000000 0.437500
vt 0.000000 0.875000
vt 0.000000 0.375000
vt 0.000000 0.812500
vt 0.000000 0.312500
vt 0.000000 0.750000
vt 0.000000 0.250000
vt 0.000000 0.687500
vt 0.000000 0.187500
vt 0.000000 0.625000
vt 0.000000 0.125000
vt 1.000000 0.250000
vt 1.000000 0.312500
vt 0.968750 0.312500
vt 0.968750 0.250000
vt 1.000000 0.687500
vt 1.000000 0.750000
vt 0.968750 0.750000
vt 0.968750 0.687500
vt 1.000000 0.187500
vt 0.968750 0.187500
vt 1.000000 0.625000
vt 0.968750 0.625000
vt 1.000000 0.125000
vt 0.968750 0.125000
vt 1.000000 0.562500
vt 0.968750 0.562500
vt 1.000000 0.062500
vt 0.968750 0.062500
vt 1.000000 0.500000
vt 0.968750 0.500000
vt 1.000000 0.937500
vt 0.984375 1.000000
vt 0.968750 0.937500
vt 0.984375 0.000000
vt 1.000000 0.437500
vt 0.968750 0.437500
vt 1.000000 0.875000
vt 0.968750 0.875000
vt 1.000000 0.375000
vt 0.968750 0.375000
vt 1.000000 0.812500
vt 0.968750 0.812500
vt 0.953125 0.000000
vt 0.937500 0.062500
vt 0.937500 0.500000
vt 0.937500 0.437500
vt 0.937500 0.937500
vt 0.937500 0.875000
vt 0.937500 0.375000
vt 0.937500 0.812500
vt 0.937500 0.312500
vt 0.937500 0.750000
vt 0.937500 0.250000
vt 0.937500 0.687500
vt 0.937500 0.187500
vt 0.937500 0.625000
vt 0.937500 0.125000
vt 0.937500 0.562500
vt 0.953125 1.000000
vt 0.906250 0.250000
vt 0.906250 0.187500
vt 0.906250 0.687500
vt 0.906250 0.625000
vt 0.906250 0.125000
vt 0.906250 0.562500
vt 0.906250 0.062500
vt 0.906250 0.500000
vt 0.921875 1.000000
vt 0.906250 0.937500
vt 0.921875 0.000000
vt 0.906250 0.437500
vt 0.906250 0.875000
vt 0.906250 0.375000
vt 0.906250 0.812500
vt 0.906250 0.312500
vt 0.906250 0.750000
vt 0.875000 0.937500
vt 0.875000 0.875000
vt 0.875000 0.437500
vt 0.875000 0.375000
vt 0.875000 0.812500
vt 0.875000 0.312500
vt 0.875000 0.750000
vt 0.875000 0.250000
vt 0.875000 0.687500
vt 0.875000 0.187500
vt 0.875000 0.625000
vt 0.875000 0.125000
vt 0.875000 0.562500
vt 0.875000 0.062500
vt 0.875000 0.500000
vt 0.890625 1.000000
vt 0.890625 0.000000
vt 0.843750 0.687500
vt 0.843750 0.625000
vt 0.843750 0.187500
vt 0.843750 0.125000
vt 0.843750 0.562500
vt 0.843750 0.062500
vt 0.843750 0.500000
vt 0.859375 1.000000
vt 0.843750 0.937500
vt 0.859375 0.000000
vt 0.843750 0.437500
vt 0.843750 0.875000
vt 0.843750 0.375000
vt 0.843750 0.812500
vt 0.843750 0.312500
vt 0.843750 0.750000
vt 0.843750 0.250000
vt 0.812500 0.437500
vt 0.812500 0.375000
vt 0.812500 0.875000
vt 0.812500 0.812500
vt 0.812500 0.312500
vt 0.812500 0.750000
vt 0.812500 0.250000
vt 0.812500 0.687500
vt 0.812500 0.187500
vt 0.812500 0.625000
vt 0.812500 0.125000
vt 0.812500 0.562500
vt 0.812500 0.062500
vt 0.812500 0.500000
vt 0.828125 1.000000
vt 0.812500 0.937500
vt 0.828125 0.000000
vt 0.781250 0.187500
vt 0.781250 0.125000
vt 0.781250 0.625000
vt 0.781250 0.562500
vt 0.781250 0.062500
vt 0.781250 0.500000
vt 0.796875 1.000000
vt 0.781250 0.937500
vt 0.796875 0.000000
vt 0.781250 0.437500
vt 0.781250 0.875000
vt 0.781250 0.375000
vt 0.781250 0.812500
vt 0.781250 0.312500
vt 0.781250 0.750000
vt 0.781250 0.250000
vt 0.781250 0.687500
vt 0.765625 1.000000
vt 0.765625 0.000000
s 0
f 478/1/1 18/4/1 17/3/1 6/2/1
f 2/5/2 11/8/2 10/7/2 475/6/2
f 7/9/3 19/10/3 18/4/3 478/1/3
f 476/11/4 12/12/4 11/8/4 2/5/4
f 479/13/5 20/14/5 19/10/5 7/9/5
f 3/15/6 13/16/6 12/12/6 476/11/6
f 480/17/7 21/18/7 20/14/7 479/13/7
f 477/19/8 14/20/8 13/16/8 3/15/8
f 481/21/9 22/22/9 21/18/9 480/17/9
f 4/23/10 15/24/10 14/20/10 477/19/10
f 482/25/11 23/26/11 22/22/11 481/21/11
f 5/27/12 16/28/12 15/24/12 4/23/12
f 474/29/13 9/31/13 1/30/13
f 8/32/14 23/26/14 482/25/14
f 6/2/15 17/3/15 16/28/15 5/27/15
f 475/6/16 10/7/16 9/31/16 474/29/16
f 17/3/17 32/34/17 31/33/17 16/28/17
f 10/7/18 25/36/18 24/35/18 9/31/18
f 18/4/19 33/37/19 32/34/19 17/3/19
f 11/8/20 26/38/20 25/36/20 10/7/20
f 19/10/21 34/39/21 33/37/21 18/4/21
f 12/12/22 27/40/22 26/38/22 11/8/22
f 20/14/23 35/41/23 34/39/23 19/10/23
f 13/16/24 28/42/24 27/40/24 12/12/24
f 21/18/25 36/43/25 35/41/25 20/14/25
f 14/20/26 29/44/26 28/42/26 13/16/26
f 22/22/27 37/45/27 36/43/27 21/18/27
f 15/24/28 30/46/28 29/44/28 14/20/28
f 23/26/29 38/47/29 37/45/29 22/22/29
f 16/28/30 31/33/30 30/46/30 15/24/30
f 9/31/31 24/35/31 1/48/31
f 8/49/32 38/47/32 23/26/32
f 36/43/33 51/51/33 50/50/33 35/41/33
f 29/44/34 44/53/34 43/52/34 28/42/34
f 37/45/35 52/54/35 51/51/35 36/43/35
f 30/46/36 45/55/36 44/53/36 29/44/36
f 38/47/37 53/56/37 52/54/37 37/45/37
f 31/33/38 46/57/38 45/55/38 30/46/38
f 24/35/39 39/59/39 1/58/39
f 8/60/40 53/56/40 38/47/40
f 32/34/41 47/61/41 46/57/41 31/33/41
f 25/36/42 40/62/42 39/59/42 24/35/42
f 33/37/43 48/63/43 47/61/43 32/34/43
f 26/38/44 41/64/44 40/62/44 25/36/44
f 34/39/45 49/65/45 48/63/45 33/37/45
f 27/40/46 42/66/46 41/64/46 26/38/46
f 35/41/47 50/50/47 49/65/47 34/39/47
f 28/42/48 43/52/48 42/66/48 27/40/48
f 40/62/49 55/68/49 54/67/49 39/59/49
f 48/63/50 63/70/50 62/69/50 47/61/50
f 41/64/51 56/71/51 55/68/51 40/62/51
f 49/65/52 64/72/52 63/70/52 48/63/52
f 42/66/53 57/73/53 56/71/53 41/64/53
f 50/50/54 65/74/54 64/72/54 49/65/54
f 43/52/55 58/75/55 57/73/55 42/66/55
f 51/51/56 66/76/56 65/74/56 50/50/56
f 44/53/57 59/77/57 58/75/57 43/52/57
f 52/54/58 67/78/58 66/76/58 51/51/58
f 45/55/59 60/79/59 59/77/59 44/53/59
f 53/56/60 68/80/60 67/78/60 52/54/60
f 46/57/61 61/81/61 60/79/61 45/55/61
f 39/59/62 54/67/62 1/82/62
f 8/83/63 68/80/63 53/56/63
f 47/61/64 62/69/64 61/81/64 46/57/64
f 59/77/65 74/85/65 73/84/65 58/75/65
f 67/78/66 82/87/66 81/86/66 66/76/66
f 60/79/67 75/88/67 74/85/67 59/77/67
f 68/80/68 83/89/68 82/87/68 67/78/68
f 61/81/69 76/90/69 75/88/69 60/79/69
f 54/67/70 69/92/70 1/91/70
f 8/93/71 83/89/71 68/80/71
f 62/69/72 77/94/72 76/90/72 61/81/72
f 55/68/73 70/95/73 69/92/73 54/67/73
f 63/70/74 78/96/74 77/94/74 62/69/74
f 56/71/75 71/97/75 70/95/75 55/68/75
f 64/72/76 79/98/76 78/96/76 63/70/76
f 57/73/77 72/99/77 71/97/77 56/71/77
f 65/74/78 80/100/78 79/98/78 64/72/78
f 58/75/79 73/84/79 72/99/79 57/73/79
f 66/76/80 81/86/80 80/100/80 65/74/80
f 78/96/81 93/102/81 92/101/81 77/94/81
f 71/97/82 86/104/82 85/103/82 70/95/82
f 79/98/83 94/105/83 93/102/83 78/96/83
f 72/99/84 87/106/84 86/104/84 71/97/84
f 80/100/85 95/107/85 94/105/85 79/98/85
f 73/84/86 88/108/86 87/106/86 72/99/86
f 81/86/87 96/109/87 95/107/87 80/100/87
f 74/85/88 89/110/88 88/108/88 73/84/88
f 82/87/89 97/111/89 96/109/89 81/86/89
f 75/88/90 90/112/90 89/110/90 74/85/90
f 83/89/91 98/113/91 97/111/91 82/87/91
f 76/90/92 91/114/92 90/112/92 75/88/92
f 69/92/93 84/116/93 1/115/93
f 8/117/94 98/113/94 83/89/94
f 77/94/95 92/101/95 91/114/95 76/90/95
f 70/95/96 85/103/96 84/116/96 69/92/96
f 97/111/97 112/119/97 111/118/97 96/109/97
f 90/112/98 105/121/98 104/120/98 89/110/98
f 98/113/99 113/122/99 112/119/99 97/111/99
f 91/114/100 106/123/100 105/121/100 90/112/100
f 84/116/101 99/125/101 1/124/101
f 8/126/102 113/122/102 98/113/102
f 92/101/103 107/127/103 106/123/103 91/114/103
f 85/103/104 100/128/104 99/125/104 84/116/104
f 93/102/105 108/129/105 107/127/105 92/101/105
f 86/104/106 101/130/106 100/128/106 85/103/106
f 94/105/107 109/131/107 108/129/107 93/102/107
f 87/106/108 102/132/108 101/130/108 86/104/108
f 95/107/109 110/133/109 109/131/109 94/105/109
f 88/108/110 103/134/110 102/132/110 87/106/110
f 96/109/111 111/118/111 110/133/111 95/107/111
f 89/110/112 104/120/112 103/134/112 88/108/112
f 109/131/113 124/136/113 123/135/113 108/129/113
f 102/132/114 117/138/114 116/137/114 101/130/114
f 110/133/115 125/139/115 124/136/115 109/131/115
f 103/134/116 118/140/116 117/138/116 102/132/116
f 111/118/117 126/141/117 125/139/117 110/133/117
f 104/120/118 119/142/118 118/140/118 103/134/118
f 112/119/119 127/143/119 126/141/119 111/118/119
f 105/121/120 120/144/120 119/142/120 104/120/120
f 113/122/121 128/145/121 127/143/121 112/119/121
f 106/123/122 121/146/122 120/144/122 105/121/122
f 99/125/123 114/148/123 1/147/123
f 8/149/124 128/145/124 113/122/124
f 107/127/125 122/150/125 121/146/125 106/123/125
f 100/128/126 115/151/126 114/148/126 99/125/126
f 108/129/127 123/135/127 122/150/127 107/127/127
f 101/130/128 116/137/128 115/151/128 100/128/128
f 128/145/129 143/153/129 142/152/129 127/143/129
f 121/146/130 136/155/130 135/154/130 120/144/130
f 114/148/131 129/157/131 1/156/131
f 8/158/132 143/153/132 128/145/132
f 122/150/133 137/159/133 136/155/133 121/146/133
f 115/151/134 130/160/134 129/157/134 114/148/134
f 123/135/135 138/161/135 137/159/135 122/150/135
f 116/137/136 131/162/136 130/160/136 115/151/136
f 124/136/137 139/163/137 138/161/137 123/135/137
f 117/138/138 132/164/138 131/162/138 116/137/138
f 125/139/139 140/165/139 139/163/139 124/136/139
f 118/140/140 133/166/140 132/164/140 117/138/140
f 126/141/141 141/167/141 140/165/141 125/139/141
f 119/142/142 134/168/142 133/166/142 118/140/142
f 127/143/143 142/152/143 141/167/143 126/141/143
f 120/144/144 135/154/144 134/168/144 119/142/144
f 132/164/145 147/170/145 146/169/145 131/162/145
f 140/165/146 155/172/146 154/171/146 139/163/146
f 133/166/147 148/173/147 147/170/147 132/164/147
f 141/167/148 156/174/148 155/172/148 140/165/148
f 134/168/149 149/175/149 148/173/149 133/166/149
f 142/152/150 157/176/150 156/174/150 141/167/150
f 135/154/151 150/177/151 149/175/151 134/168/151
f 143/153/152 158/178/152 157/176/152 142/152/152
f 136/155/153 151/179/153 150/177/153 135/154/153
f 129/157/154 144/181/154 1/180/154
f 8/182/155 158/178/155 143/153/155
f 137/159/156 152/183/156 151/179/156 136/155/156
f 130/160/157 145/184/157 144/181/157 129/157/157
f 138/161/158 153/185/158 152/183/158 137/159/158
f 131/162/159 146/169/159 145/184/159 130/160/159
f 139/163/160 154/171/160 153/185/160 138/161/160
f 151/179/161 166/187/161 165/186/161 150/177/161
f 144/181/162 159/189/162 1/188/162
f 8/190/163 173/191/163 158/178/163
f 152/183/164 167/192/164 166/187/164 151/179/164
f 145/184/165 160/193/165 159/189/165 144/181/165
f 153/185/166 168/194/166 167/192/166 152/183/166
f 146/169/167 161/195/167 160/193/167 145/184/167
f 154/171/168 169/196/168 168/194/168 153/185/168
f 147/170/169 162/197/169 161/195/169 146/169/169
f 155/172/170 170/198/170 169/196/170 154/171/170
f 148/173/171 163/199/171 162/197/171 147/170/171
f 156/174/172 171/200/172 170/198/172 155/172/172
f 149/175/173 164/201/173 163/199/173 148/173/173
f 157/176/174 172/202/174 171/200/174 156/174/174
f 150/177/175 165/186/175 164/201/175 149/175/175
f 158/178/176 173/191/176 172/202/176 157/176/176
f 170/198/177 185/204/177 184/203/177 169/196/177
f 163/199/178 178/206/178 177/205/178 162/197/178
f 171/200/179 186/207/179 185/204/179 170/198/179
f 164/201/180 179/208/180 178/206/180 163/199/180
f 172/202/181 187/209/181 186/207/181 171/200/181
f 165/186/182 180/210/182 179/208/182 164/201/182
f 173/191/183 188/211/183 187/209/183 172/202/183
f 166/187/184 181/212/184 180/210/184 165/186/184
f 159/189/185 174/214/185 1/213/185
f 8/215/186 188/211/186 173/191/186
f 167/192/187 182/216/187 181/212/187 166/187/187
f 160/193/188 175/217/188 174/214/188 159/189/188
f 168/194/189 183/218/189 182/216/189 167/192/189
f 161/195/190 176/219/190 175/217/190 160/193/190
f 169/196/191 184/203/191 183/218/191 168/194/191
f 162/197/192 177/205/192 176/219/192 161/195/192
f 174/214/193 189/221/193 1/220/193
f 8/222/194 203/223/194 188/211/194
f 182/216/195 197/225/195 196/224/195 181/212/195
f 175/217/196 190/226/196 189/221/196 174/214/196
f 183/218/197 198/227/197 197/225/197 182/216/197
f 176/219/198 191/228/198 190/226/198 175/217/198
f 184/203/199 199/229/199 198/227/199 183/218/199
f 177/205/200 192/230/200 191/228/200 176/219/200
f 185/204/201 200/231/201 199/229/201 184/203/201
f 178/206/202 193/232/202 192/230/202 177/205/202
f 186/207/203 201/233/203 200/231/203 185/204/203
f 179/208/204 194/234/204 193/232/204 178/206/204
f 187/209/205 202/235/205 201/233/205 186/207/205
f 180/210/206 195/236/206 194/234/206 179/208/206
f 188/211/207 203/223/207 202/235/207 187/209/207
f 181/212/208 196/224/208 195/236/208 180/210/208
f 193/232/209 208/238/209 207/237/209 192/230/209
f 201/233/210 216/240/210 215/239/210 200/231/210
f 194/234/211 209/241/211 208/238/211 193/232/211
f 202/235/212 217/242/212 216/240/212 201/233/212
f 195/236/213 210/243/213 209/241/213 194/234/213
f 203/223/214 218/244/214 217/242/214 202/235/214
f 196/224/215 211/245/215 210/243/215 195/236/215
f 189/221/216 204/247/216 1/246/216
f 8/248/217 218/244/217 203/223/217
f 197/225/218 212/249/218 211/245/218 196/224/218
f 190/226/219 205/250/219 204/247/219 189/221/219
f 198/227/220 213/251/220 212/249/220 197/225/220
f 191/228/221 206/252/221 205/250/221 190/226/221
f 199/229/222 214/253/222 213/251/222 198/227/222
f 192/230/223 207/237/223 206/252/223 191/228/223
f 200/231/224 215/239/224 214/253/224 199/229/224
f 212/249/225 227/255/225 226/254/225 211/245/225
f 205/250/226 220/257/226 219/256/226 204/247/226
f 213/251/227 228/258/227 227/255/227 212/249/227
f 206/252/228 221/259/228 220/257/228 205/250/228
f 214/253/229 229/260/229 228/258/229 213/251/229
f 207/237/230 222/261/230 221/259/230 206/252/230
f 215/239/231 230/262/231 229/260/231 214/253/231
f 208/238/232 223/263/232 222/261/232 207/237/232
f 216/240/233 231/264/233 230/262/233 215/239/233
f 209/241/234 224/265/234 223/263/234 208/238/234
f 217/242/235 232/266/235 231/264/235 216/240/235
f 210/243/236 225/267/236 224/265/236 209/241/236
f 218/244/237 233/268/237 232/266/237 217/242/237
f 211/245/238 226/254/238 225/267/238 210/243/238
f 204/247/239 219/256/239 1/269/239
f 8/270/240 233/268/240 218/244/240
f 231/264/241 246/272/241 245/271/241 230/262/241
f 224/265/242 239/274/242 238/273/242 223/263/242
f 232/266/243 247/275/243 246/272/243 231/264/243
f 225/267/244 240/276/244 239/274/244 224/265/244
f 233/268/245 248/277/245 247/275/245 232/266/245
f 226/254/246 241/278/246 240/276/246 225/267/246
f 219/256/247 234/280/247 1/279/247
f 8/281/248 248/277/248 233/268/248
f 227/255/249 242/282/249 241/278/249 226/254/249
f 220/257/250 235/283/250 234/280/250 219/256/250
f 228/258/251 243/284/251 242/282/251 227/255/251
f 221/259/252 236/285/252 235/283/252 220/257/252
f 229/260/253 244/286/253 243/284/253 228/258/253
f 222/261/254 237/287/254 236/285/254 221/259/254
f 230/262/255 245/271/255 244/286/255 229/260/255
f 223/263/256 238/273/256 237/287/256 222/261/256
f 243/284/257 258/289/257 257/288/257 242/282/257
f 236/285/258 251/291/258 250/290/258 235/283/258
f 244/286/259 259/292/259 258/289/259 243/284/259
f 237/287/260 252/293/260 251/291/260 236/285/260
f 245/271/261 260/294/261 259/292/261 244/286/261
f 238/273/262 253/295/262 252/293/262 237/287/262
f 246/272/263 261/296/263 260/294/263 245/271/263
f 239/274/264 254/297/264 253/295/264 238/273/264
f 247/275/265 262/298/265 261/296/265 246/272/265
f 240/276/266 255/299/266 254/297/266 239/274/266
f 248/277/267 263/300/267 262/298/267 247/275/267
f 241/278/268 256/301/268 255/299/268 240/276/268
f 234/280/269 249/303/269 1/302/269
f 8/304/270 263/300/270 248/277/270
f 242/282/271 257/288/271 256/301/271 241/278/271
f 235/283/272 250/290/272 249/303/272 234/280/272
f 262/298/273 277/306/273 276/305/273 261/296/273
f 255/299/274 270/308/274 269/307/274 254/297/274
f 263/300/275 278/309/275 277/306/275 262/298/275
f 256/301/276 271/310/276 270/308/276 255/299/276
f 249/303/277 264/312/277 1/311/277
f 8/313/278 278/309/278 263/300/278
f 257/288/279 272/314/279 271/310/279 256/301/279
f 250/290/280 265/315/280 264/312/280 249/303/280
f 258/289/281 273/316/281 272/314/281 257/288/281
f 251/291/282 266/317/282 265/315/282 250/290/282
f 259/292/283 274/318/283 273/316/283 258/289/283
f 252/293/284 267/319/284 266/317/284 251/291/284
f 260/294/285 275/320/285 274/318/285 259/292/285
f 253/295/286 268/321/286 267/319/286 252/293/286
f 261/296/287 276/305/287 275/320/287 260/294/287
f 254/297/288 269/307/288 268/321/288 253/295/288
f 266/317/289 281/323/289 280/322/289 265/315/289
f 274/318/290 289/325/290 288/324/290 273/316/290
f 267/319/291 282/326/291 281/323/291 266/317/291
f 275/320/292 290/327/292 289/325/292 274/318/292
f 268/321/293 283/328/293 282/326/293 267/319/293
f 276/305/294 291/329/294 290/327/294 275/320/294
f 269/307/295 284/330/295 283/328/295 268/321/295
f 277/306/296 292/331/296 291/329/296 276/305/296
f 270/308/297 285/332/297 284/330/297 269/307/297
f 278/309/298 293/333/298 292/331/298 277/306/298
f 271/310/299 286/334/299 285/332/299 270/308/299
f 264/312/300 279/336/300 1/335/300
f 8/337/301 293/333/301 278/309/301
f 272/314/302 287/338/302 286/334/302 271/310/302
f 265/315/303 280/322/303 279/336/303 264/312/303
f 273/316/304 288/324/304 287/338/304 272/314/304
f 285/332/305 300/340/305 299/339/305 284/330/305
f 293/333/306 308/342/306 307/341/306 292/331/306
f 286/334/307 301/343/307 300/340/307 285/332/307
f 279/336/308 294/345/308 1/344/308
f 8/346/309 308/342/309 293/333/309
f 287/338/310 302/347/310 301/343/310 286/334/310
f 280/322/311 295/348/311 294/345/311 279/336/311
f 288/324/312 303/349/312 302/347/312 287/338/312
f 281/323/313 296/350/313 295/348/313 280/322/313
f 289/325/314 304/351/314 303/349/314 288/324/314
f 282/326/315 297/352/315 296/350/315 281/323/315
f 290/327/316 305/353/316 304/351/316 289/325/316
f 283/328/317 298/354/317 297/352/317 282/326/317
f 291/329/318 306/355/318 305/353/318 290/327/318
f 284/330/319 299/339/319 298/354/319 283/328/319
f 292/331/320 307/341/320 306/355/320 291/329/320
f 304/351/321 319/357/321 318/356/321 303/349/321
f 297/352/322 312/359/322 311/358/322 296/350/322
f 305/353/323 320/360/323 319/357/323 304/351/323
f 298/354/324 313/361/324 312/359/324 297/352/324
f 306/355/325 321/362/325 320/360/325 305/353/325
f 299/339/326 314/363/326 313/361/326 298/354/326
f 307/341/327 322/364/327 321/362/327 306/355/327
f 300/340/328 315/365/328 314/363/328 299/339/328
f 308/342/329 323/366/329 322/364/329 307/341/329
f 301/343/330 316/367/330 315/365/330 300/340/330
f 294/345/331 309/369/331 1/368/331
f 8/370/332 323/366/332 308/342/332
f 302/347/333 317/371/333 316/367/333 301/343/333
f 295/348/334 310/372/334 309/369/334 294/345/334
f 303/349/335 318/356/335 317/371/335 302/347/335
f 296/350/336 311/358/336 310/372/336 295/348/336
f 323/366/337 338/374/337 337/373/337 322/364/337
f 316/367/338 331/376/338 330/375/338 315/365/338
f 309/369/339 324/378/339 1/377/339
f 8/379/340 338/374/340 323/366/340
f 317/371/341 332/380/341 331/376/341 316/367/341
f 310/372/342 325/381/342 324/378/342 309/369/342
f 318/356/343 333/382/343 332/380/343 317/371/343
f 311/358/344 326/383/344 325/381/344 310/372/344
f 319/357/345 334/384/345 333/382/345 318/356/345
f 312/359/346 327/385/346 326/383/346 311/358/346
f 320/360/347 335/386/347 334/384/347 319/357/347
f 313/361/348 328/387/348 327/385/348 312/359/348
f 321/362/349 336/388/349 335/386/349 320/360/349
f 314/363/350 329/389/350 328/387/350 313/361/350
f 322/364/351 337/373/351 336/388/351 321/362/351
f 315/365/352 330/375/352 329/389/352 314/363/352
f 327/385/353 342/391/353 341/390/353 326/383/353
f 335/386/354 350/393/354 349/392/354 334/384/354
f 328/387/355 343/394/355 342/391/355 327/385/355
f 336/388/356 351/395/356 350/393/356 335/386/356
f 329/389/357 344/396/357 343/394/357 328/387/357
f 337/373/358 352/397/358 351/395/358 336/388/358
f 330/375/359 345/398/359 344/396/359 329/389/359
f 338/374/360 353/399/360 352/397/360 337/373/360
f 331/376/361 346/400/361 345/398/361 330/375/361
f 324/378/362 339/402/362 1/401/362
f 8/403/363 353/399/363 338/374/363
f 332/380/364 347/404/364 346/400/364 331/376/364
f 325/381/365 340/405/365 339/402/365 324/378/365
f 333/382/366 348/406/366 347/404/366 332/380/366
f 326/383/367 341/390/367 340/405/367 325/381/367
f 334/384/368 349/392/368 348/406/368 333/382/368
f 346/400/369 361/408/369 360/407/369 345/398/369
f 339/402/370 354/410/370 1/409/370
f 8/411/371 368/412/371 353/399/371
f 347/404/372 362/413/372 361/408/372 346/400/372
f 340/405/373 355/414/373 354/410/373 339/402/373
f 348/406/374 363/415/374 362/413/374 347/404/374
f 341/390/375 356/416/375 355/414/375 340/405/375
f 349/392/376 364/417/376 363/415/376 348/406/376
f 342/391/377 357/418/377 356/416/377 341/390/377
f 350/393/378 365/419/378 364/417/378 349/392/378
f 343/394/379 358/420/379 357/418/379 342/391/379
f 351/395/380 366/421/380 365/419/380 350/393/380
f 344/396/381 359/422/381 358/420/381 343/394/381
f 352/397/382 367/423/382 366/421/382 351/395/382
f 345/398/383 360/407/383 359/422/383 344/396/383
f 353/399/384 368/412/384 367/423/384 352/397/384
f 365/424/385 380/427/385 379/426/385 364/425/385
f 358/428/386 373/431/386 372/430/386 357/429/386
f 366/432/387 381/433/387 380/427/387 365/424/387
f 359/434/388 374/435/388 373/431/388 358/428/388
f 367/436/389 382/437/389 381/433/389 366/432/389
f 360/438/390 375/439/390 374/435/390 359/434/390
f 368/440/391 383/441/391 382/437/391 367/436/391
f 361/442/392 376/443/392 375/439/392 360/438/392
f 354/444/393 369/446/393 1/445/393
f 8/447/394 383/441/394 368/440/394
f 362/448/395 377/449/395 376/443/395 361/442/395
f 355/450/396 370/451/396 369/446/396 354/444/396
f 363/452/397 378/453/397 377/449/397 362/448/397
f 356/454/398 371/455/398 370/451/398 355/450/398
f 364/425/399 379/426/399 378/453/399 363/452/399
f 357/429/400 372/430/400 371/455/400 356/454/400
f 8/456/401 398/457/401 383/441/401
f 377/449/402 392/459/402 391/458/402 376/443/402
f 370/451/403 385/461/403 384/460/403 369/446/403
f 378/453/404 393/462/404 392/459/404 377/449/404
f 371/455/405 386/463/405 385/461/405 370/451/405
f 379/426/406 394/464/406 393/462/406 378/453/406
f 372/430/407 387/465/407 386/463/407 371/455/407
f 380/427/408 395/466/408 394/464/408 379/426/408
f 373/431/409 388/467/409 387/465/409 372/430/409
f 381/433/410 396/468/410 395/466/410 380/427/410
f 374/435/411 389/469/411 388/467/411 373/431/411
f 382/437/412 397/470/412 396/468/412 381/433/412
f 375/439/413 390/471/413 389/469/413 374/435/413
f 383/441/414 398/457/414 397/470/414 382/437/414
f 376/443/415 391/458/415 390/471/415 375/439/415
f 369/446/416 384/460/416 1/472/416
f 396/468/417 411/474/417 410/473/417 395/466/417
f 389/469/418 404/476/418 403/475/418 388/467/418
f 397/470/419 412/477/419 411/474/419 396/468/419
f 390/471/420 405/478/420 404/476/420 389/469/420
f 398/457/421 413/479/421 412/477/421 397/470/421
f 391/458/422 406/480/422 405/478/422 390/471/422
f 384/460/423 399/482/423 1/481/423
f 8/483/424 413/479/424 398/457/424
f 392/459/425 407/484/425 406/480/425 391/458/425
f 385/461/426 400/485/426 399/482/426 384/460/426
f 393/462/427 408/486/427 407/484/427 392/459/427
f 386/463/428 401/487/428 400/485/428 385/461/428
f 394/464/429 409/488/429 408/486/429 393/462/429
f 387/465/430 402/489/430 401/487/430 386/463/430
f 395/466/431 410/473/431 409/488/431 394/464/431
f 388/467/432 403/475/432 402/489/432 387/465/432
f 400/485/433 415/491/433 414/490/433 399/482/433
f 408/486/434 423/493/434 422/492/434 407/484/434
f 401/487/435 416/494/435 415/491/435 400/485/435
f 409/488/436 424/495/436 423/493/436 408/486/436
f 402/489/437 417/496/437 416/494/437 401/487/437
f 410/473/438 425/497/438 424/495/438 409/488/438
f 403/475/439 418/498/439 417/496/439 402/489/439
f 411/474/440 426/499/440 425/497/440 410/473/440
f 404/476/441 419/500/441 418/498/441 403/475/441
f 412/477/442 427/501/442 426/499/442 411/474/442
f 405/478/443 420/502/443 419/500/443 404/476/443
f 413/479/444 428/503/444 427/501/444 412/477/444
f 406/480/445 421/504/445 420/502/445 405/478/445
f 399/482/446 414/490/446 1/505/446
f 8/506/447 428/503/447 413/479/447
f 407/484/448 422/492/448 421/504/448 406/480/448
f 419/500/449 434/508/449 433/507/449 418/498/449
f 427/501/450 442/510/450 441/509/450 426/499/450
f 420/502/451 435/511/451 434/508/451 419/500/451
f 428/503/452 443/512/452 442/510/452 427/501/452
f 421/504/453 436/513/453 435/511/453 420/502/453
f 414/490/454 429/515/454 1/514/454
f 8/516/455 443/512/455 428/503/455
f 422/492/456 437/517/456 436/513/456 421/504/456
f 415/491/457 430/518/457 429/515/457 414/490/457
f 423/493/458 438/519/458 437/517/458 422/492/458
f 416/494/459 431/520/459 430/518/459 415/491/459
f 424/495/460 439/521/460 438/519/460 423/493/460
f 417/496/461 432/522/461 431/520/461 416/494/461
f 425/497/462 440/523/462 439/521/462 424/495/462
f 418/498/463 433/507/463 432/522/463 417/496/463
f 426/499/464 441/509/464 440/523/464 425/497/464
f 438/519/465 453/525/465 452/524/465 437/517/465
f 431/520/466 446/527/466 445/526/466 430/518/466
f 439/521/467 454/528/467 453/525/467 438/519/467
f 432/522/468 447/529/468 446/527/468 431/520/468
f 440/523/469 455/530/469 454/528/469 439/521/469
f 433/507/470 448/531/470 447/529/470 432/522/470
f 441/509/471 456/532/471 455/530/471 440/523/471
f 434/508/472 449/533/472 448/531/472 433/507/472
f 442/510/473 457/534/473 456/532/473 441/509/473
f 435/511/474 450/535/474 449/533/474 434/508/474
f 443/512/475 458/536/475 457/534/475 442/510/475
f 436/513/476 451/537/476 450/535/476 435/511/476
f 429/515/477 444/539/477 1/538/477
f 8/540/478 458/536/478 443/512/478
f 437/517/479 452/524/479 451/537/479 436/513/479
f 430/518/480 445/526/480 444/539/480 429/515/480
f 457/534/481 472/542/481 471/541/481 456/532/481
f 450/535/482 465/544/482 464/543/482 449/533/482
f 458/536/483 473/545/483 472/542/483 457/534/483
f 451/537/484 466/546/484 465/544/484 450/535/484
f 444/539/485 459/548/485 1/547/485
f 8/549/486 473/545/486 458/536/486
f 452/524/487 467/550/487 466/546/487 451/537/487
f 445/526/488 460/551/488 459/548/488 444/539/488
f 453/525/489 468/552/489 467/550/489 452/524/489
f 446/527/490 461/553/490 460/551/490 445/526/490
f 454/528/491 469/554/491 468/552/491 453/525/491
f 447/529/492 462/555/492 461/553/492 446/527/492
f 455/530/493 470/556/493 469/554/493 454/528/493
f 448/531/494 463/557/494 462/555/494 447/529/494
f 456/532/495 471/541/495 470/556/495 455/530/495
f 449/533/496 464/543/496 463/557/496 448/531/496
f 461/553/497 2/5/497 475/6/497 460/551/497
f 469/554/498 7/9/498 478/1/498 468/552/498
f 462/555/499 476/11/499 2/5/499 461/553/499
f 470/556/500 479/13/500 7/9/500 469/554/500
f 463/557/501 3/15/501 476/11/501 462/555/501
f 471/541/502 480/17/502 479/13/502 470/556/502
f 464/543/503 477/19/503 3/15/503 463/557/503
f 472/542/504 481/21/504 480/17/504 471/541/504
f 465/544/505 4/23/505 477/19/505 464/543/505
f 473/545/506 482/25/506 481/21/506 472/542/506
f 466/546/507 5/27/507 4/23/507 465/544/507
f 459/548/508 474/29/508 1/558/508
f 8/559/509 482/25/509 473/545/509
f 467/550/510 6/2/510 5/27/510 466/546/510
f 460/551/511 475/6/511 474/29/511 459/548/511
f 468/552/512 478/1/512 6/2/512 467/550/512
o corpo
v 0.000000 0.895972 0.000000
v 0.000000 0.744973 -0.555570
v 0.000000 0.497775 -0.831470
v 0.000000 0.174795 -0.980785
v 0.000000 0.000000 -1.000000
v 0.000000 -0.174795 -0.980785
v 0.000000 -0.497775 -0.831470
v 0.000000 -0.895972 0.000000
v 0.038060 0.878756 -0.191342
v 0.074658 0.827770 -0.375330
v 0.108386 0.744973 -0.544895
v 0.137950 0.633548 -0.693520
v 0.162212 0.497775 -0.815493
v 0.180240 0.342874 -0.906127
v 0.191342 0.174795 -0.961940
v 0.195090 0.000000 -0.980785
v 0.191342 -0.174795 -0.961940
v 0.180240 -0.342874 -0.906127
v 0.162212 -0.497775 -0.815493
v 0.137950 -0.633548 -0.693520
v 0.108386 -0.744973 -0.544895
v 0.074658 -0.827770 -0.375330
v 0.038060 -0.878756 -0.191342
v 0.074658 0.878756 -0.180240
v 0.146447 0.827770 -0.353553
v 0.212608 0.744973 -0.513280
v 0.270598 0.633548 -0.653281
v 0.318190 0.497775 -0.768178
v 0.353553 0.342874 -0.853553
v 0.375330 0.174795 -0.906127
v 0.382683 0.000000 -0.923879
v 0.375330 -0.174795 -0.906127
v 0.353553 -0.342874 -0.853553
v 0.318190 -0.497775 -0.768178
v 0.270598 -0.633548 -0.653281
v 0.212608 -0.744973 -0.513280
v 0.146447 -0.827770 -0.353553
v 0.074658 -0.878756 -0.180240
v 0.108386 0.878756 -0.162212
v 0.212608 0.827770 -0.318190
v 0.308658 0.744973 -0.461940
v 0.392847 0.633548 -0.587938
v 0.461940 0.497775 -0.691342
v 0.513280 0.342874 -0.768178
v 0.544895 0.174795 -0.815493
v 0.555570 0.000000 -0.831469
v 0.544895 -0.174795 -0.815493
v 0.513280 -0.342874 -0.768178
v 0.461940 -0.497775 -0.691342
v 0.392847 -0.633548 -0.587938
v 0.308658 -0.744973 -0.461940
v 0.212608 -0.827770 -0.318190
v 0.108386 -0.878756 -0.162212
v 0.137950 0.878756 -0.137950
v 0.270598 0.827770 -0.270598
v 0.392847 0.744973 -0.392847
v 0.500000 0.633548 -0.500000
v 0.587938 0.497775 -0.587938
v 0.653281 0.342874 -0.653281
v 0.693520 0.174795 -0.693520
v 0.707107 0.000000 -0.707107
v 0.693520 -0.174795 -0.693520
v 0.653281 -0.342874 -0.653281
v 0.587938 -0.497775 -0.587938
v 0.500000 -0.633548 -0.500000
v 0.392847 -0.744973 -0.392847
v 0.270598 -0.827770 -0.270598
v 0.137950 -0.878756 -0.137950
v 0.162212 0.878756 -0.108386
v 0.318190 0.827770 -0.212608
v 0.461940 0.744973 -0.308658
v 0.587938 0.633548 -0.392847
v 0.691342 0.497775 -0.461940
v 0.768178 0.342874 -0.513280
v 0.815493 0.174795 -0.544895
v 0.831470 0.000000 -0.555570
v 0.815493 -0.174795 -0.544895
v 0.768178 -0.342874 -0.513280
v 0.691342 -0.497775 -0.461940
v 0.587938 -0.633548 -0.392847
v 0.461940 -0.744973 -0.308658
v 0.318190 -0.827770 -0.212608
v 0.162212 -0.878756 -0.108386
v 0.180240 0.878756 -0.074658
v 0.353553 0.827770 -0.146447
v 0.513280 0.744973 -0.212607
v 0.653281 0.633548 -0.270598
v 0.768178 0.497775 -0.318190
v 0.853553 0.342874 -0.353553
v 0.906127 0.174795 -0.375330
v 0.923879 0.000000 -0.382683
v 0.906127 -0.174795 -0.375330
v 0.853553 -0.342874 -0.353553
v 0.768178 -0.497775 -0.318190
v 0.653281 -0.633548 -0.270598
v 0.513280 -0.744973 -0.212607
v 0.353553 -0.827770 -0.146447
v 0.180240 -0.878756 -0.074658
v 0.191342 0.878756 -0.038060
v 0.375330 0.827770 -0.074658
v 0.544895 0.744973 -0.108386
v 0.693520 0.633548 -0.137950
v 0.815493 0.497775 -0.162212
v 0.906127 0.342874 -0.180240
v 0.961940 0.174795 -0.191342
v 0.980785 0.000000 -0.195090
v 0.961940 -0.174795 -0.191342
v 0.906127 -0.342874 -0.180240
v 0.815493 -0.497775 -0.162212
v 0.693520 -0.633548 -0.137950
v 0.544895 -0.744973 -0.108386
v 0.375330 -0.827770 -0.074658
v 0.191342 -0.878756 -0.038060
v 0.195090 0.878756 0.000000
v 0.382683 0.827770 0.000000
v 0.555570 0.744973 0.000000
v 0.707107 0.633548 -0.000000
v 0.831469 0.497775 0.000000
v 0.923879 0.342874 -0.000000
v 0.980785 0.174795 0.000000
v 1.000000 0.000000 0.000000
v 0.980785 -0.174795 0.000000
v 0.923879 -0.342874 -0.000000
v 0.831469 -0.497775 0.000000
v 0.707107 -0.633548 -0.000000
v 0.555570 -0.744973 0.000000
v 0.382683 -0.827770 0.000000
v 0.195090 -0.878756 0.000000
v 0.191342 0.878756 0.038060
v 0.375330 0.827770 0.074658
v 0.544895 0.744973 0.108386
v 0.693520 0.633548 0.137950
v 0.815493 0.497775 0.162212
v 0.906127 0.342874 0.180240
v 0.961940 0.174795 0.191342
v 0.980785 0.000000 0.195090
v 0.961940 -0.174795 0.191342
v 0.906127 -0.342874 0.180240
v 0.815493 -0.497775 0.162212
v 0.693520 -0.633548 0.137950
v 0.544895 -0.744973 0.108386
v 0.375330 -0.827770 0.074658
v 0.191342 -0.878756 0.038060
v 0.180240 0.878756 0.074658
v 0.353553 0.827770 0.146447
v 0.513280 0.744973 0.212608
v 0.653281 0.633548 0.270598
v 0.768178 0.497775 0.318190
v 0.853553 0.342874 0.353553
v 0.906127 0.174795 0.375330
v 0.923879 0.000000 0.382683
v 0.906127 -0.174795 0.375330
v 0.853553 -0.342874 0.353553
v 0.768178 -0.497775 0.318190
v 0.653281 -0.633548 0.270598
v 0.513280 -0.744973 0.212608
v 0.353553 -0.827770 0.146447
v 0.180240 -0.878756 0.074658
v 0.162212 0.878756 0.108386
v 0.318190 0.827770 0.212608
v 0.461940 0.744973 0.308658
v 0.587938 0.633548 0.392847
v 0.691341 0.497775 0.461940
v 0.768178 0.342874 0.513280
v 0.815493 0.174795 0.544895
v 0.831469 0.000000 0.555570
v 0.815493 -0.174795 0.544895
v 0.768178 -0.342874 0.513280
v 0.691341 -0.497775 0.461940
v 0.587938 -0.633548 0.392847
v 0.461940 -0.744973 0.308658
v 0.318190 -0.827770 0.212608
v 0.162212 -0.878756 0.108386
v 0.137950 0.878756 0.137950
v 0.270598 0.827770 0.270598
v 0.392847 0.744973 0.392847
v 0.500000 0.633548 0.500000
v 0.587938 0.497775 0.587938
v 0.653281 0.342874 0.653281
v 0.693520 0.174795 0.693520
v 0.707106 0.000000 0.707107
v 0.693520 -0.174795 0.693520
v 0.653281 -0.342874 0.653281
v 0.587938 -0.497775 0.587938
v 0.500000 -0.633548 0.500000
v 0.392847 -0.744973 0.392847
v 0.270598 -0.827770 0.270598
v 0.137950 -0.878756 0.137950
v 0.108386 0.878756 0.162212
v 0.212607 0.827770 0.318190
v 0.308658 0.744973 0.461940
v 0.392847 0.633548 0.587938
v 0.461940 0.497775 0.691342
v 0.513280 0.342874 0.768178
v 0.544895 0.174795 0.815493
v 0.555570 0.000000 0.831469
v 0.544895 -0.174795 0.815493
v 0.513280 -0.342874 0.768178
v 0.461940 -0.497775 0.691342
v 0.392847 -0.633548 0.587938
v 0.308658 -0.744973 0.461940
v 0.212607 -0.827770 0.318190
v 0.108386 -0.878756 0.162212
v 0.074658 0.878756 0.180240
v 0.146447 0.827770 0.353553
v 0.212607 0.744973 0.513280
v 0.270598 0.633548 0.653281
v 0.318189 0.497775 0.768178
v 0.353553 0.342874 0.853553
v 0.375330 0.174795 0.906127
v 0.382683 0.000000 0.923879
v 0.375330 -0.174795 0.906127
v 0.353553 -0.342874 0.853553
v 0.318189 -0.497775 0.768178
v 0.270598 -0.633548 0.653281
v 0.212607 -0.744973 0.513280
v 0.146447 -0.827770 0.353553
v 0.074658 -0.878756 0.180240
v 0.038060 0.878756 0.191342
v 0.074658 0.827770 0.375330
v 0.108386 0.744973 0.544895
v 0.137950 0.633548 0.693520
v 0.162212 0.497775 0.815493
v 0.180240 0.342874 0.906127
v 0.191342 0.174795 0.961939
v 0.195090 0.000000 0.980785
v 0.191342 -0.174795 0.961939
v 0.180240 -0.342874 0.906127
v 0.162212 -0.497775 0.815493
v 0.137950 -0.633548 0.693520
v 0.108386 -0.744973 0.544895
v 0.074658 -0.827770 0.375330
v 0.038060 -0.878756 0.191342
v -0.000000 0.878756 0.195090
v -0.000000 0.827770 0.382683
v -0.000000 0.744973 0.555570
v -0.000000 0.633548 0.707107
v -0.000000 0.497775 0.831469
v 0.000000 0.342874 0.923879
v -0.000000 0.174795 0.980785
v -0.000000 0.000000 0.999999
v -0.000000 -0.174795 0.980785
v 0.000000 -0.342874 0.923879
v -0.000000 -0.497775 0.831469
v -0.000000 -0.633548 0.707107
v -0.000000 -0.744973 0.555570
v -0.000000 -0.827770 0.382683
v -0.000000 -0.878756 0.195090
v -0.038060 0.878756 0.191342
v -0.074658 0.827770 0.375330
v -0.108386 0.744973 0.544895
v -0.137950 0.633548 0.693520
v -0.162212 0.497775 0.815493
v -0.180240 0.342874 0.906127
v -0.191342 0.174795 0.961939
v -0.195091 0.000000 0.980785
v -0.191342 -0.174795 0.961939
v -0.180240 -0.342874 0.906127
v -0.162212 -0.497775 0.815493
v -0.137950 -0.633548 0.693520
v -0.108386 -0.744973 0.544895
v -0.074658 -0.827770 0.375330
v -0.038060 -0.878756 0.191342
v -0.074658 0.878756 0.180240
v -0.146447 0.827770 0.353553
v -0.212608 0.744973 0.513280
v -0.270598 0.633548 0.653281
v -0.318190 0.497775 0.768177
v -0.353553 0.342874 0.853553
v -0.375330 0.174795 0.906127
v -0.382683 0.000000 0.923879
v -0.375330 -0.174795 0.906127
v -0.353553 -0.342874 0.853553
v -0.318190 -0.497775 0.768177
v -0.270598 -0.633548 0.653281
v -0.212608 -0.744973 0.513280
v -0.146447 -0.827770 0.353553
v -0.074658 -0.878756 0.180240
v -0.108386 0.878756 0.162212
v -0.212608 0.827770 0.318190
v -0.308658 0.744973 0.461939
v -0.392847 0.633548 0.587938
v -0.461940 0.497775 0.691341
v -0.513280 0.342874 0.768178
v -0.544895 0.174795 0.815493
v -0.555570 0.000000 0.831469
v -0.544895 -0.174795 0.815493
v -0.513280 -0.342874 0.768178
v -0.461940 -0.497775 0.691341
v -0.392847 -0.633548 0.587938
v -0.308658 -0.744973 0.461939
v -0.212608 -0.827770 0.318190
v -0.108386 -0.878756 0.162212
v -0.137950 0.878756 0.137950
v -0.270598 0.827770 0.270598
v -0.392847 0.744973 0.392847
v -0.500000 0.633548 0.500000
v -0.587938 0.497775 0.587937
v -0.653281 0.342874 0.653281
v -0.693520 0.174795 0.693520
v -0.707106 0.000000 0.707106
v -0.693520 -0.174795 0.693520
v -0.653281 -0.342874 0.653281
v -0.587938 -0.497775 0.587937
v -0.500000 -0.633548 0.500000
v -0.392847 -0.744973 0.392847
v -0.270598 -0.827770 0.270598
v -0.137950 -0.878756 0.137950
v -0.162212 0.878756 0.108386
v -0.318190 0.827770 0.212607
v -0.461940 0.744973 0.308658
v -0.587938 0.633548 0.392847
v -0.691341 0.497775 0.461939
v -0.768177 0.342874 0.513280
v -0.815493 0.174795 0.544895
v -0.831469 0.000000 0.555569
v -0.815493 -0.174795 0.544895
v -0.768177 -0.342874 0.513280
v -0.691341 -0.497775 0.461939
v -0.587938 -0.633548 0.392847
v -0.461940 -0.744973 0.308658
v -0.318190 -0.827770 0.212607
v -0.162212 -0.878756 0.108386
v -0.180240 0.878756 0.074658
v -0.353553 0.827770 0.146447
v -0.513280 0.744973 0.212607
v -0.653281 0.633548 0.270598
v -0.768177 0.497775 0.318189
v -0.853553 0.342874 0.353553
v -0.906127 0.174795 0.375330
v -0.923879 0.000000 0.382683
v -0.906127 -0.174795 0.375330
v -0.853553 -0.342874 0.353553
v -0.768177 -0.497775 0.318189
v -0.653281 -0.633548 0.270598
v -0.513280 -0.744973 0.212607
v -0.353553 -0.827770 0.146447
v -0.180240 -0.878756 0.074658
v -0.191342 0.878756 0.038060
v -0.375330 0.827770 0.074658
v -0.544895 0.744973 0.108386
v -0.693520 0.633548 0.137950
v -0.815493 0.497775 0.162211
v -0.906127 0.342874 0.180240
v -0.961939 0.174795 0.191341
v -0.980784 0.000000 0.195090
v -0.961939 -0.174795 0.191341
v -0.906127 -0.342874 0.180240
v -0.815493 -0.497775 0.162211
v -0.693520 -0.633548 0.137950
v -0.544895 -0.744973 0.108386
v -0.375330 -0.827770 0.074658
v -0.191342 -0.878756 0.038060
v -0.195090 0.878756 -0.000000
v -0.382683 0.827770 -0.000000
v -0.555570 0.744973 -0.000000
v -0.707107 0.633548 -0.000000
v -0.831469 0.497775 -0.000000
v -0.923879 0.342874 -0.000000
v -0.980785 0.174795 -0.000000
v -0.999999 0.000000 -0.000000
v -0.980785 -0.174795 -0.000000
v -0.923879 -0.342874 -0.000000
v -0.831469 -0.497775 -0.000000
v -0.707107 -0.633548 -0.000000
v -0.555570 -0.744973 -0.000000
v -0.382683 -0.827770 -0.000000
v -0.195090 -0.878756 -0.000000
v -0.191342 0.878756 -0.038060
v -0.375330 0.827770 -0.074658
v -0.544895 0.744973 -0.108386
v -0.693520 0.633548 -0.137950
v -0.815493 0.497775 -0.162212
v -0.906127 0.342874 -0.180240
v -0.961939 0.174795 -0.191342
v -0.980784 0.000000 -0.195091
v -0.961939 -0.174795 -0.191342
v -0.906127 -0.342874 -0.180240
v -0.815493 -0.497775 -0.162212
v -0.693520 -0.633548 -0.137950
v -0.544895 -0.744973 -0.108386
v -0.375330 -0.827770 -0.074658
v -0.191342 -0.878756 -0.038060
v -0.180240 0.878756 -0.074658
v -0.353553 0.827770 -0.146447
v -0.513279 0.744973 -0.212607
v -0.653281 0.633548 -0.270598
v -0.768177 0.497775 -0.318190
v -0.853553 0.342874 -0.353553
v -0.906127 0.174795 -0.375330
v -0.923878 0.000000 -0.382683
v -0.906127 -0.174795 -0.375330
v -0.853553 -0.342874 -0.353553
v -0.768177 -0.497775 -0.318190
v -0.653281 -0.633548 -0.270598
v -0.513279 -0.744973 -0.212607
v -0.353553 -0.827770 -0.146447
v -0.180240 -0.878756 -0.074658
v -0.162212 0.878756 -0.108386
v -0.318189 0.827770 -0.212607
v -0.461939 0.744973 -0.308658
v -0.587938 0.633548 -0.392847
v -0.691341 0.497775 -0.461940
v -0.768177 0.342874 -0.513280
v -0.815493 0.174795 -0.544895
v -0.831468 0.000000 -0.555570
v -0.815493 -0.174795 -0.544895
v -0.768177 -0.342874 -0.513280
v -0.691341 -0.497775 -0.461940
v -0.587938 -0.633548 -0.392847
v -0.461939 -0.744973 -0.308658
v -0.318189 -0.827770 -0.212607
v -0.162212 -0.878756 -0.108386
v -0.137950 0.878756 -0.137950
v -0.270598 0.827770 -0.270598
v -0.392847 0.744973 -0.392847
v -0.500000 0.633548 -0.500000
v -0.587937 0.497775 -0.587938
v -0.653281 0.342874 -0.653281
v -0.693519 0.174795 -0.693520
v -0.707106 0.000000 -0.707106
v -0.693519 -0.174795 -0.693520
v -0.653281 -0.342874 -0.653281
v -0.587937 -0.497775 -0.587938
v -0.500000 -0.633548 -0.500000
v -0.392847 -0.744973 -0.392847
v -0.270598 -0.827770 -0.270598
v -0.137950 -0.878756 -0.137950
v -0.108386 0.878756 -0.162212
v -0.212607 0.827770 -0.318190
v -0.308658 0.744973 -0.461939
v -0.392847 0.633548 -0.587938
v -0.461939 0.497775 -0.691341
v -0.513280 0.342874 -0.768177
v -0.544895 0.174795 -0.815493
v -0.555569 0.000000 -0.831469
v -0.544895 -0.174795 -0.815493
v -0.513280 -0.342874 -0.768177
v -0.461939 -0.497775 -0.691341
v -0.392847 -0.633548 -0.587938
v -0.308658 -0.744973 -0.461939
v -0.212607 -0.827770 -0.318190
v -0.108386 -0.878756 -0.162212
v -0.074658 0.878756 -0.180240
v -0.146446 0.827770 -0.353553
v -0.212607 0.744973 -0.513279
v -0.270598 0.633548 -0.653281
v -0.318189 0.497775 -0.768177
v -0.353553 0.342874 -0.853553
v -0.375330 0.174795 -0.906127
v -0.382683 0.000000 -0.923879
v -0.375330 -0.174795 -0.906127
v -0.353553 -0.342874 -0.853553
v -0.318189 -0.497775 -0.768177
v -0.270598 -0.633548 -0.653281
v -0.212607 -0.744973 -0.513279
v -0.146446 -0.827770 -0.353553
v -0.074658 -0.878756 -0.180240
v -0.038060 0.878756 -0.191342
v -0.074658 0.827770 -0.375330
v -0.108386 0.744973 -0.544895
v -0.137950 0.633548 -0.693520
v -0.162211 0.497775 -0.815493
v -0.180240 0.342874 -0.906127
v -0.191341 0.174795 -0.961939
v -0.195090 0.000000 -0.980784
v -0.191341 -0.174795 -0.961939
v -0.180240 -0.342874 -0.906127
v -0.162211 -0.497775 -0.815493
v -0.137950 -0.633548 -0.693520
v -0.108386 -0.744973 -0.544895
v -0.074658 -0.827770 -0.375330
v -0.038060 -0.878756 -0.191342
v 0.000000 0.878756 -0.195090
v 0.000000 0.827770 -0.382683
v 0.000000 0.633548 -0.707107
v 0.000000 0.342874 -0.923879
v 0.000000 -0.342874 -0.923879
v 0.000000 -0.633548 -0.707107
v 0.000000 -0.744973 -0.555570
v 0.000000 -0.827770 -0.382683
v 0.000000 -0.878756 -0.195090
vn 0.0425 0.9011 -0.4315
vn 0.0843 -0.5105 -0.8557
vn 0.0582 0.8043 -0.5914
vn 0.0724 -0.6737 -0.7355
vn 0.0724 0.6737 -0.7355
vn 0.0582 -0.8043 -0.5914
vn 0.0843 0.5105 -0.8557
vn 0.0425 -0.9011 -0.4315
vn 0.0929 0.3193 -0.9431
vn 0.0258 -0.9647 -0.2622
vn 0.0974 0.1087 -0.9893
vn 0.0087 0.9961 -0.0879
vn 0.0087 -0.9961 -0.0879
vn 0.0974 -0.1087 -0.9893
vn 0.0258 0.9647 -0.2622
vn 0.0929 -0.3193 -0.9431
vn 0.2886 -0.1087 -0.9513
vn 0.0765 0.9647 -0.2521
vn 0.2751 -0.3193 -0.9068
vn 0.1259 0.9011 -0.4150
vn 0.2496 -0.5105 -0.8228
vn 0.1725 0.8043 -0.5687
vn 0.2145 -0.6737 -0.7072
vn 0.2145 0.6737 -0.7072
vn 0.1725 -0.8043 -0.5687
vn 0.2496 0.5105 -0.8228
vn 0.1259 -0.9011 -0.4150
vn 0.2751 0.3193 -0.9068
vn 0.0765 -0.9647 -0.2521
vn 0.2886 0.1087 -0.9513
vn 0.0256 0.9961 -0.0845
vn 0.0256 -0.9961 -0.0845
vn 0.2801 -0.8043 -0.5241
vn 0.4053 0.5105 -0.7583
vn 0.2044 -0.9011 -0.3824
vn 0.4467 0.3193 -0.8358
vn 0.1242 -0.9647 -0.2323
vn 0.4686 0.1087 -0.8767
vn 0.0416 0.9961 -0.0779
vn 0.0416 -0.9961 -0.0779
vn 0.4686 -0.1087 -0.8767
vn 0.1242 0.9647 -0.2323
vn 0.4467 -0.3193 -0.8358
vn 0.2044 0.9011 -0.3824
vn 0.4053 -0.5105 -0.7583
vn 0.2801 0.8043 -0.5241
vn 0.3484 -0.6737 -0.6518
vn 0.3484 0.6737 -0.6518
vn 0.6012 -0.3193 -0.7325
vn 0.2751 0.9011 -0.3352
vn 0.5455 -0.5105 -0.6647
vn 0.3770 0.8043 -0.4594
vn 0.4688 -0.6737 -0.5713
vn 0.4688 0.6737 -0.5713
vn 0.3770 -0.8043 -0.4594
vn 0.5455 0.5105 -0.6647
vn 0.2751 -0.9011 -0.3352
vn 0.6012 0.3193 -0.7325
vn 0.1671 -0.9647 -0.2037
vn 0.6306 0.1087 -0.7684
vn 0.0560 0.9961 -0.0683
vn 0.0560 -0.9961 -0.0683
vn 0.6306 -0.1087 -0.7684
vn 0.1671 0.9647 -0.2037
vn 0.3352 -0.9011 -0.2751
vn 0.7325 0.3193 -0.6012
vn 0.2037 -0.9647 -0.1671
vn 0.7684 0.1087 -0.6306
vn 0.0683 0.9961 -0.0560
vn 0.0683 -0.9961 -0.0560
vn 0.7684 -0.1087 -0.6306
vn 0.2037 0.9647 -0.1671
vn 0.7325 -0.3193 -0.6012
vn 0.3352 0.9011 -0.2751
vn 0.6647 -0.5105 -0.5455
vn 0.4594 0.8043 -0.3770
vn 0.5713 -0.6737 -0.4688
vn 0.5713 0.6737 -0.4688
vn 0.4594 -0.8043 -0.3770
vn 0.6647 0.5105 -0.5455
vn 0.3824 0.9011 -0.2044
vn 0.7583 -0.5105 -0.4053
vn 0.5241 0.8043 -0.2801
vn 0.6518 -0.6737 -0.3484
vn 0.6518 0.6737 -0.3484
vn 0.5241 -0.8043 -0.2801
vn 0.7583 0.5105 -0.4053
vn 0.3824 -0.9011 -0.2044
vn 0.8358 0.3193 -0.4467
vn 0.2323 -0.9647 -0.1242
vn 0.8767 0.1087 -0.4686
vn 0.0779 0.9961 -0.0416
vn 0.0779 -0.9961 -0.0416
vn 0.8767 -0.1087 -0.4686
vn 0.2323 0.9647 -0.1242
vn 0.8358 -0.3193 -0.4467
vn 0.9068 0.3193 -0.2751
vn 0.2521 -0.9647 -0.0765
vn 0.9513 0.1087 -0.2886
vn 0.0845 0.9961 -0.0256
vn 0.0845 -0.9961 -0.0256
vn 0.9513 -0.1087 -0.2886
vn 0.2521 0.9647 -0.0765
vn 0.9068 -0.3193 -0.2751
vn 0.4150 0.9011 -0.1259
vn 0.8228 -0.5105 -0.2496
vn 0.5687 0.8043 -0.1725
vn 0.7072 -0.6737 -0.2145
vn 0.7072 0.6737 -0.2145
vn 0.5687 -0.8043 -0.1725
vn 0.8228 0.5105 -0.2496
vn 0.4150 -0.9011 -0.1259
vn 0.8557 -0.5105 -0.0843
vn 0.5914 0.8043 -0.0582
vn 0.7355 -0.6737 -0.0724
vn 0.7355 0.6737 -0.0724
vn 0.5914 -0.8043 -0.0582
vn 0.8557 0.5105 -0.0843
vn 0.4315 -0.9011 -0.0425
vn 0.9431 0.3193 -0.0929
vn 0.2622 -0.9647 -0.0258
vn 0.9893 0.1087 -0.0974
vn 0.0879 0.9961 -0.0087
vn 0.0879 -0.9961 -0.0087
vn 0.9893 -0.1087 -0.0974
vn 0.2622 0.9647 -0.0258
vn 0.9431 -0.3193 -0.0929
vn 0.4315 0.9011 -0.0425
vn 0.2622 -0.9647 0.0258
vn 0.9893 0.1087 0.0974
vn 0.0879 0.9961 0.0087
vn 0.0879 -0.9961 0.0087
vn 0.9893 -0.1087 0.0974
vn 0.2622 0.9647 0.0258
vn 0.9431 -0.3193 0.0929
vn 0.4315 0.9011 0.0425
vn 0.8557 -0.5105 0.0843
vn 0.5914 0.8043 0.0582
vn 0.7355 -0.6737 0.0724
vn 0.7355 0.6737 0.0724
vn 0.5914 -0.8043 0.0582
vn 0.8557 0.5105 0.0843
vn 0.4315 -0.9011 0.0425
vn 0.9431 0.3193 0.0929
vn 0.5687 0.8043 0.1725
vn 0.7072 -0.6737 0.2145
vn 0.7072 0.6737 0.2145
vn 0.5687 -0.8043 0.1725
vn 0.8228 0.5105 0.2496
vn 0.4150 -0.9011 0.1259
vn 0.9068 0.3193 0.2751
vn 0.2521 -0.9647 0.0765
vn 0.9513 0.1087 0.2886
vn 0.0845 0.9961 0.0256
vn 0.0845 -0.9961 0.0256
vn 0.9513 -0.1087 0.2886
vn 0.2521 0.9647 0.0765
vn 0.9068 -0.3193 0.2751
vn 0.4150 0.9011 0.1259
vn 0.8228 -0.5105 0.2496
vn 0.8767 0.1087 0.4686
vn 0.0779 0.9961 0.0416
vn 0.0779 -0.9961 0.0416
vn 0.8767 -0.1087 0.4686
vn 0.2323 0.9647 0.1242
vn 0.8358 -0.3193 0.4467
vn 0.3824 0.9011 0.2044
vn 0.7583 -0.5105 0.4053
vn 0.5241 0.8043 0.2801
vn 0.6518 -0.6737 0.3484
vn 0.6518 0.6737 0.3484
vn 0.5241 -0.8043 0.2801
vn 0.7583 0.5105 0.4053
vn 0.3824 -0.9011 0.2044
vn 0.8358 0.3193 0.4467
vn 0.2323 -0.9647 0.1242
vn 0.5713 -0.6737 0.4688
vn 0.5713 0.6737 0.4688
vn 0.4594 -0.8043 0.3770
vn 0.6647 0.5105 0.5455
vn 0.3352 -0.9011 0.2751
vn 0.7325 0.3193 0.6012
vn 0.2037 -0.9647 0.1671
vn 0.7684 0.1087 0.6306
vn 0.0683 0.9961 0.0560
vn 0.0683 -0.9961 0.0560
vn 0.7684 -0.1087 0.6306
vn 0.2037 0.9647 0.1671
vn 0.7325 -0.3193 0.6012
vn 0.3352 0.9011 0.2751
vn 0.6647 -0.5105 0.5455
vn 0.4594 0.8043 0.3770
vn 0.0560 -0.9961 0.0683
vn 0.6306 -0.1087 0.7684
vn 0.1671 0.9647 0.2037
vn 0.6012 -0.3193 0.7325
vn 0.2751 0.9011 0.3352
vn 0.5455 -0.5105 0.6647
vn 0.3770 0.8043 0.4594
vn 0.4688 -0.6737 0.5713
vn 0.4688 0.6737 0.5713
vn 0.3770 -0.8043 0.4594
vn 0.5455 0.5105 0.6647
vn 0.2751 -0.9011 0.3352
vn 0.6012 0.3193 0.7325
vn 0.1671 -0.9647 0.2037
vn 0.6306 0.1087 0.7684
vn 0.0560 0.9961 0.0683
vn 0.2801 -0.8043 0.5241
vn 0.4053 0.5105 0.7583
vn 0.2044 -0.9011 0.3824
vn 0.4467 0.3193 0.8358
vn 0.1242 -0.9647 0.2323
vn 0.4686 0.1087 0.8767
vn 0.0416 0.9961 0.0779
vn 0.0416 -0.9961 0.0779
vn 0.4686 -0.1087 0.8767
vn 0.1242 0.9647 0.2323
vn 0.4467 -0.3193 0.8358
vn 0.2044 0.9011 0.3824
vn 0.4053 -0.5105 0.7583
vn 0.2801 0.8043 0.5241
vn 0.3484 -0.6737 0.6518
vn 0.3484 0.6737 0.6518
vn 0.0765 0.9647 0.2521
vn 0.2751 -0.3193 0.9068
vn 0.1259 0.9011 0.4150
vn 0.2496 -0.5105 0.8228
vn 0.1725 0.8043 0.5687
vn 0.2145 -0.6737 0.7072
vn 0.2145 0.6737 0.7072
vn 0.1725 -0.8043 0.5687
vn 0.2496 0.5105 0.8228
vn 0.1259 -0.9011 0.4150
vn 0.2751 0.3193 0.9068
vn 0.0765 -0.9647 0.2521
vn 0.2886 0.1087 0.9513
vn 0.0256 0.9961 0.0845
vn 0.0256 -0.9961 0.0845
vn 0.2886 -0.1087 0.9513
vn 0.0843 0.5105 0.8557
vn 0.0425 -0.9011 0.4315
vn 0.0929 0.3193 0.9431
vn 0.0258 -0.9647 0.2622
vn 0.0974 0.1087 0.9893
vn 0.0087 0.9961 0.0879
vn 0.0087 -0.9961 0.0879
vn 0.0974 -0.1087 0.9893
vn 0.0258 0.9647 0.2622
vn 0.0929 -0.3193 0.9431
vn 0.0425 0.9011 0.4315
vn 0.0843 -0.5105 0.8557
vn 0.0582 0.8043 0.5914
vn 0.0724 -0.6737 0.7355
vn 0.0724 0.6737 0.7355
vn 0.0582 -0.8043 0.5914
vn -0.0929 -0.3193 0.9431
vn -0.0425 0.9011 0.4315
vn -0.0843 -0.5105 0.8557
vn -0.0582 0.8043 0.5914
vn -0.0724 -0.6737 0.7355
vn -0.0724 0.6737 0.7355
vn -0.0582 -0.8043 0.5914
vn -0.0843 0.5105 0.8557
vn -0.0425 -0.9011 0.4315
vn -0.0929 0.3193 0.9431
vn -0.0258 -0.9647 0.2622
vn -0.0974 0.1087 0.9893
vn -0.0087 0.9961 0.0879
vn -0.0087 -0.9961 0.0879
vn -0.0974 -0.1087 0.9893
vn -0.0258 0.9647 0.2622
vn -0.1259 -0.9011 0.4150
vn -0.2751 0.3193 0.9068
vn -0.0765 -0.9647 0.2521
vn -0.2886 0.1087 0.9513
vn -0.0256 0.9961 0.0845
vn -0.0256 -0.9961 0.0845
vn -0.2886 -0.1087 0.9513
vn -0.0765 0.9647 0.2521
vn -0.2751 -0.3193 0.9068
vn -0.1259 0.9011 0.4150
vn -0.2496 -0.5105 0.8228
vn -0.1725 0.8043 0.5687
vn -0.2145 -0.6737 0.7072
vn -0.2145 0.6737 0.7072
vn -0.1725 -0.8043 0.5687
vn -0.2496 0.5105 0.8228
vn -0.2044 0.9011 0.3824
vn -0.4053 -0.5105 0.7583
vn -0.2801 0.8043 0.5241
vn -0.3484 -0.6737 0.6518
vn -0.3484 0.6737 0.6518
vn -0.2801 -0.8043 0.5241
vn -0.4053 0.5105 0.7583
vn -0.2044 -0.9011 0.3824
vn -0.4467 0.3193 0.8358
vn -0.1242 -0.9647 0.2323
vn -0.4686 0.1087 0.8767
vn -0.0416 0.9961 0.0779
vn -0.0416 -0.9961 0.0779
vn -0.4686 -0.1087 0.8767
vn -0.1242 0.9647 0.2323
vn -0.4467 -0.3193 0.8358
vn -0.6012 0.3193 0.7325
vn -0.1671 -0.9647 0.2037
vn -0.6306 0.1087 0.7684
vn -0.0560 0.9961 0.0683
vn -0.0560 -0.9961 0.0683
vn -0.6306 -0.1087 0.7684
vn -0.1671 0.9647 0.2037
vn -0.6012 -0.3193 0.7325
vn -0.2751 0.9011 0.3352
vn -0.5455 -0.5105 0.6647
vn -0.3770 0.8043 0.4594
vn -0.4688 -0.6737 0.5713
vn -0.4688 0.6737 0.5713
vn -0.3770 -0.8043 0.4594
vn -0.5455 0.5105 0.6647
vn -0.2751 -0.9011 0.3352
vn -0.6647 -0.5105 0.5455
vn -0.4594 0.8043 0.3770
vn -0.5713 -0.6737 0.4688
vn -0.5713 0.6737 0.4688
vn -0.4594 -0.8043 0.3770
vn -0.6647 0.5105 0.5455
vn -0.3352 -0.9011 0.2751
vn -0.7325 0.3193 0.6012
vn -0.2037 -0.9647 0.1671
vn -0.7684 0.1087 0.6306
vn -0.0683 0.9961 0.0560
vn -0.0683 -0.9961 0.0560
vn -0.7684 -0.1087 0.6306
vn -0.2037 0.9647 0.1671
vn -0.7325 -0.3193 0.6012
vn -0.3352 0.9011 0.2751
vn -0.2323 -0.9647 0.1242
vn -0.8767 0.1087 0.4686
vn -0.0779 0.9961 0.0416
vn -0.0779 -0.9961 0.0416
vn -0.8767 -0.1087 0.4686
vn -0.2323 0.9647 0.1242
vn -0.8358 -0.3193 0.4467
vn -0.3824 0.9011 0.2044
vn -0.7583 -0.5105 0.4053
vn -0.5241 0.8043 0.2801
vn -0.6518 -0.6737 0.3484
vn -0.6518 0.6737 0.3484
vn -0.5241 -0.8043 0.2801
vn -0.7583 0.5105 0.4053
vn -0.3824 -0.9011 0.2044
vn -0.8358 0.3193 0.4467
vn -0.7072 -0.6737 0.2145
vn -0.7072 0.6737 0.2145
vn -0.5687 -0.8043 0.1725
vn -0.8228 0.5105 0.2496
vn -0.4150 -0.9011 0.1259
vn -0.9068 0.3193 0.2751
vn -0.2521 -0.9647 0.0765
vn -0.9513 0.1087 0.2886
vn -0.0845 0.9961 0.0256
vn -0.0845 -0.9961 0.0256
vn -0.9513 -0.1087 0.2886
vn -0.2521 0.9647 0.0765
vn -0.9068 -0.3193 0.2751
vn -0.4150 0.9011 0.1259
vn -0.8228 -0.5105 0.2496
vn -0.5687 0.8043 0.1725
vn -0.0879 0.9961 0.0087
vn -0.0879 -0.9961 0.0087
vn -0.9893 -0.1087 0.0974
vn -0.2622 0.9647 0.0258
vn -0.9431 -0.3193 0.0929
vn -0.4315 0.9011 0.0425
vn -0.8557 -0.5105 0.0843
vn -0.5914 0.8043 0.0582
vn -0.7355 -0.6737 0.0724
vn -0.7355 0.6737 0.0724
vn -0.5914 -0.8043 0.0582
vn -0.8557 0.5105 0.0843
vn -0.4315 -0.9011 0.0425
vn -0.9431 0.3193 0.0929
vn -0.2622 -0.9647 0.0258
vn -0.9893 0.1087 0.0974
vn -0.7355 0.6737 -0.0724
vn -0.5914 -0.8043 -0.0582
vn -0.8557 0.5105 -0.0843
vn -0.4315 -0.9011 -0.0425
vn -0.9431 0.3193 -0.0929
vn -0.2622 -0.9647 -0.0258
vn -0.9893 0.1087 -0.0974
vn -0.0879 0.9961 -0.0087
vn -0.0879 -0.9961 -0.0087
vn -0.9893 -0.1087 -0.0974
vn -0.2622 0.9647 -0.0258
vn -0.9431 -0.3193 -0.0929
vn -0.4315 0.9011 -0.0425
vn -0.8557 -0.5105 -0.0843
vn -0.5914 0.8043 -0.0582
vn -0.7355 -0.6737 -0.0724
vn -0.9513 -0.1087 -0.2886
vn -0.2521 0.9647 -0.0765
vn -0.9068 -0.3193 -0.2751
vn -0.4150 0.9011 -0.1259
vn -0.8228 -0.5105 -0.2496
vn -0.5687 0.8043 -0.1725
vn -0.7072 -0.6737 -0.2145
vn -0.7072 0.6737 -0.2145
vn -0.5687 -0.8043 -0.1725
vn -0.8228 0.5105 -0.2496
vn -0.4150 -0.9011 -0.1259
vn -0.9068 0.3193 -0.2751
vn -0.2521 -0.9647 -0.0765
vn -0.9513 0.1087 -0.2886
vn -0.0845 0.9961 -0.0256
vn -0.0845 -0.9961 -0.0256
vn -0.5241 -0.8043 -0.2801
vn -0.7583 0.5105 -0.4053
vn -0.3824 -0.9011 -0.2044
vn -0.8358 0.3193 -0.4467
vn -0.2323 -0.9647 -0.1242
vn -0.8767 0.1087 -0.4686
vn -0.0779 0.9961 -0.0416
vn -0.0779 -0.9961 -0.0416
vn -0.8767 -0.1087 -0.4686
vn -0.2323 0.9647 -0.1242
vn -0.8358 -0.3193 -0.4467
vn -0.3824 0.9011 -0.2044
vn -0.7583 -0.5105 -0.4053
vn -0.5241 0.8043 -0.2801
vn -0.6518 -0.6737 -0.3484
vn -0.6518 0.6737 -0.3484
vn -0.2037 0.9647 -0.1671
vn -0.7325 -0.3193 -0.6012
vn -0.3352 0.9011 -0.2751
vn -0.6647 -0.5105 -0.5455
vn -0.4594 0.8043 -0.3770
vn -0.5713 -0.6737 -0.4688
vn -0.5713 0.6737 -0.4688
vn -0.4594 -0.8043 -0.3770
vn -0.6647 0.5105 -0.5455
vn -0.3352 -0.9011 -0.2751
vn -0.7325 0.3193 -0.6012
vn -0.2037 -0.9647 -0.1671
vn -0.7684 0.1087 -0.6306
vn -0.0683 0.9961 -0.0560
vn -0.0683 -0.9961 -0.0560
vn -0.7684 -0.1087 -0.6306
vn -0.5455 0.5105 -0.6647
vn -0.2751 -0.9011 -0.3352
vn -0.6012 0.3193 -0.7325
vn -0.1671 -0.9647 -0.2037
vn -0.6306 0.1087 -0.7684
vn -0.0560 0.9961 -0.0683
vn -0.0560 -0.9961 -0.0683
vn -0.6306 -0.1087 -0.7684
vn -0.1671 0.9647 -0.2037
vn -0.6012 -0.3193 -0.7325
vn -0.2751 0.9011 -0.3352
vn -0.5455 -0.5105 -0.6647
vn -0.3770 0.8043 -0.4594
vn -0.4688 -0.6737 -0.5713
vn -0.4688 0.6737 -0.5713
vn -0.3770 -0.8043 -0.4594
vn -0.4467 -0.3193 -0.8358
vn -0.2044 0.9011 -0.3824
vn -0.4053 -0.5105 -0.7583
vn -0.2801 0.8043 -0.5241
vn -0.3484 -0.6737 -0.6518
vn -0.3484 0.6737 -0.6518
vn -0.2801 -0.8043 -0.5241
vn -0.4053 0.5105 -0.7583
vn -0.2044 -0.9011 -0.3824
vn -0.4467 0.3193 -0.8358
vn -0.1242 -0.9647 -0.2323
vn -0.4686 0.1087 -0.8767
vn -0.0416 0.9961 -0.0779
vn -0.0416 -0.9961 -0.0779
vn -0.4686 -0.1087 -0.8767
vn -0.1242 0.9647 -0.2323
vn -0.1259 -0.9011 -0.4150
vn -0.2751 0.3193 -0.9068
vn -0.0765 -0.9647 -0.2521
vn -0.2886 0.1087 -0.9513
vn -0.0256 0.9961 -0.0845
vn -0.0256 -0.9961 -0.0845
vn -0.2886 -0.1087 -0.9513
vn -0.0765 0.9647 -0.2521
vn -0.2751 -0.3193 -0.9068
vn -0.1259 0.9011 -0.4150
vn -0.2496 -0.5105 -0.8228
vn -0.1725 0.8043 -0.5687
vn -0.2145 -0.6737 -0.7072
vn -0.2145 0.6737 -0.7072
vn -0.1725 -0.8043 -0.5687
vn -0.2496 0.5105 -0.8228
vn -0.0843 -0.5105 -0.8557
vn -0.0582 0.8043 -0.5914
vn -0.0724 -0.6737 -0.7355
vn -0.0724 0.6737 -0.7355
vn -0.0582 -0.8043 -0.5914
vn -0.0843 0.5105 -0.8557
vn -0.0425 -0.9011 -0.4315
vn -0.0929 0.3193 -0.9431
vn -0.0258 -0.9647 -0.2622
vn -0.0974 0.1087 -0.9893
vn -0.0087 0.9961 -0.0879
vn -0.0087 -0.9961 -0.0879
vn -0.0974 -0.1087 -0.9893
vn -0.0258 0.9647 -0.2622
vn -0.0929 -0.3193 -0.9431
vn -0.0425 0.9011 -0.4315
vt 0.750000 0.812500
vt 0.750000 0.875000
vt 0.718750 0.875000
vt 0.718750 0.812500
vt 0.750000 0.312500
vt 0.750000 0.375000
vt 0.718750 0.375000
vt 0.718750 0.312500
vt 0.750000 0.750000
vt 0.718750 0.750000
vt 0.750000 0.250000
vt 0.718750 0.250000
vt 0.750000 0.687500
vt 0.718750 0.687500
vt 0.750000 0.187500
vt 0.718750 0.187500
vt 0.750000 0.625000
vt 0.718750 0.625000
vt 0.750000 0.125000
vt 0.718750 0.125000
vt 0.750000 0.562500
vt 0.718750 0.562500
vt 0.750000 0.062500
vt 0.718750 0.062500
vt 0.750000 0.500000
vt 0.718750 0.500000
vt 0.750000 0.937500
vt 0.734375 1.000000
vt 0.718750 0.937500
vt 0.734375 0.000000
vt 0.750000 0.437500
vt 0.718750 0.437500
vt 0.687500 0.500000
vt 0.687500 0.437500
vt 0.687500 0.937500
vt 0.687500 0.875000
vt 0.687500 0.375000
vt 0.687500 0.812500
vt 0.687500 0.312500
vt 0.687500 0.750000
vt 0.687500 0.250000
vt 0.687500 0.687500
vt 0.687500 0.187500
vt 0.687500 0.625000
vt 0.687500 0.125000
vt 0.687500 0.562500
vt 0.687500 0.062500
vt 0.703125 1.000000
vt 0.703125 0.000000
vt 0.656250 0.250000
vt 0.656250 0.187500
vt 0.656250 0.687500
vt 0.656250 0.625000
vt 0.656250 0.125000
vt 0.656250 0.562500
vt 0.656250 0.062500
vt 0.656250 0.500000
vt 0.671875 1.000000
vt 0.656250 0.937500
vt 0.671875 0.000000
vt 0.656250 0.437500
vt 0.656250 0.875000
vt 0.656250 0.375000
vt 0.656250 0.812500
vt 0.656250 0.312500
vt 0.656250 0.750000
vt 0.625000 0.437500
vt 0.625000 0.375000
vt 0.625000 0.875000
vt 0.625000 0.812500
vt 0.625000 0.312500
vt 0.625000 0.750000
vt 0.625000 0.250000
vt 0.625000 0.687500
vt 0.625000 0.187500
vt 0.625000 0.625000
vt 0.625000 0.125000
vt 0.625000 0.562500
vt 0.625000 0.062500
vt 0.625000 0.500000
vt 0.640625 1.000000
vt 0.625000 0.937500
vt 0.640625 0.000000
vt 0.593750 0.187500
vt 0.593750 0.125000
vt 0.593750 0.625000
vt 0.593750 0.562500
vt 0.593750 0.062500
vt 0.593750 0.500000
vt 0.609375 1.000000
vt 0.593750 0.937500
vt 0.609375 0.000000
vt 0.593750 0.437500
vt 0.593750 0.875000
vt 0.593750 0.375000
vt 0.593750 0.812500
vt 0.593750 0.312500
vt 0.593750 0.750000
vt 0.593750 0.250000
vt 0.593750 0.687500
vt 0.562500 0.875000
vt 0.562500 0.812500
vt 0.562500 0.375000
vt 0.562500 0.312500
vt 0.562500 0.750000
vt 0.562500 0.250000
vt 0.562500 0.687500
vt 0.562500 0.187500
vt 0.562500 0.625000
vt 0.562500 0.125000
vt 0.562500 0.562500
vt 0.562500 0.062500
vt 0.562500 0.500000
vt 0.578125 1.000000
vt 0.562500 0.937500
vt 0.578125 0.000000
vt 0.562500 0.437500
vt 0.531250 0.625000
vt 0.531250 0.562500
vt 0.531250 0.125000
vt 0.531250 0.062500
vt 0.531250 0.500000
vt 0.546875 1.000000
vt 0.531250 0.937500
vt 0.546875 0.000000
vt 0.531250 0.437500
vt 0.531250 0.875000
vt 0.531250 0.375000
vt 0.531250 0.812500
vt 0.531250 0.312500
vt 0.531250 0.750000
vt 0.531250 0.250000
vt 0.531250 0.687500
vt 0.531250 0.187500
vt 0.500000 0.375000
vt 0.500000 0.312500
vt 0.500000 0.812500
vt 0.500000 0.750000
vt 0.500000 0.250000
vt 0.500000 0.687500
vt 0.500000 0.187500
vt 0.500000 0.625000
vt 0.500000 0.125000
vt 0.500000 0.562500
vt 0.500000 0.062500
vt 0.500000 0.500000
vt 0.515625 1.000000
vt 0.500000 0.937500
vt 0.515625 0.000000
vt 0.500000 0.437500
vt 0.500000 0.875000
vt 0.468750 0.125000
vt 0.468750 0.062500
vt 0.468750 0.562500
vt 0.468750 0.500000
vt 0.484375 1.000000
vt 0.468750 0.937500
vt 0.484375 0.000000
vt 0.468750 0.437500
vt 0.468750 0.875000
vt 0.468750 0.375000
vt 0.468750 0.812500
vt 0.468750 0.312500
vt 0.468750 0.750000
vt 0.468750 0.250000
vt 0.468750 0.687500
vt 0.468750 0.187500
vt 0.468750 0.625000
vt 0.437500 0.812500
vt 0.437500 0.750000
vt 0.437500 0.312500
vt 0.437500 0.250000
vt 0.437500 0.687500
vt 0.437500 0.187500
vt 0.437500 0.625000
vt 0.437500 0.125000
vt 0.437500 0.562500
vt 0.437500 0.062500
vt 0.437500 0.500000
vt 0.453125 1.000000
vt 0.437500 0.937500
vt 0.453125 0.000000
vt 0.437500 0.437500
vt 0.437500 0.875000
vt 0.437500 0.375000
vt 0.406250 0.562500
vt 0.406250 0.500000
vt 0.421875 1.000000
vt 0.406250 0.937500
vt 0.421875 0.000000
vt 0.406250 0.062500
vt 0.406250 0.437500
vt 0.406250 0.875000
vt 0.406250 0.375000
vt 0.406250 0.812500
vt 0.406250 0.312500
vt 0.406250 0.750000
vt 0.406250 0.250000
vt 0.406250 0.687500
vt 0.406250 0.187500
vt 0.406250 0.625000
vt 0.406250 0.125000
vt 0.375000 0.312500
vt 0.375000 0.250000
vt 0.375000 0.750000
vt 0.375000 0.687500
vt 0.375000 0.187500
vt 0.375000 0.625000
vt 0.375000 0.125000
vt 0.375000 0.562500
vt 0.375000 0.062500
vt 0.375000 0.500000
vt 0.390625 1.000000
vt 0.375000 0.937500
vt 0.390625 0.000000
vt 0.375000 0.437500
vt 0.375000 0.875000
vt 0.375000 0.375000
vt 0.375000 0.812500
vt 0.359375 0.000000
vt 0.343750 0.062500
vt 0.343750 0.500000
vt 0.343750 0.437500
vt 0.343750 0.937500
vt 0.343750 0.875000
vt 0.343750 0.375000
vt 0.343750 0.812500
vt 0.343750 0.312500
vt 0.343750 0.750000
vt 0.343750 0.250000
vt 0.343750 0.687500
vt 0.343750 0.187500
vt 0.343750 0.625000
vt 0.343750 0.125000
vt 0.343750 0.562500
vt 0.359375 1.000000
vt 0.312500 0.250000
vt 0.312500 0.187500
vt 0.312500 0.687500
vt 0.312500 0.625000
vt 0.312500 0.125000
vt 0.312500 0.562500
vt 0.312500 0.062500
vt 0.312500 0.500000
vt 0.328125 1.000000
vt 0.312500 0.937500
vt 0.328125 0.000000
vt 0.312500 0.437500
vt 0.312500 0.875000
vt 0.312500 0.375000
vt 0.312500 0.812500
vt 0.312500 0.312500
vt 0.312500 0.750000
vt 0.281250 0.937500
vt 0.281250 0.875000
vt 0.281250 0.437500
vt 0.281250 0.375000
vt 0.281250 0.812500
vt 0.281250 0.312500
vt 0.281250 0.750000
vt 0.281250 0.250000
vt 0.281250 0.687500
vt 0.281250 0.187500
vt 0.281250 0.625000
vt 0.281250 0.125000
vt 0.281250 0.562500
vt 0.281250 0.062500
vt 0.281250 0.500000
vt 0.296875 1.000000
vt 0.296875 0.000000
vt 0.250000 0.687500
vt 0.250000 0.625000
vt 0.250000 0.187500
vt 0.250000 0.125000
vt 0.250000 0.562500
vt 0.250000 0.062500
vt 0.250000 0.500000
vt 0.265625 1.000000
vt 0.250000 0.937500
vt 0.265625 0.000000
vt 0.250000 0.437500
vt 0.250000 0.875000
vt 0.250000 0.375000
vt 0.250000 0.812500
vt 0.250000 0.312500
vt 0.250000 0.750000
vt 0.250000 0.250000
vt 0.218750 0.437500
vt 0.218750 0.375000
vt 0.218750 0.875000
vt 0.218750 0.812500
vt 0.218750 0.312500
vt 0.218750 0.750000
vt 0.218750 0.250000
vt 0.218750 0.687500
vt 0.218750 0.187500
vt 0.218750 0.625000
vt 0.218750 0.125000
vt 0.218750 0.562500
vt 0.218750 0.062500
vt 0.218750 0.500000
vt 0.234375 1.000000
vt 0.218750 0.937500
vt 0.234375 0.000000
vt 0.187500 0.187500
vt 0.187500 0.125000
vt 0.187500 0.625000
vt 0.187500 0.562500
vt 0.187500 0.062500
vt 0.187500 0.500000
vt 0.203125 1.000000
vt 0.187500 0.937500
vt 0.203125 0.000000
vt 0.187500 0.437500
vt 0.187500 0.875000
vt 0.187500 0.375000
vt 0.187500 0.812500
vt 0.187500 0.312500
vt 0.187500 0.750000
vt 0.187500 0.250000
vt 0.187500 0.687500
vt 0.156250 0.875000
vt 0.156250 0.812500
vt 0.156250 0.375000
vt 0.156250 0.312500
vt 0.156250 0.750000
vt 0.156250 0.250000
vt 0.156250 0.687500
vt 0.156250 0.187500
vt 0.156250 0.625000
vt 0.156250 0.125000
vt 0.156250 0.562500
vt 0.156250 0.062500
vt 0.156250 0.500000
vt 0.171875 1.000000
vt 0.156250 0.937500
vt 0.171875 0.000000
vt 0.156250 0.437500
vt 0.125000 0.625000
vt 0.125000 0.562500
vt 0.125000 0.125000
vt 0.125000 0.062500
vt 0.125000 0.500000
vt 0.140625 1.000000
vt 0.125000 0.937500
vt 0.140625 0.000000
vt 0.125000 0.437500
vt 0.125000 0.875000
vt 0.125000 0.375000
vt 0.125000 0.812500
vt 0.125000 0.312500
vt 0.125000 0.750000
vt 0.125000 0.250000
vt 0.125000 0.687500
vt 0.125000 0.187500
vt 0.093750 0.375000
vt 0.093750 0.312500
vt 0.093750 0.812500
vt 0.093750 0.750000
vt 0.093750 0.250000
vt 0.093750 0.687500
vt 0.093750 0.187500
vt 0.093750 0.625000
vt 0.093750 0.125000
vt 0.093750 0.562500
vt 0.093750 0.062500
vt 0.093750 0.500000
vt 0.109375 1.000000
vt 0.093750 0.937500
vt 0.109375 0.000000
vt 0.093750 0.437500
vt 0.093750 0.875000
vt 0.062500 0.125000
vt 0.062500 0.062500
vt 0.062500 0.562500
vt 0.062500 0.500000
vt 0.078125 1.000000
vt 0.062500 0.937500
vt 0.078125 0.000000
vt 0.062500 0.437500
vt 0.062500 0.875000
vt 0.062500 0.375000
vt 0.062500 0.812500
vt 0.062500 0.312500
vt 0.062500 0.750000
vt 0.062500 0.250000
vt 0.062500 0.687500
vt 0.062500 0.187500
vt 0.062500 0.625000
vt 0.031250 0.312500
vt 0.031250 0.250000
vt 0.031250 0.750000
vt 0.031250 0.687500
vt 0.031250 0.187500
vt 0.031250 0.625000
vt 0.031250 0.125000
vt 0.031250 0.562500
vt 0.031250 0.062500
vt 0.031250 0.500000
vt 0.046875 1.000000
vt 0.031250 0.937500
vt 0.046875 0.000000
vt 0.031250 0.437500
vt 0.031250 0.875000
vt 0.031250 0.375000
vt 0.031250 0.812500
vt 0.015625 1.000000
vt 0.000000 0.937500
vt 0.015625 0.000000
vt 0.000000 0.062500
vt 0.000000 0.500000
vt 0.000000 0.437500
vt 0.000000 0.875000
vt 0.000000 0.375000
vt 0.000000 0.812500
vt 0.000000 0.312500
vt 0.000000 0.750000
vt 0.000000 0.250000
vt 0.000000 0.687500
vt 0.000000 0.187500
vt 0.000000 0.625000
vt 0.000000 0.125000
vt 0.000000 0.562500
vt 1.000000 0.687500
vt 1.000000 0.750000
vt 0.968750 0.750000
vt 0.968750 0.687500
vt 1.000000 0.187500
vt 1.000000 0.250000
vt 0.968750 0.250000
vt 0.968750 0.187500
vt 1.000000 0.625000
vt 0.968750 0.625000
vt 1.000000 0.125000
vt 0.968750 0.125000
vt 1.000000 0.562500
vt 0.968750 0.562500
vt 1.000000 0.062500
vt 0.968750 0.062500
vt 1.000000 0.500000
vt 0.968750 0.500000
vt 1.000000 0.937500
vt 0.984375 1.000000
vt 0.968750 0.937500
vt 0.984375 0.000000
vt 1.000000 0.437500
vt 0.968750 0.437500
vt 1.000000 0.875000
vt 0.968750 0.875000
vt 1.000000 0.375000
vt 0.968750 0.375000
vt 1.000000 0.812500
vt 0.968750 0.812500
vt 1.000000 0.312500
vt 0.968750 0.312500
vt 0.937500 0.500000
vt 0.937500 0.437500
vt 0.937500 0.937500
vt 0.937500 0.875000
vt 0.937500 0.375000
vt 0.937500 0.812500
vt 0.937500 0.312500
vt 0.937500 0.750000
vt 0.937500 0.250000
vt 0.937500 0.687500
vt 0.937500 0.187500
vt 0.937500 0.625000
vt 0.937500 0.125000
vt 0.937500 0.562500
vt 0.937500 0.062500
vt 0.953125 1.000000
vt 0.953125 0.000000
vt 0.906250 0.250000
vt 0.906250 0.187500
vt 0.906250 0.687500
vt 0.906250 0.625000
vt 0.906250 0.125000
vt 0.906250 0.562500
vt 0.906250 0.062500
vt 0.906250 0.500000
vt 0.921875 1.000000
vt 0.906250 0.937500
vt 0.921875 0.000000
vt 0.906250 0.437500
vt 0.906250 0.875000
vt 0.906250 0.375000
vt 0.906250 0.812500
vt 0.906250 0.312500
vt 0.906250 0.750000
vt 0.875000 0.937500
vt 0.875000 0.875000
vt 0.875000 0.437500
vt 0.875000 0.375000
vt 0.875000 0.812500
vt 0.875000 0.312500
vt 0.875000 0.750000
vt 0.875000 0.250000
vt 0.875000 0.687500
vt 0.875000 0.187500
vt 0.875000 0.625000
vt 0.875000 0.125000
vt 0.875000 0.562500
vt 0.875000 0.062500
vt 0.875000 0.500000
vt 0.890625 1.000000
vt 0.890625 0.000000
vt 0.843750 0.687500
vt 0.843750 0.625000
vt 0.843750 0.187500
vt 0.843750 0.125000
vt 0.843750 0.562500
vt 0.843750 0.062500
vt 0.843750 0.500000
vt 0.859375 1.000000
vt 0.843750 0.937500
vt 0.859375 0.000000
vt 0.843750 0.437500
vt 0.843750 0.875000
vt 0.843750 0.375000
vt 0.843750 0.812500
vt 0.843750 0.312500
vt 0.843750 0.750000
vt 0.843750 0.250000
vt 0.812500 0.437500
vt 0.812500 0.375000
vt 0.812500 0.875000
vt 0.812500 0.812500
vt 0.812500 0.312500
vt 0.812500 0.750000
vt 0.812500 0.250000
vt 0.812500 0.687500
vt 0.812500 0.187500
vt 0.812500 0.625000
vt 0.812500 0.125000
vt 0.812500 0.562500
vt 0.812500 0.062500
vt 0.812500 0.500000
vt 0.828125 1.000000
vt 0.812500 0.937500
vt 0.828125 0.000000
vt 0.781250 0.187500
vt 0.781250 0.125000
vt 0.781250 0.625000
vt 0.781250 0.562500
vt 0.781250 0.062500
vt 0.781250 0.500000
vt 0.796875 1.000000
vt 0.781250 0.937500
vt 0.796875 0.000000
vt 0.781250 0.437500
vt 0.781250 0.875000
vt 0.781250 0.375000
vt 0.781250 0.812500
vt 0.781250 0.312500
vt 0.781250 0.750000
vt 0.781250 0.250000
vt 0.781250 0.687500
vt 0.765625 1.000000
vt 0.765625 0.000000
s 0
f 484/560/513 957/561/513 492/562/513 493/563/513
f 489/564/514 960/565/514 500/566/514 501/567/514
f 958/568/515 484/560/515 493/563/515 494/569/515
f 961/570/516 489/564/516 501/567/516 502/571/516
f 485/572/517 958/568/517 494/569/517 495/573/517
f 962/574/518 961/570/518 502/571/518 503/575/518
f 959/576/519 485/572/519 495/573/519 496/577/519
f 963/578/520 962/574/520 503/575/520 504/579/520
f 486/580/521 959/576/521 496/577/521 497/581/521
f 964/582/522 963/578/522 504/579/522 505/583/522
f 487/584/523 486/580/523 497/581/523 498/585/523
f 956/586/524 483/587/524 491/588/524
f 490/589/525 964/582/525 505/583/525
f 488/590/526 487/584/526 498/585/526 499/591/526
f 957/561/527 956/586/527 491/588/527 492/562/527
f 960/565/528 488/590/528 499/591/528 500/566/528
f 499/591/529 498/585/529 513/592/529 514/593/529
f 492/562/530 491/588/530 506/594/530 507/595/530
f 500/566/531 499/591/531 514/593/531 515/596/531
f 493/563/532 492/562/532 507/595/532 508/597/532
f 501/567/533 500/566/533 515/596/533 516/598/533
f 494/569/534 493/563/534 508/597/534 509/599/534
f 502/571/535 501/567/535 516/598/535 517/600/535
f 495/573/536 494/569/536 509/599/536 510/601/536
f 503/575/537 502/571/537 517/600/537 518/602/537
f 496/577/538 495/573/538 510/601/538 511/603/538
f 504/579/539 503/575/539 518/602/539 519/604/539
f 497/581/540 496/577/540 511/603/540 512/605/540
f 505/583/541 504/579/541 519/604/541 520/606/541
f 498/585/542 497/581/542 512/605/542 513/592/542
f 491/588/543 483/607/543 506/594/543
f 490/608/544 505/583/544 520/606/544
f 518/602/545 517/600/545 532/609/545 533/610/545
f 511/603/546 510/601/546 525/611/546 526/612/546
f 519/604/547 518/602/547 533/610/547 534/613/547
f 512/605/548 511/603/548 526/612/548 527/614/548
f 520/606/549 519/604/549 534/613/549 535/615/549
f 513/592/550 512/605/550 527/614/550 528/616/550
f 506/594/551 483/617/551 521/618/551
f 490/619/552 520/606/552 535/615/552
f 514/593/553 513/592/553 528/616/553 529/620/553
f 507/595/554 506/594/554 521/618/554 522/621/554
f 515/596/555 514/593/555 529/620/555 530/622/555
f 508/597/556 507/595/556 522/621/556 523/623/556
f 516/598/557 515/596/557 530/622/557 531/624/557
f 509/599/558 508/597/558 523/623/558 524/625/558
f 517/600/559 516/598/559 531/624/559 532/609/559
f 510/601/560 509/599/560 524/625/560 525/611/560
f 530/622/561 529/620/561 544/626/561 545/627/561
f 523/623/562 522/621/562 537/628/562 538/629/562
f 531/624/563 530/622/563 545/627/563 546/630/563
f 524/625/564 523/623/564 538/629/564 539/631/564
f 532/609/565 531/624/565 546/630/565 547/632/565
f 525/611/566 524/625/566 539/631/566 540/633/566
f 533/610/567 532/609/567 547/632/567 548/634/567
f 526/612/568 525/611/568 540/633/568 541/635/568
f 534/613/569 533/610/569 548/634/569 549/636/569
f 527/614/570 526/612/570 541/635/570 542/637/570
f 535/615/571 534/613/571 549/636/571 550/638/571
f 528/616/572 527/614/572 542/637/572 543/639/572
f 521/618/573 483/640/573 536/641/573
f 490/642/574 535/615/574 550/638/574
f 529/620/575 528/616/575 543/639/575 544/626/575
f 522/621/576 521/618/576 536/641/576 537/628/576
f 549/636/577 548/634/577 563/643/577 564/644/577
f 542/637/578 541/635/578 556/645/578 557/646/578
f 550/638/579 549/636/579 564/644/579 565/647/579
f 543/639/580 542/637/580 557/646/580 558/648/580
f 536/641/581 483/649/581 551/650/581
f 490/651/582 550/638/582 565/647/582
f 544/626/583 543/639/583 558/648/583 559/652/583
f 537/628/584 536/641/584 551/650/584 552/653/584
f 545/627/585 544/626/585 559/652/585 560/654/585
f 538/629/586 537/628/586 552/653/586 553/655/586
f 546/630/587 545/627/587 560/654/587 561/656/587
f 539/631/588 538/629/588 553/655/588 554/657/588
f 547/632/589 546/630/589 561/656/589 562/658/589
f 540/633/590 539/631/590 554/657/590 555/659/590
f 548/634/591 547/632/591 562/658/591 563/643/591
f 541/635/592 540/633/592 555/659/592 556/645/592
f 553/655/593 552/653/593 567/660/593 568/661/593
f 561/656/594 560/654/594 575/662/594 576/663/594
f 554/657/595 553/655/595 568/661/595 569/664/595
f 562/658/596 561/656/596 576/663/596 577/665/596
f 555/659/597 554/657/597 569/664/597 570/666/597
f 563/643/598 562/658/598 577/665/598 578/667/598
f 556/645/599 555/659/599 570/666/599 571/668/599
f 564/644/600 563/643/600 578/667/600 579/669/600
f 557/646/601 556/645/601 571/668/601 572/670/601
f 565/647/602 564/644/602 579/669/602 580/671/602
f 558/648/603 557/646/603 572/670/603 573/672/603
f 551/650/604 483/673/604 566/674/604
f 490/675/605 565/647/605 580/671/605
f 559/652/606 558/648/606 573/672/606 574/676/606
f 552/653/607 551/650/607 566/674/607 567/660/607
f 560/654/608 559/652/608 574/676/608 575/662/608
f 572/670/609 571/668/609 586/677/609 587/678/609
f 580/671/610 579/669/610 594/679/610 595/680/610
f 573/672/611 572/670/611 587/678/611 588/681/611
f 566/674/612 483/682/612 581/683/612
f 490/684/613 580/671/613 595/680/613
f 574/676/614 573/672/614 588/681/614 589/685/614
f 567/660/615 566/674/615 581/683/615 582/686/615
f 575/662/616 574/676/616 589/685/616 590/687/616
f 568/661/617 567/660/617 582/686/617 583/688/617
f 576/663/618 575/662/618 590/687/618 591/689/618
f 569/664/619 568/661/619 583/688/619 584/690/619
f 577/665/620 576/663/620 591/689/620 592/691/620
f 570/666/621 569/664/621 584/690/621 585/692/621
f 578/667/622 577/665/622 592/691/622 593/693/622
f 571/668/623 570/666/623 585/692/623 586/677/623
f 579/669/624 578/667/624 593/693/624 594/679/624
f 591/689/625 590/687/625 605/694/625 606/695/625
f 584/690/626 583/688/626 598/696/626 599/697/626
f 592/691/627 591/689/627 606/695/627 607/698/627
f 585/692/628 584/690/628 599/697/628 600/699/628
f 593/693/629 592/691/629 607/698/629 608/700/629
f 586/677/630 585/692/630 600/699/630 601/701/630
f 594/679/631 593/693/631 608/700/631 609/702/631
f 587/678/632 586/677/632 601/701/632 602/703/632
f 595/680/633 594/679/633 609/702/633 610/704/633
f 588/681/634 587/678/634 602/703/634 603/705/634
f 581/683/635 483/706/635 596/707/635
f 490/708/636 595/680/636 610/704/636
f 589/685/637 588/681/637 603/705/637 604/709/637
f 582/686/638 581/683/638 596/707/638 597/710/638
f 590/687/639 589/685/639 604/709/639 605/694/639
f 583/688/640 582/686/640 597/710/640 598/696/640
f 610/704/641 609/702/641 624/711/641 625/712/641
f 603/705/642 602/703/642 617/713/642 618/714/642
f 596/707/643 483/715/643 611/716/643
f 490/717/644 610/704/644 625/712/644
f 604/709/645 603/705/645 618/714/645 619/718/645
f 597/710/646 596/707/646 611/716/646 612/719/646
f 605/694/647 604/709/647 619/718/647 620/720/647
f 598/696/648 597/710/648 612/719/648 613/721/648
f 606/695/649 605/694/649 620/720/649 621/722/649
f 599/697/650 598/696/650 613/721/650 614/723/650
f 607/698/651 606/695/651 621/722/651 622/724/651
f 600/699/652 599/697/652 614/723/652 615/725/652
f 608/700/653 607/698/653 622/724/653 623/726/653
f 601/701/654 600/699/654 615/725/654 616/727/654
f 609/702/655 608/700/655 623/726/655 624/711/655
f 602/703/656 601/701/656 616/727/656 617/713/656
f 614/723/657 613/721/657 628/728/657 629/729/657
f 622/724/658 621/722/658 636/730/658 637/731/658
f 615/725/659 614/723/659 629/729/659 630/732/659
f 623/726/660 622/724/660 637/731/660 638/733/660
f 616/727/661 615/725/661 630/732/661 631/734/661
f 624/711/662 623/726/662 638/733/662 639/735/662
f 617/713/663 616/727/663 631/734/663 632/736/663
f 625/712/664 624/711/664 639/735/664 640/737/664
f 618/714/665 617/713/665 632/736/665 633/738/665
f 611/716/666 483/739/666 626/740/666
f 490/741/667 625/712/667 640/737/667
f 619/718/668 618/714/668 633/738/668 634/742/668
f 612/719/669 611/716/669 626/740/669 627/743/669
f 620/720/670 619/718/670 634/742/670 635/744/670
f 613/721/671 612/719/671 627/743/671 628/728/671
f 621/722/672 620/720/672 635/744/672 636/730/672
f 633/738/673 632/736/673 647/745/673 648/746/673
f 626/740/674 483/747/674 641/748/674
f 490/749/675 640/737/675 655/750/675
f 634/742/676 633/738/676 648/746/676 649/751/676
f 627/743/677 626/740/677 641/748/677 642/752/677
f 635/744/678 634/742/678 649/751/678 650/753/678
f 628/728/679 627/743/679 642/752/679 643/754/679
f 636/730/680 635/744/680 650/753/680 651/755/680
f 629/729/681 628/728/681 643/754/681 644/756/681
f 637/731/682 636/730/682 651/755/682 652/757/682
f 630/732/683 629/729/683 644/756/683 645/758/683
f 638/733/684 637/731/684 652/757/684 653/759/684
f 631/734/685 630/732/685 645/758/685 646/760/685
f 639/735/686 638/733/686 653/759/686 654/761/686
f 632/736/687 631/734/687 646/760/687 647/745/687
f 640/737/688 639/735/688 654/761/688 655/750/688
f 652/757/689 651/755/689 666/762/689 667/763/689
f 645/758/690 644/756/690 659/764/690 660/765/690
f 653/759/691 652/757/691 667/763/691 668/766/691
f 646/760/692 645/758/692 660/765/692 661/767/692
f 654/761/693 653/759/693 668/766/693 669/768/693
f 647/745/694 646/760/694 661/767/694 662/769/694
f 655/750/695 654/761/695 669/768/695 670/770/695
f 648/746/696 647/745/696 662/769/696 663/771/696
f 641/748/697 483/772/697 656/773/697
f 490/774/698 655/750/698 670/770/698
f 649/751/699 648/746/699 663/771/699 664/775/699
f 642/752/700 641/748/700 656/773/700 657/776/700
f 650/753/701 649/751/701 664/775/701 665/777/701
f 643/754/702 642/752/702 657/776/702 658/778/702
f 651/755/703 650/753/703 665/777/703 666/762/703
f 644/756/704 643/754/704 658/778/704 659/764/704
f 490/779/705 670/770/705 685/780/705
f 664/775/706 663/771/706 678/781/706 679/782/706
f 657/776/707 656/773/707 671/783/707 672/784/707
f 665/777/708 664/775/708 679/782/708 680/785/708
f 658/778/709 657/776/709 672/784/709 673/786/709
f 666/762/710 665/777/710 680/785/710 681/787/710
f 659/764/711 658/778/711 673/786/711 674/788/711
f 667/763/712 666/762/712 681/787/712 682/789/712
f 660/765/713 659/764/713 674/788/713 675/790/713
f 668/766/714 667/763/714 682/789/714 683/791/714
f 661/767/715 660/765/715 675/790/715 676/792/715
f 669/768/716 668/766/716 683/791/716 684/793/716
f 662/769/717 661/767/717 676/792/717 677/794/717
f 670/770/718 669/768/718 684/793/718 685/780/718
f 663/771/719 662/769/719 677/794/719 678/781/719
f 656/773/720 483/795/720 671/783/720
f 683/791/721 682/789/721 697/796/721 698/797/721
f 676/792/722 675/790/722 690/798/722 691/799/722
f 684/793/723 683/791/723 698/797/723 699/800/723
f 677/794/724 676/792/724 691/799/724 692/801/724
f 685/780/725 684/793/725 699/800/725 700/802/725
f 678/781/726 677/794/726 692/801/726 693/803/726
f 671/783/727 483/804/727 686/805/727
f 490/806/728 685/780/728 700/802/728
f 679/782/729 678/781/729 693/803/729 694/807/729
f 672/784/730 671/783/730 686/805/730 687/808/730
f 680/785/731 679/782/731 694/807/731 695/809/731
f 673/786/732 672/784/732 687/808/732 688/810/732
f 681/787/733 680/785/733 695/809/733 696/811/733
f 674/788/734 673/786/734 688/810/734 689/812/734
f 682/789/735 681/787/735 696/811/735 697/796/735
f 675/790/736 674/788/736 689/812/736 690/798/736
f 687/808/737 686/805/737 701/813/737 702/814/737
f 695/809/738 694/807/738 709/815/738 710/816/738
f 688/810/739 687/808/739 702/814/739 703/817/739
f 696/811/740 695/809/740 710/816/740 711/818/740
f 689/812/741 688/810/741 703/817/741 704/819/741
f 697/796/742 696/811/742 711/818/742 712/820/742
f 690/798/743 689/812/743 704/819/743 705/821/743
f 698/797/744 697/796/744 712/820/744 713/822/744
f 691/799/745 690/798/745 705/821/745 706/823/745
f 699/800/746 698/797/746 713/822/746 714/824/746
f 692/801/747 691/799/747 706/823/747 707/825/747
f 700/802/748 699/800/748 714/824/748 715/826/748
f 693/803/749 692/801/749 707/825/749 708/827/749
f 686/805/750 483/828/750 701/813/750
f 490/829/751 700/802/751 715/826/751
f 694/807/752 693/803/752 708/827/752 709/815/752
f 706/823/753 705/821/753 720/830/753 721/831/753
f 714/824/754 713/822/754 728/832/754 729/833/754
f 707/825/755 706/823/755 721/831/755 722/834/755
f 715/826/756 714/824/756 729/833/756 730/835/756
f 708/827/757 707/825/757 722/834/757 723/836/757
f 701/813/758 483/837/758 716/838/758
f 490/839/759 715/826/759 730/835/759
f 709/815/760 708/827/760 723/836/760 724/840/760
f 702/814/761 701/813/761 716/838/761 717/841/761
f 710/816/762 709/815/762 724/840/762 725/842/762
f 703/817/763 702/814/763 717/841/763 718/843/763
f 711/818/764 710/816/764 725/842/764 726/844/764
f 704/819/765 703/817/765 718/843/765 719/845/765
f 712/820/766 711/818/766 726/844/766 727/846/766
f 705/821/767 704/819/767 719/845/767 720/830/767
f 713/822/768 712/820/768 727/846/768 728/832/768
f 725/842/769 724/840/769 739/847/769 740/848/769
f 718/843/770 717/841/770 732/849/770 733/850/770
f 726/844/771 725/842/771 740/848/771 741/851/771
f 719/845/772 718/843/772 733/850/772 734/852/772
f 727/846/773 726/844/773 741/851/773 742/853/773
f 720/830/774 719/845/774 734/852/774 735/854/774
f 728/832/775 727/846/775 742/853/775 743/855/775
f 721/831/776 720/830/776 735/854/776 736/856/776
f 729/833/777 728/832/777 743/855/777 744/857/777
f 722/834/778 721/831/778 736/856/778 737/858/778
f 730/835/779 729/833/779 744/857/779 745/859/779
f 723/836/780 722/834/780 737/858/780 738/860/780
f 716/838/781 483/861/781 731/862/781
f 490/863/782 730/835/782 745/859/782
f 724/840/783 723/836/783 738/860/783 739/847/783
f 717/841/784 716/838/784 731/862/784 732/849/784
f 744/857/785 743/855/785 758/864/785 759/865/785
f 737/858/786 736/856/786 751/866/786 752/867/786
f 745/859/787 744/857/787 759/865/787 760/868/787
f 738/860/788 737/858/788 752/867/788 753/869/788
f 731/862/789 483/870/789 746/871/789
f 490/872/790 745/859/790 760/868/790
f 739/847/791 738/860/791 753/869/791 754/873/791
f 732/849/792 731/862/792 746/871/792 747/874/792
f 740/848/793 739/847/793 754/873/793 755/875/793
f 733/850/794 732/849/794 747/874/794 748/876/794
f 741/851/795 740/848/795 755/875/795 756/877/795
f 734/852/796 733/850/796 748/876/796 749/878/796
f 742/853/797 741/851/797 756/877/797 757/879/797
f 735/854/798 734/852/798 749/878/798 750/880/798
f 743/855/799 742/853/799 757/879/799 758/864/799
f 736/856/800 735/854/800 750/880/800 751/866/800
f 748/876/801 747/874/801 762/881/801 763/882/801
f 756/877/802 755/875/802 770/883/802 771/884/802
f 749/878/803 748/876/803 763/882/803 764/885/803
f 757/879/804 756/877/804 771/884/804 772/886/804
f 750/880/805 749/878/805 764/885/805 765/887/805
f 758/864/806 757/879/806 772/886/806 773/888/806
f 751/866/807 750/880/807 765/887/807 766/889/807
f 759/865/808 758/864/808 773/888/808 774/890/808
f 752/867/809 751/866/809 766/889/809 767/891/809
f 760/868/810 759/865/810 774/890/810 775/892/810
f 753/869/811 752/867/811 767/891/811 768/893/811
f 746/871/812 483/894/812 761/895/812
f 490/896/813 760/868/813 775/892/813
f 754/873/814 753/869/814 768/893/814 769/897/814
f 747/874/815 746/871/815 761/895/815 762/881/815
f 755/875/816 754/873/816 769/897/816 770/883/816
f 767/891/817 766/889/817 781/898/817 782/899/817
f 775/892/818 774/890/818 789/900/818 790/901/818
f 768/893/819 767/891/819 782/899/819 783/902/819
f 761/895/820 483/903/820 776/904/820
f 490/905/821 775/892/821 790/901/821
f 769/897/822 768/893/822 783/902/822 784/906/822
f 762/881/823 761/895/823 776/904/823 777/907/823
f 770/883/824 769/897/824 784/906/824 785/908/824
f 763/882/825 762/881/825 777/907/825 778/909/825
f 771/884/826 770/883/826 785/908/826 786/910/826
f 764/885/827 763/882/827 778/909/827 779/911/827
f 772/886/828 771/884/828 786/910/828 787/912/828
f 765/887/829 764/885/829 779/911/829 780/913/829
f 773/888/830 772/886/830 787/912/830 788/914/830
f 766/889/831 765/887/831 780/913/831 781/898/831
f 774/890/832 773/888/832 788/914/832 789/900/832
f 786/910/833 785/908/833 800/915/833 801/916/833
f 779/911/834 778/909/834 793/917/834 794/918/834
f 787/912/835 786/910/835 801/916/835 802/919/835
f 780/913/836 779/911/836 794/918/836 795/920/836
f 788/914/837 787/912/837 802/919/837 803/921/837
f 781/898/838 780/913/838 795/920/838 796/922/838
f 789/900/839 788/914/839 803/921/839 804/923/839
f 782/899/840 781/898/840 796/922/840 797/924/840
f 790/901/841 789/900/841 804/923/841 805/925/841
f 783/902/842 782/899/842 797/924/842 798/926/842
f 776/904/843 483/927/843 791/928/843
f 490/929/844 790/901/844 805/925/844
f 784/906/845 783/902/845 798/926/845 799/930/845
f 777/907/846 776/904/846 791/928/846 792/931/846
f 785/908/847 784/906/847 799/930/847 800/915/847
f 778/909/848 777/907/848 792/931/848 793/917/848
f 805/925/849 804/923/849 819/932/849 820/933/849
f 798/926/850 797/924/850 812/934/850 813/935/850
f 791/928/851 483/936/851 806/937/851
f 490/938/852 805/925/852 820/933/852
f 799/930/853 798/926/853 813/935/853 814/939/853
f 792/931/854 791/928/854 806/937/854 807/940/854
f 800/915/855 799/930/855 814/939/855 815/941/855
f 793/917/856 792/931/856 807/940/856 808/942/856
f 801/916/857 800/915/857 815/941/857 816/943/857
f 794/918/858 793/917/858 808/942/858 809/944/858
f 802/919/859 801/916/859 816/943/859 817/945/859
f 795/920/860 794/918/860 809/944/860 810/946/860
f 803/921/861 802/919/861 817/945/861 818/947/861
f 796/922/862 795/920/862 810/946/862 811/948/862
f 804/923/863 803/921/863 818/947/863 819/932/863
f 797/924/864 796/922/864 811/948/864 812/934/864
f 817/945/865 816/943/865 831/949/865 832/950/865
f 810/946/866 809/944/866 824/951/866 825/952/866
f 818/947/867 817/945/867 832/950/867 833/953/867
f 811/948/868 810/946/868 825/952/868 826/954/868
f 819/932/869 818/947/869 833/953/869 834/955/869
f 812/934/870 811/948/870 826/954/870 827/956/870
f 820/933/871 819/932/871 834/955/871 835/957/871
f 813/935/872 812/934/872 827/956/872 828/958/872
f 806/937/873 483/959/873 821/960/873
f 490/961/874 820/933/874 835/957/874
f 814/939/875 813/935/875 828/958/875 829/962/875
f 807/940/876 806/937/876 821/960/876 822/963/876
f 815/941/877 814/939/877 829/962/877 830/964/877
f 808/942/878 807/940/878 822/963/878 823/965/878
f 816/943/879 815/941/879 830/964/879 831/949/879
f 809/944/880 808/942/880 823/965/880 824/951/880
f 821/960/881 483/966/881 836/967/881
f 490/968/882 835/957/882 850/969/882
f 829/962/883 828/958/883 843/970/883 844/971/883
f 822/963/884 821/960/884 836/967/884 837/972/884
f 830/964/885 829/962/885 844/971/885 845/973/885
f 823/965/886 822/963/886 837/972/886 838/974/886
f 831/949/887 830/964/887 845/973/887 846/975/887
f 824/951/888 823/965/888 838/974/888 839/976/888
f 832/950/889 831/949/889 846/975/889 847/977/889
f 825/952/890 824/951/890 839/976/890 840/978/890
f 833/953/891 832/950/891 847/977/891 848/979/891
f 826/954/892 825/952/892 840/978/892 841/980/892
f 834/955/893 833/953/893 848/979/893 849/981/893
f 827/956/894 826/954/894 841/980/894 842/982/894
f 835/957/895 834/955/895 849/981/895 850/969/895
f 828/958/896 827/956/896 842/982/896 843/970/896
f 840/983/897 839/984/897 854/985/897 855/986/897
f 848/987/898 847/988/898 862/989/898 863/990/898
f 841/991/899 840/983/899 855/986/899 856/992/899
f 849/993/900 848/987/900 863/990/900 864/994/900
f 842/995/901 841/991/901 856/992/901 857/996/901
f 850/997/902 849/993/902 864/994/902 865/998/902
f 843/999/903 842/995/903 857/996/903 858/1000/903
f 836/1001/904 483/1002/904 851/1003/904
f 490/1004/905 850/997/905 865/998/905
f 844/1005/906 843/999/906 858/1000/906 859/1006/906
f 837/1007/907 836/1001/907 851/1003/907 852/1008/907
f 845/1009/908 844/1005/908 859/1006/908 860/1010/908
f 838/1011/909 837/1007/909 852/1008/909 853/1012/909
f 846/1013/910 845/1009/910 860/1010/910 861/1014/910
f 839/984/911 838/1011/911 853/1012/911 854/985/911
f 847/988/912 846/1013/912 861/1014/912 862/989/912
f 859/1006/913 858/1000/913 873/1015/913 874/1016/913
f 852/1008/914 851/1003/914 866/1017/914 867/1018/914
f 860/1010/915 859/1006/915 874/1016/915 875/1019/915
f 853/1012/916 852/1008/916 867/1018/916 868/1020/916
f 861/1014/917 860/1010/917 875/1019/917 876/1021/917
f 854/985/918 853/1012/918 868/1020/918 869/1022/918
f 862/989/919 861/1014/919 876/1021/919 877/1023/919
f 855/986/920 854/985/920 869/1022/920 870/1024/920
f 863/990/921 862/989/921 877/1023/921 878/1025/921
f 856/992/922 855/986/922 870/1024/922 871/1026/922
f 864/994/923 863/990/923 878/1025/923 879/1027/923
f 857/996/924 856/992/924 871/1026/924 872/1028/924
f 865/998/925 864/994/925 879/1027/925 880/1029/925
f 858/1000/926 857/996/926 872/1028/926 873/1015/926
f 851/1003/927 483/1030/927 866/1017/927
f 490/1031/928 865/998/928 880/1029/928
f 878/1025/929 877/1023/929 892/1032/929 893/1033/929
f 871/1026/930 870/1024/930 885/1034/930 886/1035/930
f 879/1027/931 878/1025/931 893/1033/931 894/1036/931
f 872/1028/932 871/1026/932 886/1035/932 887/1037/932
f 880/1029/933 879/1027/933 894/1036/933 895/1038/933
f 873/1015/934 872/1028/934 887/1037/934 888/1039/934
f 866/1017/935 483/1040/935 881/1041/935
f 490/1042/936 880/1029/936 895/1038/936
f 874/1016/937 873/1015/937 888/1039/937 889/1043/937
f 867/1018/938 866/1017/938 881/1041/938 882/1044/938
f 875/1019/939 874/1016/939 889/1043/939 890/1045/939
f 868/1020/940 867/1018/940 882/1044/940 883/1046/940
f 876/1021/941 875/1019/941 890/1045/941 891/1047/941
f 869/1022/942 868/1020/942 883/1046/942 884/1048/942
f 877/1023/943 876/1021/943 891/1047/943 892/1032/943
f 870/1024/944 869/1022/944 884/1048/944 885/1034/944
f 882/1044/945 881/1041/945 896/1049/945 897/1050/945
f 890/1045/946 889/1043/946 904/1051/946 905/1052/946
f 883/1046/947 882/1044/947 897/1050/947 898/1053/947
f 891/1047/948 890/1045/948 905/1052/948 906/1054/948
f 884/1048/949 883/1046/949 898/1053/949 899/1055/949
f 892/1032/950 891/1047/950 906/1054/950 907/1056/950
f 885/1034/951 884/1048/951 899/1055/951 900/1057/951
f 893/1033/952 892/1032/952 907/1056/952 908/1058/952
f 886/1035/953 885/1034/953 900/1057/953 901/1059/953
f 894/1036/954 893/1033/954 908/1058/954 909/1060/954
f 887/1037/955 886/1035/955 901/1059/955 902/1061/955
f 895/1038/956 894/1036/956 909/1060/956 910/1062/956
f 888/1039/957 887/1037/957 902/1061/957 903/1063/957
f 881/1041/958 483/1064/958 896/1049/958
f 490/1065/959 895/1038/959 910/1062/959
f 889/1043/960 888/1039/960 903/1063/960 904/1051/960
f 901/1059/961 900/1057/961 915/1066/961 916/1067/961
f 909/1060/962 908/1058/962 923/1068/962 924/1069/962
f 902/1061/963 901/1059/963 916/1067/963 917/1070/963
f 910/1062/964 909/1060/964 924/1069/964 925/1071/964
f 903/1063/965 902/1061/965 917/1070/965 918/1072/965
f 896/1049/966 483/1073/966 911/1074/966
f 490/1075/967 910/1062/967 925/1071/967
f 904/1051/968 903/1063/968 918/1072/968 919/1076/968
f 897/1050/969 896/1049/969 911/1074/969 912/1077/969
f 905/1052/970 904/1051/970 919/1076/970 920/1078/970
f 898/1053/971 897/1050/971 912/1077/971 913/1079/971
f 906/1054/972 905/1052/972 920/1078/972 921/1080/972
f 899/1055/973 898/1053/973 913/1079/973 914/1081/973
f 907/1056/974 906/1054/974 921/1080/974 922/1082/974
f 900/1057/975 899/1055/975 914/1081/975 915/1066/975
f 908/1058/976 907/1056/976 922/1082/976 923/1068/976
f 920/1078/977 919/1076/977 934/1083/977 935/1084/977
f 913/1079/978 912/1077/978 927/1085/978 928/1086/978
f 921/1080/979 920/1078/979 935/1084/979 936/1087/979
f 914/1081/980 913/1079/980 928/1086/980 929/1088/980
f 922/1082/981 921/1080/981 936/1087/981 937/1089/981
f 915/1066/982 914/1081/982 929/1088/982 930/1090/982
f 923/1068/983 922/1082/983 937/1089/983 938/1091/983
f 916/1067/984 915/1066/984 930/1090/984 931/1092/984
f 924/1069/985 923/1068/985 938/1091/985 939/1093/985
f 917/1070/986 916/1067/986 931/1092/986 932/1094/986
f 925/1071/987 924/1069/987 939/1093/987 940/1095/987
f 918/1072/988 917/1070/988 932/1094/988 933/1096/988
f 911/1074/989 483/1097/989 926/1098/989
f 490/1099/990 925/1071/990 940/1095/990
f 919/1076/991 918/1072/991 933/1096/991 934/1083/991
f 912/1077/992 911/1074/992 926/1098/992 927/1085/992
f 939/1093/993 938/1091/993 953/1100/993 954/1101/993
f 932/1094/994 931/1092/994 946/1102/994 947/1103/994
f 940/1095/995 939/1093/995 954/1101/995 955/1104/995
f 933/1096/996 932/1094/996 947/1103/996 948/1105/996
f 926/1098/997 483/1106/997 941/1107/997
f 490/1108/998 940/1095/998 955/1104/998
f 934/1083/999 933/1096/999 948/1105/999 949/1109/999
f 927/1085/1000 926/1098/1000 941/1107/1000 942/1110/1000
f 935/1084/1001 934/1083/1001 949/1109/1001 950/1111/1001
f 928/1086/1002 927/1085/1002 942/1110/1002 943/1112/1002
f 936/1087/1003 935/1084/1003 950/1111/1003 951/1113/1003
f 929/1088/1004 928/1086/1004 943/1112/1004 944/1114/1004
f 937/1089/1005 936/1087/1005 951/1113/1005 952/1115/1005
f 930/1090/1006 929/1088/1006 944/1114/1006 945/1116/1006
f 938/1091/1007 937/1089/1007 952/1115/1007 953/1100/1007
f 931/1092/1008 930/1090/1008 945/1116/1008 946/1102/1008
f 951/1113/1009 950/1111/1009 960/565/1009 489/564/1009
f 944/1114/1010 943/1112/1010 484/560/1010 958/568/1010
f 952/1115/1011 951/1113/1011 489/564/1011 961/570/1011
f 945/1116/1012 944/1114/1012 958/568/1012 485/572/1012
f 953/1100/1013 952/1115/1013 961/570/1013 962/574/1013
f 946/1102/1014 945/1116/1014 485/572/1014 959/576/1014
f 954/1101/1015 953/1100/1015 962/574/1015 963/578/1015
f 947/1103/1016 946/1102/1016 959/576/1016 486/580/1016
f 955/1104/1017 954/1101/1017 963/578/1017 964/582/1017
f 948/1105/1018 947/1103/1018 486/580/1018 487/584/1018
f 941/1107/1019 483/1117/1019 956/586/1019
f 490/1118/1020 955/1104/1020 964/582/1020
f 949/1109/1021 948/1105/1021 487/584/1021 488/590/1021
f 942/1110/1022 941/1107/1022 956/586/1022 957/561/1022
f 950/1111/1023 949/1109/1023 488/590/1023 960/565/1023
f 943/1112/1024 942/1110/1024 957/561/1024 484/560/1024
o pernas
v 0.000000 -0.790866 0.000000
v 0.000000 -1.014830 -0.855550
v 0.000000 -1.381479 -1.280420
v 0.000000 -1.860529 -1.510359
v 0.000000 -2.119789 -1.539949
v 0.000000 -2.379049 -1.510359
v 0.000000 -2.858099 -1.280420
v 0.000000 -3.448712 0.000000
v 0.058611 -0.816401 -0.294656
v 0.114969 -0.892025 -0.577989
v 0.166909 -1.014830 -0.839110
v 0.212435 -1.180099 -1.067985
v 0.249798 -1.381479 -1.255817
v 0.277560 -1.611233 -1.395390
v 0.294656 -1.860529 -1.481338
v 0.300429 -2.119789 -1.510359
v 0.294656 -2.379049 -1.481338
v 0.277560 -2.628346 -1.395390
v 0.249798 -2.858099 -1.255817
v 0.212435 -3.059480 -1.067985
v 0.166909 -3.224748 -0.839110
v 0.114969 -3.347554 -0.577989
v 0.058611 -3.423177 -0.294656
v 0.114969 -0.816401 -0.277560
v 0.225520 -0.892025 -0.544454
v 0.327405 -1.014830 -0.790425
v 0.416707 -1.180099 -1.006020
v 0.489996 -1.381479 -1.182954
v 0.544454 -1.611233 -1.314428
v 0.577989 -1.860529 -1.395390
v 0.589313 -2.119789 -1.422727
v 0.577989 -2.379049 -1.395390
v 0.544454 -2.628346 -1.314428
v 0.489996 -2.858099 -1.182954
v 0.416707 -3.059480 -1.006020
v 0.327405 -3.224748 -0.790425
v 0.225520 -3.347554 -0.544454
v 0.114969 -3.423177 -0.277560
v 0.166909 -0.816401 -0.249798
v 0.327405 -0.892025 -0.489996
v 0.475318 -1.014830 -0.711363
v 0.604965 -1.180099 -0.905394
v 0.711363 -1.381479 -1.064631
v 0.790425 -1.611233 -1.182954
v 0.839110 -1.860529 -1.255817
v 0.855550 -2.119789 -1.280420
v 0.839110 -2.379049 -1.255817
v 0.790425 -2.628346 -1.182954
v 0.711363 -2.858099 -1.064631
v 0.604965 -3.059480 -0.905394
v 0.475318 -3.224748 -0.711363
v 0.327405 -3.347554 -0.489996
v 0.166909 -3.423177 -0.249798
v 0.212435 -0.816401 -0.212435
v 0.416707 -0.892025 -0.416707
v 0.604965 -1.014830 -0.604965
v 0.769974 -1.180099 -0.769974
v 0.905394 -1.381479 -0.905394
v 1.006020 -1.611233 -1.006020
v 1.067985 -1.860529 -1.067985
v 1.088908 -2.119789 -1.088908
v 1.067985 -2.379049 -1.067985
v 1.006020 -2.628346 -1.006020
v 0.905394 -2.858099 -0.905394
v 0.769974 -3.059480 -0.769974
v 0.604965 -3.224748 -0.604965
v 0.416707 -3.347554 -0.416707
v 0.212435 -3.423177 -0.212435
v 0.249798 -0.816401 -0.166909
v 0.489996 -0.892025 -0.327405
v 0.711363 -1.014830 -0.475318
v 0.905394 -1.180099 -0.604965
v 1.064631 -1.381479 -0.711363
v 1.182954 -1.611233 -0.790425
v 1.255817 -1.860529 -0.839110
v 1.280420 -2.119789 -0.855549
v 1.255817 -2.379049 -0.839110
v 1.182954 -2.628346 -0.790425
v 1.064631 -2.858099 -0.711363
v 0.905394 -3.059480 -0.604965
v 0.711363 -3.224748 -0.475318
v 0.489996 -3.347554 -0.327405
v 0.249798 -3.423177 -0.166909
v 0.277560 -0.816401 -0.114969
v 0.544454 -0.892025 -0.225520
v 0.790425 -1.014830 -0.327405
v 1.006020 -1.180099 -0.416707
v 1.182954 -1.381479 -0.489995
v 1.314428 -1.611233 -0.544454
v 1.395390 -1.860529 -0.577989
v 1.422727 -2.119789 -0.589312
v 1.395390 -2.379049 -0.577989
v 1.314428 -2.628346 -0.544454
v 1.182954 -2.858099 -0.489995
v 1.006020 -3.059480 -0.416707
v 0.790425 -3.224748 -0.327405
v 0.544454 -3.347554 -0.225520
v 0.277560 -3.423177 -0.114969
v 0.294656 -0.816401 -0.058611
v 0.577989 -0.892025 -0.114969
v 0.839110 -1.014830 -0.166909
v 1.067985 -1.180099 -0.212435
v 1.255817 -1.381479 -0.249797
v 1.395390 -1.611233 -0.277560
v 1.481338 -1.860529 -0.294656
v 1.510359 -2.119789 -0.300429
v 1.481338 -2.379049 -0.294656
v 1.395390 -2.628346 -0.277560
v 1.255817 -2.858099 -0.249797
v 1.067985 -3.059480 -0.212435
v 0.839110 -3.224748 -0.166909
v 0.577989 -3.347554 -0.114969
v 0.294656 -3.423177 -0.058611
v 0.300429 -0.816401 0.000000
v 0.589313 -0.892025 0.000000
v 0.855549 -1.014830 0.000000
v 1.088908 -1.180099 -0.000000
v 1.280420 -1.381479 0.000000
v 1.422727 -1.611233 -0.000000
v 1.510359 -1.860529 0.000000
v 1.539948 -2.119789 0.000000
v 1.510359 -2.379049 0.000000
v 1.422727 -2.628346 -0.000000
v 1.280420 -2.858099 0.000000
v 1.088908 -3.059480 -0.000000
v 0.855549 -3.224748 0.000000
v 0.589313 -3.347554 0.000000
v 0.300429 -3.423177 0.000000
v 0.294656 -0.816401 0.058611
v 0.577989 -0.892025 0.114969
v 0.839110 -1.014830 0.166909
v 1.067985 -1.180099 0.212435
v 1.255817 -1.381479 0.249798
v 1.395390 -1.611233 0.277560
v 1.481337 -1.860529 0.294656
v 1.510358 -2.119789 0.300429
v 1.481337 -2.379049 0.294656
v 1.395390 -2.628346 0.277560
v 1.255817 -2.858099 0.249798
v 1.067985 -3.059480 0.212435
v 0.839110 -3.224748 0.166909
v 0.577989 -3.347554 0.114969
v 0.294656 -3.423177 0.058611
v 0.277560 -0.816401 0.114969
v 0.544454 -0.892025 0.225520
v 0.790424 -1.014830 0.327405
v 1.006020 -1.180099 0.416707
v 1.182954 -1.381479 0.489996
v 1.314428 -1.611233 0.544454
v 1.395389 -1.860529 0.577989
v 1.422726 -2.119789 0.589313
v 1.395389 -2.379049 0.577989
v 1.314428 -2.628346 0.544454
v 1.182954 -2.858099 0.489996
v 1.006020 -3.059480 0.416707
v 0.790424 -3.224748 0.327405
v 0.544454 -3.347554 0.225520
v 0.277560 -3.423177 0.114969
v 0.249798 -0.816401 0.166909
v 0.489996 -0.892025 0.327405
v 0.711363 -1.014830 0.475318
v 0.905394 -1.180099 0.604965
v 1.064630 -1.381479 0.711363
v 1.182954 -1.611233 0.790425
v 1.255817 -1.860529 0.839110
v 1.280420 -2.119789 0.855550
v 1.255817 -2.379049 0.839110
v 1.182954 -2.628346 0.790425
v 1.064630 -2.858099 0.711363
v 0.905394 -3.059480 0.604965
v 0.711363 -3.224748 0.475318
v 0.489996 -3.347554 0.327405
v 0.249798 -3.423177 0.166909
v 0.212435 -0.816401 0.212435
v 0.416707 -0.892025 0.416707
v 0.604965 -1.014830 0.604965
v 0.769974 -1.180099 0.769974
v 0.905394 -1.381479 0.905394
v 1.006020 -1.611233 1.006020
v 1.067985 -1.860529 1.067985
v 1.088907 -2.119789 1.088908
v 1.067985 -2.379049 1.067985
v 1.006020 -2.628346 1.006020
v 0.905394 -2.858099 0.905394
v 0.769974 -3.059480 0.769974
v 0.604965 -3.224748 0.604965
v 0.416707 -3.347554 0.416707
v 0.212435 -3.423177 0.212435
v 0.166909 -0.816401 0.249798
v 0.327405 -0.892025 0.489996
v 0.475318 -1.014830 0.711363
v 0.604965 -1.180099 0.905394
v 0.711363 -1.381479 1.064630
v 0.790425 -1.611233 1.182954
v 0.839110 -1.860529 1.255817
v 0.855549 -2.119789 1.280420
v 0.839110 -2.379049 1.255817
v 0.790425 -2.628346 1.182954
v 0.711363 -2.858099 1.064630
v 0.604965 -3.059480 0.905394
v 0.475318 -3.224748 0.711363
v 0.327405 -3.347554 0.489996
v 0.166909 -3.423177 0.249798
v 0.114969 -0.816401 0.277560
v 0.225520 -0.892025 0.544454
v 0.327404 -1.014830 0.790424
v 0.416707 -1.180099 1.006020
v 0.489995 -1.381479 1.182954
v 0.544454 -1.611233 1.314428
v 0.577989 -1.860529 1.395389
v 0.589312 -2.119789 1.422726
v 0.577989 -2.379049 1.395389
v 0.544454 -2.628346 1.314428
v 0.489995 -2.858099 1.182954
v 0.416707 -3.059480 1.006020
v 0.327404 -3.224748 0.790424
v 0.225520 -3.347554 0.544454
v 0.114969 -3.423177 0.277560
v 0.058611 -0.816401 0.294656
v 0.114969 -0.892025 0.577989
v 0.166909 -1.014830 0.839110
v 0.212435 -1.180099 1.067985
v 0.249797 -1.381479 1.255817
v 0.277560 -1.611233 1.395389
v 0.294656 -1.860529 1.481337
v 0.300428 -2.119789 1.510358
v 0.294656 -2.379049 1.481337
v 0.277560 -2.628346 1.395389
v 0.249797 -2.858099 1.255817
v 0.212435 -3.059480 1.067985
v 0.166909 -3.224748 0.839110
v 0.114969 -3.347554 0.577989
v 0.058611 -3.423177 0.294656
v -0.000000 -0.816401 0.300429
v -0.000000 -0.892025 0.589313
v -0.000000 -1.014830 0.855549
v -0.000000 -1.180099 1.088908
v -0.000000 -1.381479 1.280420
v 0.000000 -1.611233 1.422727
v -0.000000 -1.860529 1.510358
v -0.000001 -2.119789 1.539948
v -0.000000 -2.379049 1.510358
v 0.000000 -2.628346 1.422727
v -0.000000 -2.858099 1.280420
v -0.000000 -3.059480 1.088908
v -0.000000 -3.224748 0.855549
v -0.000000 -3.347554 0.589313
v -0.000000 -3.423177 0.300429
v -0.058611 -0.816401 0.294656
v -0.114969 -0.892025 0.577989
v -0.166910 -1.014830 0.839110
v -0.212435 -1.180099 1.067985
v -0.249798 -1.381479 1.255817
v -0.277560 -1.611233 1.395389
v -0.294657 -1.860529 1.481337
v -0.300429 -2.119789 1.510358
v -0.294657 -2.379049 1.481337
v -0.277560 -2.628346 1.395389
v -0.249798 -2.858099 1.255817
v -0.212435 -3.059480 1.067985
v -0.166910 -3.224748 0.839110
v -0.114969 -3.347554 0.577989
v -0.058611 -3.423177 0.294656
v -0.114969 -0.816401 0.277560
v -0.225520 -0.892025 0.544454
v -0.327405 -1.014830 0.790424
v -0.416707 -1.180099 1.006020
v -0.489996 -1.381479 1.182954
v -0.544454 -1.611233 1.314428
v -0.577989 -1.860529 1.395389
v -0.589313 -2.119789 1.422726
v -0.577989 -2.379049 1.395389
v -0.544454 -2.628346 1.314428
v -0.489996 -2.858099 1.182954
v -0.416707 -3.059480 1.006020
v -0.327405 -3.224748 0.790424
v -0.225520 -3.347554 0.544454
v -0.114969 -3.423177 0.277560
v -0.166909 -0.816401 0.249797
v -0.327405 -0.892025 0.489996
v -0.475318 -1.014830 0.711363
v -0.604965 -1.180099 0.905394
v -0.711363 -1.381479 1.064630
v -0.790424 -1.611233 1.182954
v -0.839110 -1.860529 1.255817
v -0.855549 -2.119789 1.280419
v -0.839110 -2.379049 1.255817
v -0.790424 -2.628346 1.182954
v -0.711363 -2.858099 1.064630
v -0.604965 -3.059480 0.905394
v -0.475318 -3.224748 0.711363
v -0.327405 -3.347554 0.489996
v -0.166909 -3.423177 0.249797
v -0.212435 -0.816401 0.212435
v -0.416707 -0.892025 0.416707
v -0.604965 -1.014830 0.604964
v -0.769974 -1.180099 0.769974
v -0.905394 -1.381479 0.905393
v -1.006019 -1.611233 1.006020
v -1.067985 -1.860529 1.067984
v -1.088908 -2.119789 1.088907
v -1.067985 -2.379049 1.067984
v -1.006019 -2.628346 1.006020
v -0.905394 -2.858099 0.905393
v -0.769974 -3.059480 0.769974
v -0.604965 -3.224748 0.604964
v -0.416707 -3.347554 0.416707
v -0.212435 -3.423177 0.212435
v -0.249797 -0.816401 0.166909
v -0.489996 -0.892025 0.327404
v -0.711363 -1.014830 0.475317
v -0.905394 -1.180099 0.604965
v -1.064630 -1.381479 0.711363
v -1.182954 -1.611233 0.790424
v -1.255817 -1.860529 0.839110
v -1.280420 -2.119789 0.855548
v -1.255817 -2.379049 0.839110
v -1.182954 -2.628346 0.790424
v -1.064630 -2.858099 0.711363
v -0.905394 -3.059480 0.604965
v -0.711363 -3.224748 0.475317
v -0.489996 -3.347554 0.327404
v -0.249797 -3.423177 0.166909
v -0.277560 -0.816401 0.114969
v -0.544454 -0.892025 0.225520
v -0.790424 -1.014830 0.327404
v -1.006020 -1.180099 0.416707
v -1.182954 -1.381479 0.489995
v -1.314428 -1.611233 0.544454
v -1.395389 -1.860529 0.577989
v -1.422726 -2.119789 0.589312
v -1.395389 -2.379049 0.577989
v -1.314428 -2.628346 0.544454
v -1.182954 -2.858099 0.489995
v -1.006020 -3.059480 0.416707
v -0.790424 -3.224748 0.327404
v -0.544454 -3.347554 0.225520
v -0.277560 -3.423177 0.114969
v -0.294656 -0.816401 0.058611
v -0.577989 -0.892025 0.114969
v -0.839110 -1.014830 0.166909
v -1.067985 -1.180099 0.212435
v -1.255817 -1.381479 0.249797
v -1.395389 -1.611233 0.277560
v -1.481337 -1.860529 0.294656
v -1.510358 -2.119789 0.300428
v -1.481337 -2.379049 0.294656
v -1.395389 -2.628346 0.277560
v -1.255817 -2.858099 0.249797
v -1.067985 -3.059480 0.212435
v -0.839110 -3.224748 0.166909
v -0.577989 -3.347554 0.114969
v -0.294656 -3.423177 0.058611
v -0.300429 -0.816401 -0.000000
v -0.589313 -0.892025 -0.000000
v -0.855549 -1.014830 -0.000000
v -1.088908 -1.180099 -0.000000
v -1.280420 -1.381479 -0.000000
v -1.422726 -1.611233 -0.000000
v -1.510358 -1.860529 -0.000000
v -1.539947 -2.119789 -0.000001
v -1.510358 -2.379049 -0.000000
v -1.422726 -2.628346 -0.000000
v -1.280420 -2.858099 -0.000000
v -1.088908 -3.059480 -0.000000
v -0.855549 -3.224748 -0.000000
v -0.589313 -3.347554 -0.000000
v -0.300429 -3.423177 -0.000000
v -0.294656 -0.816401 -0.058611
v -0.577989 -0.892025 -0.114969
v -0.839110 -1.014830 -0.166910
v -1.067985 -1.180099 -0.212435
v -1.255817 -1.381479 -0.249798
v -1.395389 -1.611233 -0.277560
v -1.481337 -1.860529 -0.294657
v -1.510357 -2.119789 -0.300429
v -1.481337 -2.379049 -0.294657
v -1.395389 -2.628346 -0.277560
v -1.255817 -2.858099 -0.249798
v -1.067985 -3.059480 -0.212435
v -0.839110 -3.224748 -0.166910
v -0.577989 -3.347554 -0.114969
v -0.294656 -3.423177 -0.058611
v -0.277560 -0.816401 -0.114969
v -0.544454 -0.892025 -0.225520
v -0.790424 -1.014830 -0.327405
v -1.006020 -1.180099 -0.416707
v -1.182953 -1.381479 -0.489996
v -1.314428 -1.611233 -0.544454
v -1.395389 -1.860529 -0.577989
v -1.422725 -2.119789 -0.589313
v -1.395389 -2.379049 -0.577989
v -1.314428 -2.628346 -0.544454
v -1.182953 -2.858099 -0.489996
v -1.006020 -3.059480 -0.416707
v -0.790424 -3.224748 -0.327405
v -0.544454 -3.347554 -0.225520
v -0.277560 -3.423177 -0.114969
v -0.249797 -0.816401 -0.166909
v -0.489995 -0.892025 -0.327405
v -0.711363 -1.014830 -0.475318
v -0.905394 -1.180099 -0.604965
v -1.064630 -1.381479 -0.711363
v -1.182954 -1.611233 -0.790424
v -1.255817 -1.860529 -0.839110
v -1.280419 -2.119789 -0.855549
v -1.255817 -2.379049 -0.839110
v -1.182954 -2.628346 -0.790424
v -1.064630 -2.858099 -0.711363
v -0.905394 -3.059480 -0.604965
v -0.711363 -3.224748 -0.475318
v -0.489995 -3.347554 -0.327405
v -0.249797 -3.423177 -0.166909
v -0.212435 -0.816401 -0.212435
v -0.416707 -0.892025 -0.416707
v -0.604964 -1.014830 -0.604965
v -0.769974 -1.180099 -0.769974
v -0.905393 -1.381479 -0.905394
v -1.006019 -1.611233 -1.006019
v -1.067984 -1.860529 -1.067985
v -1.088906 -2.119789 -1.088907
v -1.067984 -2.379049 -1.067985
v -1.006019 -2.628346 -1.006019
v -0.905393 -2.858099 -0.905394
v -0.769974 -3.059480 -0.769974
v -0.604964 -3.224748 -0.604965
v -0.416707 -3.347554 -0.416707
v -0.212435 -3.423177 -0.212435
v -0.166909 -0.816401 -0.249797
v -0.327404 -0.892025 -0.489995
v -0.475317 -1.014830 -0.711363
v -0.604965 -1.180099 -0.905394
v -0.711363 -1.381479 -1.064630
v -0.790424 -1.611233 -1.182954
v -0.839110 -1.860529 -1.255817
v -0.855548 -2.119789 -1.280419
v -0.839110 -2.379049 -1.255817
v -0.790424 -2.628346 -1.182954
v -0.711363 -2.858099 -1.064630
v -0.604965 -3.059480 -0.905394
v -0.475317 -3.224748 -0.711363
v -0.327404 -3.347554 -0.489995
v -0.166909 -3.423177 -0.249797
v -0.114969 -0.816401 -0.277560
v -0.225520 -0.892025 -0.544454
v -0.327404 -1.014830 -0.790424
v -0.416707 -1.180099 -1.006020
v -0.489995 -1.381479 -1.182953
v -0.544454 -1.611233 -1.314428
v -0.577989 -1.860529 -1.395389
v -0.589311 -2.119789 -1.422726
v -0.577989 -2.379049 -1.395389
v -0.544454 -2.628346 -1.314428
v -0.489995 -2.858099 -1.182953
v -0.416707 -3.059480 -1.006020
v -0.327404 -3.224748 -0.790424
v -0.225520 -3.347554 -0.544454
v -0.114969 -3.423177 -0.277560
v -0.058611 -0.816401 -0.294656
v -0.114969 -0.892025 -0.577989
v -0.166909 -1.014830 -0.839110
v -0.212435 -1.180099 -1.067985
v -0.249797 -1.381479 -1.255817
v -0.277560 -1.611233 -1.395389
v -0.294656 -1.860529 -1.481337
v -0.300428 -2.119789 -1.510357
v -0.294656 -2.379049 -1.481337
v -0.277560 -2.628346 -1.395389
v -0.249797 -2.858099 -1.255817
v -0.212435 -3.059480 -1.067985
v -0.166909 -3.224748 -0.839110
v -0.114969 -3.347554 -0.577989
v -0.058611 -3.423177 -0.294656
v 0.000000 -0.816401 -0.300429
v 0.000000 -0.892025 -0.589312
v 0.000000 -1.180099 -1.088908
v 0.000000 -1.611233 -1.422726
v 0.000000 -2.628346 -1.422726
v 0.000000 -3.059480 -1.088908
v 0.000000 -3.224748 -0.855549
v 0.000000 -3.347554 -0.589312
v 0.000000 -3.423177 -0.300429
vn 0.0568 0.8147 -0.5770
vn 0.0712 -0.6874 -0.7228
vn 0.0712 0.6874 -0.7228
vn 0.0568 -0.8148 -0.5770
vn 0.0834 0.5247 -0.8472
vn 0.0412 -0.9073 -0.4185
vn 0.0925 0.3302 -0.9394
vn 0.0249 -0.9671 -0.2532
vn 0.0974 0.1129 -0.9888
vn 0.0083 0.9964 -0.0847
vn 0.0083 -0.9964 -0.0847
vn 0.0974 -0.1129 -0.9888
vn 0.0249 0.9671 -0.2532
vn 0.0925 -0.3302 -0.9394
vn 0.0412 0.9073 -0.4185
vn 0.0834 -0.5247 -0.8472
vn 0.2740 -0.3302 -0.9033
vn 0.1221 0.9073 -0.4024
vn 0.2471 -0.5247 -0.8146
vn 0.1683 0.8147 -0.5548
vn 0.2108 -0.6874 -0.6950
vn 0.2108 0.6874 -0.6950
vn 0.1683 -0.8147 -0.5548
vn 0.2471 0.5247 -0.8146
vn 0.1221 -0.9073 -0.4024
vn 0.2740 0.3302 -0.9033
vn 0.0738 -0.9671 -0.2434
vn 0.2884 0.1129 -0.9508
vn 0.0247 0.9964 -0.0814
vn 0.0247 -0.9964 -0.0814
vn 0.2884 -0.1129 -0.9508
vn 0.0738 0.9671 -0.2434
vn 0.1982 -0.9073 -0.3709
vn 0.4450 0.3302 -0.8325
vn 0.1199 -0.9671 -0.2244
vn 0.4684 0.1129 -0.8763
vn 0.0401 0.9964 -0.0750
vn 0.0401 -0.9964 -0.0750
vn 0.4684 -0.1129 -0.8763
vn 0.1199 0.9671 -0.2244
vn 0.4450 -0.3302 -0.8325
vn 0.1982 0.9073 -0.3709
vn 0.4013 -0.5247 -0.7508
vn 0.2733 0.8148 -0.5113
vn 0.3424 -0.6874 -0.6405
vn 0.3424 0.6874 -0.6405
vn 0.2733 -0.8148 -0.5113
vn 0.4013 0.5247 -0.7508
vn 0.5400 -0.5247 -0.6580
vn 0.3678 0.8148 -0.4482
vn 0.4608 -0.6874 -0.5614
vn 0.4608 0.6874 -0.5614
vn 0.3678 -0.8148 -0.4482
vn 0.5400 0.5247 -0.6580
vn 0.2668 -0.9073 -0.3251
vn 0.5988 0.3302 -0.7297
vn 0.1614 -0.9671 -0.1966
vn 0.6303 0.1129 -0.7681
vn 0.0540 0.9964 -0.0658
vn 0.0540 -0.9964 -0.0658
vn 0.6303 -0.1129 -0.7681
vn 0.1614 0.9671 -0.1966
vn 0.5988 -0.3302 -0.7297
vn 0.2668 0.9073 -0.3251
vn 0.1966 -0.9671 -0.1614
vn 0.7681 0.1129 -0.6303
vn 0.0658 0.9964 -0.0540
vn 0.0658 -0.9964 -0.0540
vn 0.7681 -0.1129 -0.6303
vn 0.1966 0.9671 -0.1614
vn 0.7297 -0.3302 -0.5988
vn 0.3251 0.9073 -0.2668
vn 0.6580 -0.5247 -0.5400
vn 0.4482 0.8148 -0.3678
vn 0.5614 -0.6874 -0.4608
vn 0.5614 0.6874 -0.4608
vn 0.4482 -0.8148 -0.3678
vn 0.6580 0.5247 -0.5400
vn 0.3251 -0.9073 -0.2668
vn 0.7297 0.3302 -0.5988
vn 0.5113 0.8147 -0.2733
vn 0.6405 -0.6874 -0.3424
vn 0.6405 0.6874 -0.3424
vn 0.5113 -0.8148 -0.2733
vn 0.7508 0.5247 -0.4013
vn 0.3709 -0.9073 -0.1982
vn 0.8325 0.3302 -0.4450
vn 0.2244 -0.9671 -0.1199
vn 0.8763 0.1129 -0.4684
vn 0.0750 0.9964 -0.0401
vn 0.0750 -0.9964 -0.0401
vn 0.8763 -0.1129 -0.4684
vn 0.2244 0.9671 -0.1199
vn 0.8325 -0.3302 -0.4450
vn 0.3709 0.9073 -0.1982
vn 0.7508 -0.5247 -0.4013
vn 0.9508 0.1129 -0.2884
vn 0.0814 0.9964 -0.0247
vn 0.0814 -0.9964 -0.0247
vn 0.9508 -0.1129 -0.2884
vn 0.2434 0.9671 -0.0738
vn 0.9033 -0.3302 -0.2740
vn 0.4024 0.9073 -0.1221
vn 0.8146 -0.5247 -0.2471
vn 0.5548 0.8148 -0.1683
vn 0.6950 -0.6874 -0.2108
vn 0.6950 0.6874 -0.2108
vn 0.5548 -0.8148 -0.1683
vn 0.8146 0.5247 -0.2471
vn 0.4024 -0.9073 -0.1221
vn 0.9033 0.3302 -0.2740
vn 0.2434 -0.9671 -0.0738
vn 0.7228 -0.6874 -0.0712
vn 0.7228 0.6874 -0.0712
vn 0.5770 -0.8148 -0.0568
vn 0.8472 0.5247 -0.0834
vn 0.4185 -0.9073 -0.0412
vn 0.9394 0.3302 -0.0925
vn 0.2532 -0.9671 -0.0249
vn 0.9888 0.1129 -0.0974
vn 0.0847 0.9964 -0.0083
vn 0.0847 -0.9964 -0.0083
vn 0.9888 -0.1129 -0.0974
vn 0.2532 0.9671 -0.0249
vn 0.9394 -0.3302 -0.0925
vn 0.4185 0.9073 -0.0412
vn 0.8472 -0.5247 -0.0834
vn 0.5770 0.8148 -0.0568
vn 0.0847 0.9964 0.0083
vn 0.0847 -0.9964 0.0083
vn 0.9888 -0.1129 0.0974
vn 0.2532 0.9671 0.0249
vn 0.9394 -0.3302 0.0925
vn 0.4185 0.9073 0.0412
vn 0.8472 -0.5247 0.0834
vn 0.5770 0.8147 0.0568
vn 0.7228 -0.6874 0.0712
vn 0.7228 0.6874 0.0712
vn 0.5770 -0.8148 0.0568
vn 0.8472 0.5247 0.0834
vn 0.4185 -0.9073 0.0412
vn 0.9394 0.3302 0.0925
vn 0.2532 -0.9671 0.0249
vn 0.9888 0.1129 0.0974
vn 0.6950 0.6874 0.2108
vn 0.5548 -0.8148 0.1683
vn 0.8146 0.5247 0.2471
vn 0.4024 -0.9073 0.1221
vn 0.9033 0.3302 0.2740
vn 0.2434 -0.9671 0.0738
vn 0.9508 0.1129 0.2884
vn 0.0814 0.9964 0.0247
vn 0.0814 -0.9964 0.0247
vn 0.9508 -0.1129 0.2884
vn 0.2434 0.9671 0.0738
vn 0.9033 -0.3302 0.2740
vn 0.4024 0.9073 0.1221
vn 0.8146 -0.5247 0.2471
vn 0.5548 0.8148 0.1683
vn 0.6950 -0.6874 0.2108
vn 0.8763 -0.1129 0.4684
vn 0.2244 0.9671 0.1199
vn 0.8325 -0.3302 0.4450
vn 0.3709 0.9073 0.1982
vn 0.7508 -0.5247 0.4013
vn 0.5113 0.8148 0.2733
vn 0.6405 -0.6874 0.3424
vn 0.6405 0.6874 0.3424
vn 0.5113 -0.8148 0.2733
vn 0.7508 0.5247 0.4013
vn 0.3709 -0.9073 0.1982
vn 0.8325 0.3302 0.4450
vn 0.2244 -0.9671 0.1199
vn 0.8763 0.1129 0.4684
vn 0.0750 0.9964 0.0401
vn 0.0750 -0.9964 0.0401
vn 0.4482 -0.8148 0.3678
vn 0.6580 0.5247 0.5400
vn 0.3251 -0.9073 0.2668
vn 0.7297 0.3302 0.5988
vn 0.1966 -0.9671 0.1614
vn 0.7681 0.1129 0.6303
vn 0.0658 0.9964 0.0540
vn 0.0658 -0.9964 0.0540
vn 0.7681 -0.1129 0.6303
vn 0.1966 0.9671 0.1614
vn 0.7297 -0.3302 0.5988
vn 0.3251 0.9073 0.2668
vn 0.6580 -0.5247 0.5400
vn 0.4482 0.8148 0.3678
vn 0.5614 -0.6874 0.4608
vn 0.5614 0.6874 0.4608
vn 0.5988 -0.3302 0.7297
vn 0.2668 0.9073 0.3251
vn 0.5400 -0.5247 0.6580
vn 0.3678 0.8148 0.4482
vn 0.4608 -0.6874 0.5614
vn 0.4608 0.6874 0.5614
vn 0.3678 -0.8148 0.4482
vn 0.5400 0.5247 0.6580
vn 0.2668 -0.9073 0.3251
vn 0.5988 0.3302 0.7297
vn 0.1614 -0.9671 0.1966
vn 0.6303 0.1129 0.7681
vn 0.0540 0.9964 0.0658
vn 0.0540 -0.9964 0.0658
vn 0.6303 -0.1129 0.7681
vn 0.1614 0.9671 0.1966
vn 0.1982 -0.9073 0.3709
vn 0.4450 0.3302 0.8325
vn 0.1199 -0.9671 0.2244
vn 0.4684 0.1129 0.8763
vn 0.0401 0.9964 0.0750
vn 0.0401 -0.9964 0.0750
vn 0.4684 -0.1129 0.8763
vn 0.1199 0.9671 0.2244
vn 0.4450 -0.3302 0.8325
vn 0.1982 0.9073 0.3709
vn 0.4013 -0.5247 0.7508
vn 0.2733 0.8148 0.5113
vn 0.3424 -0.6874 0.6405
vn 0.3424 0.6874 0.6405
vn 0.2733 -0.8148 0.5113
vn 0.4013 0.5247 0.7508
vn 0.1221 0.9073 0.4024
vn 0.2471 -0.5247 0.8146
vn 0.1683 0.8148 0.5548
vn 0.2108 -0.6874 0.6950
vn 0.2108 0.6874 0.6950
vn 0.1683 -0.8148 0.5548
vn 0.2471 0.5247 0.8146
vn 0.1221 -0.9073 0.4024
vn 0.2740 0.3302 0.9033
vn 0.0738 -0.9671 0.2434
vn 0.2884 0.1129 0.9508
vn 0.0247 0.9964 0.0814
vn 0.0247 -0.9964 0.0814
vn 0.2884 -0.1129 0.9508
vn 0.0738 0.9671 0.2434
vn 0.2740 -0.3302 0.9033
vn 0.0925 0.3302 0.9394
vn 0.0249 -0.9671 0.2532
vn 0.0974 0.1129 0.9888
vn 0.0083 0.9964 0.0847
vn 0.0083 -0.9964 0.0847
vn 0.0974 -0.1129 0.9888
vn 0.0249 0.9671 0.2532
vn 0.0925 -0.3302 0.9394
vn 0.0412 0.9073 0.4185
vn 0.0834 -0.5247 0.8472
vn 0.0568 0.8148 0.5770
vn 0.0712 -0.6874 0.7228
vn 0.0712 0.6874 0.7228
vn 0.0568 -0.8148 0.5770
vn 0.0834 0.5247 0.8472
vn 0.0412 -0.9073 0.4185
vn -0.0834 -0.5247 0.8472
vn -0.0568 0.8148 0.5770
vn -0.0712 -0.6874 0.7228
vn -0.0712 0.6874 0.7228
vn -0.0568 -0.8148 0.5770
vn -0.0834 0.5247 0.8472
vn -0.0412 -0.9073 0.4185
vn -0.0925 0.3302 0.9394
vn -0.0249 -0.9671 0.2532
vn -0.0974 0.1129 0.9888
vn -0.0083 0.9964 0.0847
vn -0.0083 -0.9964 0.0847
vn -0.0974 -0.1129 0.9888
vn -0.0249 0.9671 0.2532
vn -0.0925 -0.3302 0.9394
vn -0.0412 0.9073 0.4185
vn -0.0738 -0.9671 0.2434
vn -0.2884 0.1129 0.9508
vn -0.0247 0.9964 0.0814
vn -0.0247 -0.9964 0.0814
vn -0.2884 -0.1129 0.9508
vn -0.0738 0.9671 0.2434
vn -0.2740 -0.3302 0.9033
vn -0.1221 0.9073 0.4024
vn -0.2471 -0.5247 0.8146
vn -0.1683 0.8148 0.5548
vn -0.2108 -0.6874 0.6950
vn -0.2108 0.6874 0.6950
vn -0.1683 -0.8148 0.5548
vn -0.2471 0.5247 0.8146
vn -0.1221 -0.9073 0.4024
vn -0.2740 0.3302 0.9033
vn -0.2733 0.8148 0.5113
vn -0.3424 -0.6874 0.6405
vn -0.3424 0.6874 0.6405
vn -0.2733 -0.8148 0.5113
vn -0.4013 0.5247 0.7508
vn -0.1982 -0.9073 0.3709
vn -0.4450 0.3302 0.8325
vn -0.1199 -0.9671 0.2244
vn -0.4684 0.1129 0.8763
vn -0.0401 0.9964 0.0750
vn -0.0401 -0.9964 0.0750
vn -0.4684 -0.1129 0.8763
vn -0.1199 0.9671 0.2244
vn -0.4450 -0.3302 0.8325
vn -0.1982 0.9073 0.3709
vn -0.4013 -0.5247 0.7508
vn -0.6303 0.1129 0.7681
vn -0.0540 0.9964 0.0658
vn -0.0540 -0.9964 0.0658
vn -0.6303 -0.1129 0.7681
vn -0.1614 0.9671 0.1966
vn -0.5988 -0.3302 0.7297
vn -0.2668 0.9073 0.3251
vn -0.5400 -0.5247 0.6580
vn -0.3678 0.8148 0.4482
vn -0.4608 -0.6874 0.5614
vn -0.4608 0.6874 0.5614
vn -0.3678 -0.8148 0.4482
vn -0.5400 0.5247 0.6580
vn -0.2668 -0.9073 0.3251
vn -0.5988 0.3302 0.7297
vn -0.1614 -0.9671 0.1966
vn -0.5614 -0.6874 0.4608
vn -0.5614 0.6874 0.4608
vn -0.4482 -0.8148 0.3678
vn -0.6580 0.5247 0.5400
vn -0.3251 -0.9073 0.2668
vn -0.7297 0.3302 0.5988
vn -0.1966 -0.9671 0.1614
vn -0.7681 0.1129 0.6303
vn -0.0658 0.9964 0.0540
vn -0.0658 -0.9964 0.0540
vn -0.7681 -0.1129 0.6303
vn -0.1966 0.9671 0.1614
vn -0.7297 -0.3302 0.5988
vn -0.3251 0.9073 0.2668
vn -0.6580 -0.5247 0.5400
vn -0.4482 0.8148 0.3678
vn -0.0750 -0.9964 0.0401
vn -0.8763 -0.1129 0.4684
vn -0.2244 0.9671 0.1199
vn -0.8325 -0.3302 0.4450
vn -0.3709 0.9073 0.1982
vn -0.7508 -0.5247 0.4013
vn -0.5113 0.8148 0.2733
vn -0.6405 -0.6874 0.3424
vn -0.6405 0.6874 0.3424
vn -0.5113 -0.8148 0.2733
vn -0.7508 0.5247 0.4013
vn -0.3709 -0.9073 0.1982
vn -0.8325 0.3302 0.4450
vn -0.2244 -0.9671 0.1199
vn -0.8763 0.1129 0.4684
vn -0.0750 0.9964 0.0401
vn -0.5548 -0.8148 0.1683
vn -0.8146 0.5247 0.2471
vn -0.4024 -0.9073 0.1221
vn -0.9033 0.3302 0.2740
vn -0.2434 -0.9671 0.0738
vn -0.9508 0.1129 0.2884
vn -0.0814 0.9964 0.0247
vn -0.0814 -0.9964 0.0247
vn -0.9508 -0.1129 0.2884
vn -0.2434 0.9671 0.0738
vn -0.9033 -0.3302 0.2740
vn -0.4024 0.9073 0.1221
vn -0.8146 -0.5247 0.2471
vn -0.5548 0.8148 0.1683
vn -0.6950 -0.6874 0.2108
vn -0.6950 0.6874 0.2108
vn -0.2532 0.9671 0.0249
vn -0.9394 -0.3302 0.0925
vn -0.4185 0.9073 0.0412
vn -0.8472 -0.5247 0.0834
vn -0.5770 0.8148 0.0568
vn -0.7228 -0.6874 0.0712
vn -0.7228 0.6874 0.0712
vn -0.5770 -0.8148 0.0568
vn -0.8472 0.5247 0.0834
vn -0.4185 -0.9073 0.0412
vn -0.9394 0.3302 0.0925
vn -0.2532 -0.9671 0.0249
vn -0.9888 0.1129 0.0974
vn -0.0847 0.9964 0.0083
vn -0.0847 -0.9964 0.0083
vn -0.9888 -0.1129 0.0974
vn -0.8472 0.5247 -0.0834
vn -0.4185 -0.9073 -0.0412
vn -0.9394 0.3302 -0.0925
vn -0.2532 -0.9671 -0.0249
vn -0.9888 0.1129 -0.0974
vn -0.0847 0.9964 -0.0083
vn -0.0847 -0.9964 -0.0083
vn -0.9888 -0.1129 -0.0974
vn -0.2532 0.9671 -0.0249
vn -0.9394 -0.3302 -0.0925
vn -0.4185 0.9073 -0.0412
vn -0.8472 -0.5247 -0.0834
vn -0.5770 0.8148 -0.0568
vn -0.7228 -0.6874 -0.0712
vn -0.7228 0.6874 -0.0712
vn -0.5770 -0.8148 -0.0568
vn -0.9033 -0.3302 -0.2740
vn -0.4024 0.9073 -0.1221
vn -0.8146 -0.5247 -0.2471
vn -0.5548 0.8148 -0.1683
vn -0.6950 -0.6874 -0.2108
vn -0.6950 0.6874 -0.2108
vn -0.5548 -0.8148 -0.1683
vn -0.8146 0.5247 -0.2471
vn -0.4024 -0.9073 -0.1221
vn -0.9033 0.3302 -0.2740
vn -0.2434 -0.9671 -0.0738
vn -0.9508 0.1129 -0.2884
vn -0.0814 0.9964 -0.0247
vn -0.0814 -0.9964 -0.0247
vn -0.9508 -0.1129 -0.2884
vn -0.2434 0.9671 -0.0738
vn -0.3709 -0.9073 -0.1982
vn -0.8325 0.3302 -0.4450
vn -0.2244 -0.9671 -0.1199
vn -0.8763 0.1129 -0.4684
vn -0.0750 0.9964 -0.0401
vn -0.0750 -0.9964 -0.0401
vn -0.8763 -0.1129 -0.4684
vn -0.2244 0.9671 -0.1199
vn -0.8325 -0.3302 -0.4450
vn -0.3709 0.9073 -0.1982
vn -0.7508 -0.5247 -0.4013
vn -0.5113 0.8148 -0.2733
vn -0.6405 -0.6874 -0.3424
vn -0.6405 0.6874 -0.3424
vn -0.5113 -0.8148 -0.2733
vn -0.7508 0.5247 -0.4013
vn -0.3251 0.9073 -0.2668
vn -0.6580 -0.5247 -0.5400
vn -0.4482 0.8148 -0.3678
vn -0.5614 -0.6874 -0.4608
vn -0.5614 0.6874 -0.4608
vn -0.4482 -0.8148 -0.3678
vn -0.6580 0.5247 -0.5400
vn -0.3251 -0.9073 -0.2668
vn -0.7297 0.3302 -0.5988
vn -0.1966 -0.9671 -0.1614
vn -0.7681 0.1129 -0.6303
vn -0.0658 0.9964 -0.0540
vn -0.0658 -0.9964 -0.0540
vn -0.7681 -0.1129 -0.6303
vn -0.1966 0.9671 -0.1614
vn -0.7297 -0.3302 -0.5988
vn -0.5988 0.3302 -0.7297
vn -0.1614 -0.9671 -0.1966
vn -0.6303 0.1129 -0.7681
vn -0.0540 0.9964 -0.0658
vn -0.0540 -0.9964 -0.0658
vn -0.6303 -0.1129 -0.7681
vn -0.1614 0.9671 -0.1966
vn -0.5988 -0.3302 -0.7297
vn -0.2668 0.9073 -0.3251
vn -0.5400 -0.5247 -0.6580
vn -0.3678 0.8148 -0.4482
vn -0.4608 -0.6874 -0.5614
vn -0.4608 0.6874 -0.5614
vn -0.3678 -0.8148 -0.4482
vn -0.5400 0.5247 -0.6580
vn -0.2668 -0.9073 -0.3251
vn -0.4013 -0.5247 -0.7508
vn -0.2733 0.8148 -0.5113
vn -0.3424 -0.6874 -0.6405
vn -0.3424 0.6874 -0.6405
vn -0.2733 -0.8148 -0.5113
vn -0.4013 0.5247 -0.7508
vn -0.1982 -0.9073 -0.3709
vn -0.4450 0.3302 -0.8325
vn -0.1199 -0.9671 -0.2244
vn -0.4684 0.1129 -0.8763
vn -0.0401 0.9964 -0.0750
vn -0.0401 -0.9964 -0.0750
vn -0.4684 -0.1129 -0.8763
vn -0.1199 0.9671 -0.2244
vn -0.4450 -0.3302 -0.8325
vn -0.1982 0.9073 -0.3709
vn -0.0738 -0.9671 -0.2434
vn -0.2884 0.1129 -0.9508
vn -0.0247 0.9964 -0.0814
vn -0.0247 -0.9964 -0.0814
vn -0.2884 -0.1129 -0.9508
vn -0.0738 0.9671 -0.2434
vn -0.2740 -0.3302 -0.9033
vn -0.1221 0.9073 -0.4024
vn -0.2471 -0.5247 -0.8146
vn -0.1683 0.8148 -0.5548
vn -0.2108 -0.6874 -0.6950
vn -0.2108 0.6874 -0.6950
vn -0.1683 -0.8148 -0.5548
vn -0.2471 0.5247 -0.8146
vn -0.1221 -0.9073 -0.4024
vn -0.2740 0.3302 -0.9033
vn -0.0712 -0.6874 -0.7228
vn -0.0712 0.6874 -0.7228
vn -0.0568 -0.8148 -0.5770
vn -0.0834 0.5247 -0.8472
vn -0.0412 -0.9073 -0.4185
vn -0.0925 0.3302 -0.9394
vn -0.0249 -0.9671 -0.2532
vn -0.0974 0.1129 -0.9888
vn -0.0083 0.9964 -0.0847
vn -0.0083 -0.9964 -0.0847
vn -0.0974 -0.1129 -0.9888
vn -0.0249 0.9671 -0.2532
vn -0.0925 -0.3302 -0.9394
vn -0.0412 0.9073 -0.4185
vn -0.0834 -0.5247 -0.8472
vn -0.0568 0.8148 -0.5770
vt 0.750000 0.750000
vt 0.750000 0.812500
vt 0.718750 0.812500
vt 0.718750 0.750000
vt 0.750000 0.250000
vt 0.750000 0.312500
vt 0.718750 0.312500
vt 0.718750 0.250000
vt 0.750000 0.687500
vt 0.718750 0.687500
vt 0.750000 0.187500
vt 0.718750 0.187500
vt 0.750000 0.625000
vt 0.718750 0.625000
vt 0.750000 0.125000
vt 0.718750 0.125000
vt 0.750000 0.562500
vt 0.718750 0.562500
vt 0.750000 0.062500
vt 0.718750 0.062500
vt 0.750000 0.500000
vt 0.718750 0.500000
vt 0.750000 0.937500
vt 0.734375 1.000000
vt 0.718750 0.937500
vt 0.734375 0.000000
vt 0.750000 0.437500
vt 0.718750 0.437500
vt 0.750000 0.875000
vt 0.718750 0.875000
vt 0.750000 0.375000
vt 0.718750 0.375000
vt 0.687500 0.437500
vt 0.687500 0.375000
vt 0.687500 0.875000
vt 0.687500 0.812500
vt 0.687500 0.312500
vt 0.687500 0.750000
vt 0.687500 0.250000
vt 0.687500 0.687500
vt 0.687500 0.187500
vt 0.687500 0.625000
vt 0.687500 0.125000
vt 0.687500 0.562500
vt 0.687500 0.062500
vt 0.687500 0.500000
vt 0.703125 1.000000
vt 0.687500 0.937500
vt 0.703125 0.000000
vt 0.656250 0.187500
vt 0.656250 0.125000
vt 0.656250 0.625000
vt 0.656250 0.562500
vt 0.656250 0.062500
vt 0.656250 0.500000
vt 0.671875 1.000000
vt 0.656250 0.937500
vt 0.671875 0.000000
vt 0.656250 0.437500
vt 0.656250 0.875000
vt 0.656250 0.375000
vt 0.656250 0.812500
vt 0.656250 0.312500
vt 0.656250 0.750000
vt 0.656250 0.250000
vt 0.656250 0.687500
vt 0.625000 0.375000
vt 0.625000 0.312500
vt 0.625000 0.812500
vt 0.625000 0.750000
vt 0.625000 0.250000
vt 0.625000 0.687500
vt 0.625000 0.187500
vt 0.625000 0.625000
vt 0.625000 0.125000
vt 0.625000 0.562500
vt 0.625000 0.062500
vt 0.625000 0.500000
vt 0.640625 1.000000
vt 0.625000 0.937500
vt 0.640625 0.000000
vt 0.625000 0.437500
vt 0.625000 0.875000
vt 0.593750 0.125000
vt 0.593750 0.062500
vt 0.593750 0.562500
vt 0.593750 0.500000
vt 0.609375 1.000000
vt 0.593750 0.937500
vt 0.609375 0.000000
vt 0.593750 0.437500
vt 0.593750 0.875000
vt 0.593750 0.375000
vt 0.593750 0.812500
vt 0.593750 0.312500
vt 0.593750 0.750000
vt 0.593750 0.250000
vt 0.593750 0.687500
vt 0.593750 0.187500
vt 0.593750 0.625000
vt 0.562500 0.812500
vt 0.562500 0.750000
vt 0.562500 0.312500
vt 0.562500 0.250000
vt 0.562500 0.687500
vt 0.562500 0.187500
vt 0.562500 0.625000
vt 0.562500 0.125000
vt 0.562500 0.562500
vt 0.562500 0.062500
vt 0.562500 0.500000
vt 0.578125 1.000000
vt 0.562500 0.937500
vt 0.578125 0.000000
vt 0.562500 0.437500
vt 0.562500 0.875000
vt 0.562500 0.375000
vt 0.531250 0.562500
vt 0.531250 0.500000
vt 0.546875 1.000000
vt 0.531250 0.937500
vt 0.546875 0.000000
vt 0.531250 0.062500
vt 0.531250 0.437500
vt 0.531250 0.875000
vt 0.531250 0.375000
vt 0.531250 0.812500
vt 0.531250 0.312500
vt 0.531250 0.750000
vt 0.531250 0.250000
vt 0.531250 0.687500
vt 0.531250 0.187500
vt 0.531250 0.625000
vt 0.531250 0.125000
vt 0.500000 0.312500
vt 0.500000 0.250000
vt 0.500000 0.750000
vt 0.500000 0.687500
vt 0.500000 0.187500
vt 0.500000 0.625000
vt 0.500000 0.125000
vt 0.500000 0.562500
vt 0.500000 0.062500
vt 0.500000 0.500000
vt 0.515625 1.000000
vt 0.500000 0.937500
vt 0.515625 0.000000
vt 0.500000 0.437500
vt 0.500000 0.875000
vt 0.500000 0.375000
vt 0.500000 0.812500
vt 0.484375 1.000000
vt 0.468750 0.937500
vt 0.484375 0.000000
vt 0.468750 0.062500
vt 0.468750 0.500000
vt 0.468750 0.437500
vt 0.468750 0.875000
vt 0.468750 0.375000
vt 0.468750 0.812500
vt 0.468750 0.312500
vt 0.468750 0.750000
vt 0.468750 0.250000
vt 0.468750 0.687500
vt 0.468750 0.187500
vt 0.468750 0.625000
vt 0.468750 0.125000
vt 0.468750 0.562500
vt 0.437500 0.750000
vt 0.437500 0.687500
vt 0.437500 0.250000
vt 0.437500 0.187500
vt 0.437500 0.625000
vt 0.437500 0.125000
vt 0.437500 0.562500
vt 0.437500 0.062500
vt 0.437500 0.500000
vt 0.453125 1.000000
vt 0.437500 0.937500
vt 0.453125 0.000000
vt 0.437500 0.437500
vt 0.437500 0.875000
vt 0.437500 0.375000
vt 0.437500 0.812500
vt 0.437500 0.312500
vt 0.406250 0.500000
vt 0.406250 0.437500
vt 0.406250 0.937500
vt 0.406250 0.875000
vt 0.406250 0.375000
vt 0.406250 0.812500
vt 0.406250 0.312500
vt 0.406250 0.750000
vt 0.406250 0.250000
vt 0.406250 0.687500
vt 0.406250 0.187500
vt 0.406250 0.625000
vt 0.406250 0.125000
vt 0.406250 0.562500
vt 0.406250 0.062500
vt 0.421875 1.000000
vt 0.421875 0.000000
vt 0.375000 0.250000
vt 0.375000 0.187500
vt 0.375000 0.687500
vt 0.375000 0.625000
vt 0.375000 0.125000
vt 0.375000 0.562500
vt 0.375000 0.062500
vt 0.375000 0.500000
vt 0.390625 1.000000
vt 0.375000 0.937500
vt 0.390625 0.000000
vt 0.375000 0.437500
vt 0.375000 0.875000
vt 0.375000 0.375000
vt 0.375000 0.812500
vt 0.375000 0.312500
vt 0.375000 0.750000
vt 0.343750 0.437500
vt 0.343750 0.375000
vt 0.343750 0.875000
vt 0.343750 0.812500
vt 0.343750 0.312500
vt 0.343750 0.750000
vt 0.343750 0.250000
vt 0.343750 0.687500
vt 0.343750 0.187500
vt 0.343750 0.625000
vt 0.343750 0.125000
vt 0.343750 0.562500
vt 0.343750 0.062500
vt 0.343750 0.500000
vt 0.359375 1.000000
vt 0.343750 0.937500
vt 0.359375 0.000000
vt 0.312500 0.187500
vt 0.312500 0.125000
vt 0.312500 0.625000
vt 0.312500 0.562500
vt 0.312500 0.062500
vt 0.312500 0.500000
vt 0.328125 1.000000
vt 0.312500 0.937500
vt 0.328125 0.000000
vt 0.312500 0.437500
vt 0.312500 0.875000
vt 0.312500 0.375000
vt 0.312500 0.812500
vt 0.312500 0.312500
vt 0.312500 0.750000
vt 0.312500 0.250000
vt 0.312500 0.687500
vt 0.281250 0.875000
vt 0.281250 0.812500
vt 0.281250 0.375000
vt 0.281250 0.312500
vt 0.281250 0.750000
vt 0.281250 0.250000
vt 0.281250 0.687500
vt 0.281250 0.187500
vt 0.281250 0.625000
vt 0.281250 0.125000
vt 0.281250 0.562500
vt 0.281250 0.062500
vt 0.281250 0.500000
vt 0.296875 1.000000
vt 0.281250 0.937500
vt 0.296875 0.000000
vt 0.281250 0.437500
vt 0.250000 0.625000
vt 0.250000 0.562500
vt 0.250000 0.125000
vt 0.250000 0.062500
vt 0.250000 0.500000
vt 0.265625 1.000000
vt 0.250000 0.937500
vt 0.265625 0.000000
vt 0.250000 0.437500
vt 0.250000 0.875000
vt 0.250000 0.375000
vt 0.250000 0.812500
vt 0.250000 0.312500
vt 0.250000 0.750000
vt 0.250000 0.250000
vt 0.250000 0.687500
vt 0.250000 0.187500
vt 0.218750 0.375000
vt 0.218750 0.312500
vt 0.218750 0.812500
vt 0.218750 0.750000
vt 0.218750 0.250000
vt 0.218750 0.687500
vt 0.218750 0.187500
vt 0.218750 0.625000
vt 0.218750 0.125000
vt 0.218750 0.562500
vt 0.218750 0.062500
vt 0.218750 0.500000
vt 0.234375 1.000000
vt 0.218750 0.937500
vt 0.234375 0.000000
vt 0.218750 0.437500
vt 0.218750 0.875000
vt 0.187500 0.125000
vt 0.187500 0.062500
vt 0.187500 0.562500
vt 0.187500 0.500000
vt 0.203125 1.000000
vt 0.187500 0.937500
vt 0.203125 0.000000
vt 0.187500 0.437500
vt 0.187500 0.875000
vt 0.187500 0.375000
vt 0.187500 0.812500
vt 0.187500 0.312500
vt 0.187500 0.750000
vt 0.187500 0.250000
vt 0.187500 0.687500
vt 0.187500 0.187500
vt 0.187500 0.625000
vt 0.156250 0.812500
vt 0.156250 0.750000
vt 0.156250 0.312500
vt 0.156250 0.250000
vt 0.156250 0.687500
vt 0.156250 0.187500
vt 0.156250 0.625000
vt 0.156250 0.125000
vt 0.156250 0.562500
vt 0.156250 0.062500
vt 0.156250 0.500000
vt 0.171875 1.000000
vt 0.156250 0.937500
vt 0.171875 0.000000
vt 0.156250 0.437500
vt 0.156250 0.875000
vt 0.156250 0.375000
vt 0.125000 0.562500
vt 0.125000 0.500000
vt 0.140625 1.000000
vt 0.125000 0.937500
vt 0.140625 0.000000
vt 0.125000 0.062500
vt 0.125000 0.437500
vt 0.125000 0.875000
vt 0.125000 0.375000
vt 0.125000 0.812500
vt 0.125000 0.312500
vt 0.125000 0.750000
vt 0.125000 0.250000
vt 0.125000 0.687500
vt 0.125000 0.187500
vt 0.125000 0.625000
vt 0.125000 0.125000
vt 0.093750 0.312500
vt 0.093750 0.250000
vt 0.093750 0.750000
vt 0.093750 0.687500
vt 0.093750 0.187500
vt 0.093750 0.625000
vt 0.093750 0.125000
vt 0.093750 0.562500
vt 0.093750 0.062500
vt 0.093750 0.500000
vt 0.109375 1.000000
vt 0.093750 0.937500
vt 0.109375 0.000000
vt 0.093750 0.437500
vt 0.093750 0.875000
vt 0.093750 0.375000
vt 0.093750 0.812500
vt 0.078125 0.000000
vt 0.062500 0.062500
vt 0.062500 0.500000
vt 0.062500 0.437500
vt 0.062500 0.937500
vt 0.062500 0.875000
vt 0.062500 0.375000
vt 0.062500 0.812500
vt 0.062500 0.312500
vt 0.062500 0.750000
vt 0.062500 0.250000
vt 0.062500 0.687500
vt 0.062500 0.187500
vt 0.062500 0.625000
vt 0.062500 0.125000
vt 0.062500 0.562500
vt 0.078125 1.000000
vt 0.031250 0.250000
vt 0.031250 0.187500
vt 0.031250 0.687500
vt 0.031250 0.625000
vt 0.031250 0.125000
vt 0.031250 0.562500
vt 0.031250 0.062500
vt 0.031250 0.500000
vt 0.046875 1.000000
vt 0.031250 0.937500
vt 0.046875 0.000000
vt 0.031250 0.437500
vt 0.031250 0.875000
vt 0.031250 0.375000
vt 0.031250 0.812500
vt 0.031250 0.312500
vt 0.031250 0.750000
vt 0.000000 0.937500
vt 0.000000 0.875000
vt 0.000000 0.437500
vt 0.000000 0.375000
vt 0.000000 0.812500
vt 0.000000 0.312500
vt 0.000000 0.750000
vt 0.000000 0.250000
vt 0.000000 0.687500
vt 0.000000 0.187500
vt 0.000000 0.625000
vt 0.000000 0.125000
vt 0.000000 0.562500
vt 0.000000 0.062500
vt 0.000000 0.500000
vt 0.015625 1.000000
vt 0.015625 0.000000
vt 1.000000 0.625000
vt 1.000000 0.687500
vt 0.968750 0.687500
vt 0.968750 0.625000
vt 1.000000 0.125000
vt 1.000000 0.187500
vt 0.968750 0.187500
vt 0.968750 0.125000
vt 1.000000 0.562500
vt 0.968750 0.562500
vt 1.000000 0.062500
vt 0.968750 0.062500
vt 1.000000 0.500000
vt 0.968750 0.500000
vt 1.000000 0.937500
vt 0.984375 1.000000
vt 0.968750 0.937500
vt 0.984375 0.000000
vt 1.000000 0.437500
vt 0.968750 0.437500
vt 1.000000 0.875000
vt 0.968750 0.875000
vt 1.000000 0.375000
vt 0.968750 0.375000
vt 1.000000 0.812500
vt 0.968750 0.812500
vt 1.000000 0.312500
vt 0.968750 0.312500
vt 1.000000 0.750000
vt 0.968750 0.750000
vt 1.000000 0.250000
vt 0.968750 0.250000
vt 0.937500 0.437500
vt 0.937500 0.375000
vt 0.937500 0.875000
vt 0.937500 0.812500
vt 0.937500 0.312500
vt 0.937500 0.750000
vt 0.937500 0.250000
vt 0.937500 0.687500
vt 0.937500 0.187500
vt 0.937500 0.625000
vt 0.937500 0.125000
vt 0.937500 0.562500
vt 0.937500 0.062500
vt 0.937500 0.500000
vt 0.953125 1.000000
vt 0.937500 0.937500
vt 0.953125 0.000000
vt 0.906250 0.187500
vt 0.906250 0.125000
vt 0.906250 0.625000
vt 0.906250 0.562500
vt 0.906250 0.062500
vt 0.906250 0.500000
vt 0.921875 1.000000
vt 0.906250 0.937500
vt 0.921875 0.000000
vt 0.906250 0.437500
vt 0.906250 0.875000
vt 0.906250 0.375000
vt 0.906250 0.812500
vt 0.906250 0.312500
vt 0.906250 0.750000
vt 0.906250 0.250000
vt 0.906250 0.687500
vt 0.875000 0.875000
vt 0.875000 0.812500
vt 0.875000 0.375000
vt 0.875000 0.312500
vt 0.875000 0.750000
vt 0.875000 0.250000
vt 0.875000 0.687500
vt 0.875000 0.187500
vt 0.875000 0.625000
vt 0.875000 0.125000
vt 0.875000 0.562500
vt 0.875000 0.062500
vt 0.875000 0.500000
vt 0.890625 1.000000
vt 0.875000 0.937500
vt 0.890625 0.000000
vt 0.875000 0.437500
vt 0.843750 0.625000
vt 0.843750 0.562500
vt 0.843750 0.125000
vt 0.843750 0.062500
vt 0.843750 0.500000
vt 0.859375 1.000000
vt 0.843750 0.937500
vt 0.859375 0.000000
vt 0.843750 0.437500
vt 0.843750 0.875000
vt 0.843750 0.375000
vt 0.843750 0.812500
vt 0.843750 0.312500
vt 0.843750 0.750000
vt 0.843750 0.250000
vt 0.843750 0.687500
vt 0.843750 0.187500
vt 0.812500 0.375000
vt 0.812500 0.312500
vt 0.812500 0.812500
vt 0.812500 0.750000
vt 0.812500 0.250000
vt 0.812500 0.687500
vt 0.812500 0.187500
vt 0.812500 0.625000
vt 0.812500 0.125000
vt 0.812500 0.562500
vt 0.812500 0.062500
vt 0.812500 0.500000
vt 0.828125 1.000000
vt 0.812500 0.937500
vt 0.828125 0.000000
vt 0.812500 0.437500
vt 0.812500 0.875000
vt 0.781250 0.125000
vt 0.781250 0.062500
vt 0.781250 0.562500
vt 0.781250 0.500000
vt 0.796875 1.000000
vt 0.781250 0.937500
vt 0.796875 0.000000
vt 0.781250 0.437500
vt 0.781250 0.875000
vt 0.781250 0.375000
vt 0.781250 0.812500
vt 0.781250 0.312500
vt 0.781250 0.750000
vt 0.781250 0.250000
vt 0.781250 0.687500
vt 0.781250 0.187500
vt 0.781250 0.625000
vt 0.765625 1.000000
vt 0.765625 0.000000
s 0
f 1440/1119/1025 966/1120/1025 975/1121/1025 976/1122/1025
f 1443/1123/1026 971/1124/1026 983/1125/1026 984/1126/1026
f 967/1127/1027 1440/1119/1027 976/1122/1027 977/1128/1027
f 1444/1129/1028 1443/1123/1028 984/1126/1028 985/1130/1028
f 1441/1131/1029 967/1127/1029 977/1128/1029 978/1132/1029
f 1445/1133/1030 1444/1129/1030 985/1130/1030 986/1134/1030
f 968/1135/1031 1441/1131/1031 978/1132/1031 979/1136/1031
f 1446/1137/1032 1445/1133/1032 986/1134/1032 987/1138/1032
f 969/1139/1033 968/1135/1033 979/1136/1033 980/1140/1033
f 1438/1141/1034 965/1142/1034 973/1143/1034
f 972/1144/1035 1446/1137/1035 987/1138/1035
f 970/1145/1036 969/1139/1036 980/1140/1036 981/1146/1036
f 1439/1147/1037 1438/1141/1037 973/1143/1037 974/1148/1037
f 1442/1149/1038 970/1145/1038 981/1146/1038 982/1150/1038
f 966/1120/1039 1439/1147/1039 974/1148/1039 975/1121/1039
f 971/1124/1040 1442/1149/1040 982/1150/1040 983/1125/1040
f 982/1150/1041 981/1146/1041 996/1151/1041 997/1152/1041
f 975/1121/1042 974/1148/1042 989/1153/1042 990/1154/1042
f 983/1125/1043 982/1150/1043 997/1152/1043 998/1155/1043
f 976/1122/1044 975/1121/1044 990/1154/1044 991/1156/1044
f 984/1126/1045 983/1125/1045 998/1155/1045 999/1157/1045
f 977/1128/1046 976/1122/1046 991/1156/1046 992/1158/1046
f 985/1130/1047 984/1126/1047 999/1157/1047 1000/1159/1047
f 978/1132/1048 977/1128/1048 992/1158/1048 993/1160/1048
f 986/1134/1049 985/1130/1049 1000/1159/1049 1001/1161/1049
f 979/1136/1050 978/1132/1050 993/1160/1050 994/1162/1050
f 987/1138/1051 986/1134/1051 1001/1161/1051 1002/1163/1051
f 980/1140/1052 979/1136/1052 994/1162/1052 995/1164/1052
f 973/1143/1053 965/1165/1053 988/1166/1053
f 972/1167/1054 987/1138/1054 1002/1163/1054
f 981/1146/1055 980/1140/1055 995/1164/1055 996/1151/1055
f 974/1148/1056 973/1143/1056 988/1166/1056 989/1153/1056
f 1001/1161/1057 1000/1159/1057 1015/1168/1057 1016/1169/1057
f 994/1162/1058 993/1160/1058 1008/1170/1058 1009/1171/1058
f 1002/1163/1059 1001/1161/1059 1016/1169/1059 1017/1172/1059
f 995/1164/1060 994/1162/1060 1009/1171/1060 1010/1173/1060
f 988/1166/1061 965/1174/1061 1003/1175/1061
f 972/1176/1062 1002/1163/1062 1017/1172/1062
f 996/1151/1063 995/1164/1063 1010/1173/1063 1011/1177/1063
f 989/1153/1064 988/1166/1064 1003/1175/1064 1004/1178/1064
f 997/1152/1065 996/1151/1065 1011/1177/1065 1012/1179/1065
f 990/1154/1066 989/1153/1066 1004/1178/1066 1005/1180/1066
f 998/1155/1067 997/1152/1067 1012/1179/1067 1013/1181/1067
f 991/1156/1068 990/1154/1068 1005/1180/1068 1006/1182/1068
f 999/1157/1069 998/1155/1069 1013/1181/1069 1014/1183/1069
f 992/1158/1070 991/1156/1070 1006/1182/1070 1007/1184/1070
f 1000/1159/1071 999/1157/1071 1014/1183/1071 1015/1168/1071
f 993/1160/1072 992/1158/1072 1007/1184/1072 1008/1170/1072
f 1013/1181/1073 1012/1179/1073 1027/1185/1073 1028/1186/1073
f 1006/1182/1074 1005/1180/1074 1020/1187/1074 1021/1188/1074
f 1014/1183/1075 1013/1181/1075 1028/1186/1075 1029/1189/1075
f 1007/1184/1076 1006/1182/1076 1021/1188/1076 1022/1190/1076
f 1015/1168/1077 1014/1183/1077 1029/1189/1077 1030/1191/1077
f 1008/1170/1078 1007/1184/1078 1022/1190/1078 1023/1192/1078
f 1016/1169/1079 1015/1168/1079 1030/1191/1079 1031/1193/1079
f 1009/1171/1080 1008/1170/1080 1023/1192/1080 1024/1194/1080
f 1017/1172/1081 1016/1169/1081 1031/1193/1081 1032/1195/1081
f 1010/1173/1082 1009/1171/1082 1024/1194/1082 1025/1196/1082
f 1003/1175/1083 965/1197/1083 1018/1198/1083
f 972/1199/1084 1017/1172/1084 1032/1195/1084
f 1011/1177/1085 1010/1173/1085 1025/1196/1085 1026/1200/1085
f 1004/1178/1086 1003/1175/1086 1018/1198/1086 1019/1201/1086
f 1012/1179/1087 1011/1177/1087 1026/1200/1087 1027/1185/1087
f 1005/1180/1088 1004/1178/1088 1019/1201/1088 1020/1187/1088
f 1032/1195/1089 1031/1193/1089 1046/1202/1089 1047/1203/1089
f 1025/1196/1090 1024/1194/1090 1039/1204/1090 1040/1205/1090
f 1018/1198/1091 965/1206/1091 1033/1207/1091
f 972/1208/1092 1032/1195/1092 1047/1203/1092
f 1026/1200/1093 1025/1196/1093 1040/1205/1093 1041/1209/1093
f 1019/1201/1094 1018/1198/1094 1033/1207/1094 1034/1210/1094
f 1027/1185/1095 1026/1200/1095 1041/1209/1095 1042/1211/1095
f 1020/1187/1096 1019/1201/1096 1034/1210/1096 1035/1212/1096
f 1028/1186/1097 1027/1185/1097 1042/1211/1097 1043/1213/1097
f 1021/1188/1098 1020/1187/1098 1035/1212/1098 1036/1214/1098
f 1029/1189/1099 1028/1186/1099 1043/1213/1099 1044/1215/1099
f 1022/1190/1100 1021/1188/1100 1036/1214/1100 1037/1216/1100
f 1030/1191/1101 1029/1189/1101 1044/1215/1101 1045/1217/1101
f 1023/1192/1102 1022/1190/1102 1037/1216/1102 1038/1218/1102
f 1031/1193/1103 1030/1191/1103 1045/1217/1103 1046/1202/1103
f 1024/1194/1104 1023/1192/1104 1038/1218/1104 1039/1204/1104
f 1036/1214/1105 1035/1212/1105 1050/1219/1105 1051/1220/1105
f 1044/1215/1106 1043/1213/1106 1058/1221/1106 1059/1222/1106
f 1037/1216/1107 1036/1214/1107 1051/1220/1107 1052/1223/1107
f 1045/1217/1108 1044/1215/1108 1059/1222/1108 1060/1224/1108
f 1038/1218/1109 1037/1216/1109 1052/1223/1109 1053/1225/1109
f 1046/1202/1110 1045/1217/1110 1060/1224/1110 1061/1226/1110
f 1039/1204/1111 1038/1218/1111 1053/1225/1111 1054/1227/1111
f 1047/1203/1112 1046/1202/1112 1061/1226/1112 1062/1228/1112
f 1040/1205/1113 1039/1204/1113 1054/1227/1113 1055/1229/1113
f 1033/1207/1114 965/1230/1114 1048/1231/1114
f 972/1232/1115 1047/1203/1115 1062/1228/1115
f 1041/1209/1116 1040/1205/1116 1055/1229/1116 1056/1233/1116
f 1034/1210/1117 1033/1207/1117 1048/1231/1117 1049/1234/1117
f 1042/1211/1118 1041/1209/1118 1056/1233/1118 1057/1235/1118
f 1035/1212/1119 1034/1210/1119 1049/1234/1119 1050/1219/1119
f 1043/1213/1120 1042/1211/1120 1057/1235/1120 1058/1221/1120
f 1055/1229/1121 1054/1227/1121 1069/1236/1121 1070/1237/1121
f 1048/1231/1122 965/1238/1122 1063/1239/1122
f 972/1240/1123 1062/1228/1123 1077/1241/1123
f 1056/1233/1124 1055/1229/1124 1070/1237/1124 1071/1242/1124
f 1049/1234/1125 1048/1231/1125 1063/1239/1125 1064/1243/1125
f 1057/1235/1126 1056/1233/1126 1071/1242/1126 1072/1244/1126
f 1050/1219/1127 1049/1234/1127 1064/1243/1127 1065/1245/1127
f 1058/1221/1128 1057/1235/1128 1072/1244/1128 1073/1246/1128
f 1051/1220/1129 1050/1219/1129 1065/1245/1129 1066/1247/1129
f 1059/1222/1130 1058/1221/1130 1073/1246/1130 1074/1248/1130
f 1052/1223/1131 1051/1220/1131 1066/1247/1131 1067/1249/1131
f 1060/1224/1132 1059/1222/1132 1074/1248/1132 1075/1250/1132
f 1053/1225/1133 1052/1223/1133 1067/1249/1133 1068/1251/1133
f 1061/1226/1134 1060/1224/1134 1075/1250/1134 1076/1252/1134
f 1054/1227/1135 1053/1225/1135 1068/1251/1135 1069/1236/1135
f 1062/1228/1136 1061/1226/1136 1076/1252/1136 1077/1241/1136
f 1074/1248/1137 1073/1246/1137 1088/1253/1137 1089/1254/1137
f 1067/1249/1138 1066/1247/1138 1081/1255/1138 1082/1256/1138
f 1075/1250/1139 1074/1248/1139 1089/1254/1139 1090/1257/1139
f 1068/1251/1140 1067/1249/1140 1082/1256/1140 1083/1258/1140
f 1076/1252/1141 1075/1250/1141 1090/1257/1141 1091/1259/1141
f 1069/1236/1142 1068/1251/1142 1083/1258/1142 1084/1260/1142
f 1077/1241/1143 1076/1252/1143 1091/1259/1143 1092/1261/1143
f 1070/1237/1144 1069/1236/1144 1084/1260/1144 1085/1262/1144
f 1063/1239/1145 965/1263/1145 1078/1264/1145
f 972/1265/1146 1077/1241/1146 1092/1261/1146
f 1071/1242/1147 1070/1237/1147 1085/1262/1147 1086/1266/1147
f 1064/1243/1148 1063/1239/1148 1078/1264/1148 1079/1267/1148
f 1072/1244/1149 1071/1242/1149 1086/1266/1149 1087/1268/1149
f 1065/1245/1150 1064/1243/1150 1079/1267/1150 1080/1269/1150
f 1073/1246/1151 1072/1244/1151 1087/1268/1151 1088/1253/1151
f 1066/1247/1152 1065/1245/1152 1080/1269/1152 1081/1255/1152
f 1078/1264/1153 965/1270/1153 1093/1271/1153
f 972/1272/1154 1092/1261/1154 1107/1273/1154
f 1086/1266/1155 1085/1262/1155 1100/1274/1155 1101/1275/1155
f 1079/1267/1156 1078/1264/1156 1093/1271/1156 1094/1276/1156
f 1087/1268/1157 1086/1266/1157 1101/1275/1157 1102/1277/1157
f 1080/1269/1158 1079/1267/1158 1094/1276/1158 1095/1278/1158
f 1088/1253/1159 1087/1268/1159 1102/1277/1159 1103/1279/1159
f 1081/1255/1160 1080/1269/1160 1095/1278/1160 1096/1280/1160
f 1089/1254/1161 1088/1253/1161 1103/1279/1161 1104/1281/1161
f 1082/1256/1162 1081/1255/1162 1096/1280/1162 1097/1282/1162
f 1090/1257/1163 1089/1254/1163 1104/1281/1163 1105/1283/1163
f 1083/1258/1164 1082/1256/1164 1097/1282/1164 1098/1284/1164
f 1091/1259/1165 1090/1257/1165 1105/1283/1165 1106/1285/1165
f 1084/1260/1166 1083/1258/1166 1098/1284/1166 1099/1286/1166
f 1092/1261/1167 1091/1259/1167 1106/1285/1167 1107/1273/1167
f 1085/1262/1168 1084/1260/1168 1099/1286/1168 1100/1274/1168
f 1097/1282/1169 1096/1280/1169 1111/1287/1169 1112/1288/1169
f 1105/1283/1170 1104/1281/1170 1119/1289/1170 1120/1290/1170
f 1098/1284/1171 1097/1282/1171 1112/1288/1171 1113/1291/1171
f 1106/1285/1172 1105/1283/1172 1120/1290/1172 1121/1292/1172
f 1099/1286/1173 1098/1284/1173 1113/1291/1173 1114/1293/1173
f 1107/1273/1174 1106/1285/1174 1121/1292/1174 1122/1294/1174
f 1100/1274/1175 1099/1286/1175 1114/1293/1175 1115/1295/1175
f 1093/1271/1176 965/1296/1176 1108/1297/1176
f 972/1298/1177 1107/1273/1177 1122/1294/1177
f 1101/1275/1178 1100/1274/1178 1115/1295/1178 1116/1299/1178
f 1094/1276/1179 1093/1271/1179 1108/1297/1179 1109/1300/1179
f 1102/1277/1180 1101/1275/1180 1116/1299/1180 1117/1301/1180
f 1095/1278/1181 1094/1276/1181 1109/1300/1181 1110/1302/1181
f 1103/1279/1182 1102/1277/1182 1117/1301/1182 1118/1303/1182
f 1096/1280/1183 1095/1278/1183 1110/1302/1183 1111/1287/1183
f 1104/1281/1184 1103/1279/1184 1118/1303/1184 1119/1289/1184
f 1116/1299/1185 1115/1295/1185 1130/1304/1185 1131/1305/1185
f 1109/1300/1186 1108/1297/1186 1123/1306/1186 1124/1307/1186
f 1117/1301/1187 1116/1299/1187 1131/1305/1187 1132/1308/1187
f 1110/1302/1188 1109/1300/1188 1124/1307/1188 1125/1309/1188
f 1118/1303/1189 1117/1301/1189 1132/1308/1189 1133/1310/1189
f 1111/1287/1190 1110/1302/1190 1125/1309/1190 1126/1311/1190
f 1119/1289/1191 1118/1303/1191 1133/1310/1191 1134/1312/1191
f 1112/1288/1192 1111/1287/1192 1126/1311/1192 1127/1313/1192
f 1120/1290/1193 1119/1289/1193 1134/1312/1193 1135/1314/1193
f 1113/1291/1194 1112/1288/1194 1127/1313/1194 1128/1315/1194
f 1121/1292/1195 1120/1290/1195 1135/1314/1195 1136/1316/1195
f 1114/1293/1196 1113/1291/1196 1128/1315/1196 1129/1317/1196
f 1122/1294/1197 1121/1292/1197 1136/1316/1197 1137/1318/1197
f 1115/1295/1198 1114/1293/1198 1129/1317/1198 1130/1304/1198
f 1108/1297/1199 965/1319/1199 1123/1306/1199
f 972/1320/1200 1122/1294/1200 1137/1318/1200
f 1135/1314/1201 1134/1312/1201 1149/1321/1201 1150/1322/1201
f 1128/1315/1202 1127/1313/1202 1142/1323/1202 1143/1324/1202
f 1136/1316/1203 1135/1314/1203 1150/1322/1203 1151/1325/1203
f 1129/1317/1204 1128/1315/1204 1143/1324/1204 1144/1326/1204
f 1137/1318/1205 1136/1316/1205 1151/1325/1205 1152/1327/1205
f 1130/1304/1206 1129/1317/1206 1144/1326/1206 1145/1328/1206
f 1123/1306/1207 965/1329/1207 1138/1330/1207
f 972/1331/1208 1137/1318/1208 1152/1327/1208
f 1131/1305/1209 1130/1304/1209 1145/1328/1209 1146/1332/1209
f 1124/1307/1210 1123/1306/1210 1138/1330/1210 1139/1333/1210
f 1132/1308/1211 1131/1305/1211 1146/1332/1211 1147/1334/1211
f 1125/1309/1212 1124/1307/1212 1139/1333/1212 1140/1335/1212
f 1133/1310/1213 1132/1308/1213 1147/1334/1213 1148/1336/1213
f 1126/1311/1214 1125/1309/1214 1140/1335/1214 1141/1337/1214
f 1134/1312/1215 1133/1310/1215 1148/1336/1215 1149/1321/1215
f 1127/1313/1216 1126/1311/1216 1141/1337/1216 1142/1323/1216
f 1147/1334/1217 1146/1332/1217 1161/1338/1217 1162/1339/1217
f 1140/1335/1218 1139/1333/1218 1154/1340/1218 1155/1341/1218
f 1148/1336/1219 1147/1334/1219 1162/1339/1219 1163/1342/1219
f 1141/1337/1220 1140/1335/1220 1155/1341/1220 1156/1343/1220
f 1149/1321/1221 1148/1336/1221 1163/1342/1221 1164/1344/1221
f 1142/1323/1222 1141/1337/1222 1156/1343/1222 1157/1345/1222
f 1150/1322/1223 1149/1321/1223 1164/1344/1223 1165/1346/1223
f 1143/1324/1224 1142/1323/1224 1157/1345/1224 1158/1347/1224
f 1151/1325/1225 1150/1322/1225 1165/1346/1225 1166/1348/1225
f 1144/1326/1226 1143/1324/1226 1158/1347/1226 1159/1349/1226
f 1152/1327/1227 1151/1325/1227 1166/1348/1227 1167/1350/1227
f 1145/1328/1228 1144/1326/1228 1159/1349/1228 1160/1351/1228
f 1138/1330/1229 965/1352/1229 1153/1353/1229
f 972/1354/1230 1152/1327/1230 1167/1350/1230
f 1146/1332/1231 1145/1328/1231 1160/1351/1231 1161/1338/1231
f 1139/1333/1232 1138/1330/1232 1153/1353/1232 1154/1340/1232
f 1166/1348/1233 1165/1346/1233 1180/1355/1233 1181/1356/1233
f 1159/1349/1234 1158/1347/1234 1173/1357/1234 1174/1358/1234
f 1167/1350/1235 1166/1348/1235 1181/1356/1235 1182/1359/1235
f 1160/1351/1236 1159/1349/1236 1174/1358/1236 1175/1360/1236
f 1153/1353/1237 965/1361/1237 1168/1362/1237
f 972/1363/1238 1167/1350/1238 1182/1359/1238
f 1161/1338/1239 1160/1351/1239 1175/1360/1239 1176/1364/1239
f 1154/1340/1240 1153/1353/1240 1168/1362/1240 1169/1365/1240
f 1162/1339/1241 1161/1338/1241 1176/1364/1241 1177/1366/1241
f 1155/1341/1242 1154/1340/1242 1169/1365/1242 1170/1367/1242
f 1163/1342/1243 1162/1339/1243 1177/1366/1243 1178/1368/1243
f 1156/1343/1244 1155/1341/1244 1170/1367/1244 1171/1369/1244
f 1164/1344/1245 1163/1342/1245 1178/1368/1245 1179/1370/1245
f 1157/1345/1246 1156/1343/1246 1171/1369/1246 1172/1371/1246
f 1165/1346/1247 1164/1344/1247 1179/1370/1247 1180/1355/1247
f 1158/1347/1248 1157/1345/1248 1172/1371/1248 1173/1357/1248
f 1170/1367/1249 1169/1365/1249 1184/1372/1249 1185/1373/1249
f 1178/1368/1250 1177/1366/1250 1192/1374/1250 1193/1375/1250
f 1171/1369/1251 1170/1367/1251 1185/1373/1251 1186/1376/1251
f 1179/1370/1252 1178/1368/1252 1193/1375/1252 1194/1377/1252
f 1172/1371/1253 1171/1369/1253 1186/1376/1253 1187/1378/1253
f 1180/1355/1254 1179/1370/1254 1194/1377/1254 1195/1379/1254
f 1173/1357/1255 1172/1371/1255 1187/1378/1255 1188/1380/1255
f 1181/1356/1256 1180/1355/1256 1195/1379/1256 1196/1381/1256
f 1174/1358/1257 1173/1357/1257 1188/1380/1257 1189/1382/1257
f 1182/1359/1258 1181/1356/1258 1196/1381/1258 1197/1383/1258
f 1175/1360/1259 1174/1358/1259 1189/1382/1259 1190/1384/1259
f 1168/1362/1260 965/1385/1260 1183/1386/1260
f 972/1387/1261 1182/1359/1261 1197/1383/1261
f 1176/1364/1262 1175/1360/1262 1190/1384/1262 1191/1388/1262
f 1169/1365/1263 1168/1362/1263 1183/1386/1263 1184/1372/1263
f 1177/1366/1264 1176/1364/1264 1191/1388/1264 1192/1374/1264
f 1189/1382/1265 1188/1380/1265 1203/1389/1265 1204/1390/1265
f 1197/1383/1266 1196/1381/1266 1211/1391/1266 1212/1392/1266
f 1190/1384/1267 1189/1382/1267 1204/1390/1267 1205/1393/1267
f 1183/1386/1268 965/1394/1268 1198/1395/1268
f 972/1396/1269 1197/1383/1269 1212/1392/1269
f 1191/1388/1270 1190/1384/1270 1205/1393/1270 1206/1397/1270
f 1184/1372/1271 1183/1386/1271 1198/1395/1271 1199/1398/1271
f 1192/1374/1272 1191/1388/1272 1206/1397/1272 1207/1399/1272
f 1185/1373/1273 1184/1372/1273 1199/1398/1273 1200/1400/1273
f 1193/1375/1274 1192/1374/1274 1207/1399/1274 1208/1401/1274
f 1186/1376/1275 1185/1373/1275 1200/1400/1275 1201/1402/1275
f 1194/1377/1276 1193/1375/1276 1208/1401/1276 1209/1403/1276
f 1187/1378/1277 1186/1376/1277 1201/1402/1277 1202/1404/1277
f 1195/1379/1278 1194/1377/1278 1209/1403/1278 1210/1405/1278
f 1188/1380/1279 1187/1378/1279 1202/1404/1279 1203/1389/1279
f 1196/1381/1280 1195/1379/1280 1210/1405/1280 1211/1391/1280
f 1208/1401/1281 1207/1399/1281 1222/1406/1281 1223/1407/1281
f 1201/1402/1282 1200/1400/1282 1215/1408/1282 1216/1409/1282
f 1209/1403/1283 1208/1401/1283 1223/1407/1283 1224/1410/1283
f 1202/1404/1284 1201/1402/1284 1216/1409/1284 1217/1411/1284
f 1210/1405/1285 1209/1403/1285 1224/1410/1285 1225/1412/1285
f 1203/1389/1286 1202/1404/1286 1217/1411/1286 1218/1413/1286
f 1211/1391/1287 1210/1405/1287 1225/1412/1287 1226/1414/1287
f 1204/1390/1288 1203/1389/1288 1218/1413/1288 1219/1415/1288
f 1212/1392/1289 1211/1391/1289 1226/1414/1289 1227/1416/1289
f 1205/1393/1290 1204/1390/1290 1219/1415/1290 1220/1417/1290
f 1198/1395/1291 965/1418/1291 1213/1419/1291
f 972/1420/1292 1212/1392/1292 1227/1416/1292
f 1206/1397/1293 1205/1393/1293 1220/1417/1293 1221/1421/1293
f 1199/1398/1294 1198/1395/1294 1213/1419/1294 1214/1422/1294
f 1207/1399/1295 1206/1397/1295 1221/1421/1295 1222/1406/1295
f 1200/1400/1296 1199/1398/1296 1214/1422/1296 1215/1408/1296
f 1227/1416/1297 1226/1414/1297 1241/1423/1297 1242/1424/1297
f 1220/1417/1298 1219/1415/1298 1234/1425/1298 1235/1426/1298
f 1213/1419/1299 965/1427/1299 1228/1428/1299
f 972/1429/1300 1227/1416/1300 1242/1424/1300
f 1221/1421/1301 1220/1417/1301 1235/1426/1301 1236/1430/1301
f 1214/1422/1302 1213/1419/1302 1228/1428/1302 1229/1431/1302
f 1222/1406/1303 1221/1421/1303 1236/1430/1303 1237/1432/1303
f 1215/1408/1304 1214/1422/1304 1229/1431/1304 1230/1433/1304
f 1223/1407/1305 1222/1406/1305 1237/1432/1305 1238/1434/1305
f 1216/1409/1306 1215/1408/1306 1230/1433/1306 1231/1435/1306
f 1224/1410/1307 1223/1407/1307 1238/1434/1307 1239/1436/1307
f 1217/1411/1308 1216/1409/1308 1231/1435/1308 1232/1437/1308
f 1225/1412/1309 1224/1410/1309 1239/1436/1309 1240/1438/1309
f 1218/1413/1310 1217/1411/1310 1232/1437/1310 1233/1439/1310
f 1226/1414/1311 1225/1412/1311 1240/1438/1311 1241/1423/1311
f 1219/1415/1312 1218/1413/1312 1233/1439/1312 1234/1425/1312
f 1231/1435/1313 1230/1433/1313 1245/1440/1313 1246/1441/1313
f 1239/1436/1314 1238/1434/1314 1253/1442/1314 1254/1443/1314
f 1232/1437/1315 1231/1435/1315 1246/1441/1315 1247/1444/1315
f 1240/1438/1316 1239/1436/1316 1254/1443/1316 1255/1445/1316
f 1233/1439/1317 1232/1437/1317 1247/1444/1317 1248/1446/1317
f 1241/1423/1318 1240/1438/1318 1255/1445/1318 1256/1447/1318
f 1234/1425/1319 1233/1439/1319 1248/1446/1319 1249/1448/1319
f 1242/1424/1320 1241/1423/1320 1256/1447/1320 1257/1449/1320
f 1235/1426/1321 1234/1425/1321 1249/1448/1321 1250/1450/1321
f 1228/1428/1322 965/1451/1322 1243/1452/1322
f 972/1453/1323 1242/1424/1323 1257/1449/1323
f 1236/1430/1324 1235/1426/1324 1250/1450/1324 1251/1454/1324
f 1229/1431/1325 1228/1428/1325 1243/1452/1325 1244/1455/1325
f 1237/1432/1326 1236/1430/1326 1251/1454/1326 1252/1456/1326
f 1230/1433/1327 1229/1431/1327 1244/1455/1327 1245/1440/1327
f 1238/1434/1328 1237/1432/1328 1252/1456/1328 1253/1442/1328
f 1250/1450/1329 1249/1448/1329 1264/1457/1329 1265/1458/1329
f 1243/1452/1330 965/1459/1330 1258/1460/1330
f 972/1461/1331 1257/1449/1331 1272/1462/1331
f 1251/1454/1332 1250/1450/1332 1265/1458/1332 1266/1463/1332
f 1244/1455/1333 1243/1452/1333 1258/1460/1333 1259/1464/1333
f 1252/1456/1334 1251/1454/1334 1266/1463/1334 1267/1465/1334
f 1245/1440/1335 1244/1455/1335 1259/1464/1335 1260/1466/1335
f 1253/1442/1336 1252/1456/1336 1267/1465/1336 1268/1467/1336
f 1246/1441/1337 1245/1440/1337 1260/1466/1337 1261/1468/1337
f 1254/1443/1338 1253/1442/1338 1268/1467/1338 1269/1469/1338
f 1247/1444/1339 1246/1441/1339 1261/1468/1339 1262/1470/1339
f 1255/1445/1340 1254/1443/1340 1269/1469/1340 1270/1471/1340
f 1248/1446/1341 1247/1444/1341 1262/1470/1341 1263/1472/1341
f 1256/1447/1342 1255/1445/1342 1270/1471/1342 1271/1473/1342
f 1249/1448/1343 1248/1446/1343 1263/1472/1343 1264/1457/1343
f 1257/1449/1344 1256/1447/1344 1271/1473/1344 1272/1462/1344
f 1269/1469/1345 1268/1467/1345 1283/1474/1345 1284/1475/1345
f 1262/1470/1346 1261/1468/1346 1276/1476/1346 1277/1477/1346
f 1270/1471/1347 1269/1469/1347 1284/1475/1347 1285/1478/1347
f 1263/1472/1348 1262/1470/1348 1277/1477/1348 1278/1479/1348
f 1271/1473/1349 1270/1471/1349 1285/1478/1349 1286/1480/1349
f 1264/1457/1350 1263/1472/1350 1278/1479/1350 1279/1481/1350
f 1272/1462/1351 1271/1473/1351 1286/1480/1351 1287/1482/1351
f 1265/1458/1352 1264/1457/1352 1279/1481/1352 1280/1483/1352
f 1258/1460/1353 965/1484/1353 1273/1485/1353
f 972/1486/1354 1272/1462/1354 1287/1482/1354
f 1266/1463/1355 1265/1458/1355 1280/1483/1355 1281/1487/1355
f 1259/1464/1356 1258/1460/1356 1273/1485/1356 1274/1488/1356
f 1267/1465/1357 1266/1463/1357 1281/1487/1357 1282/1489/1357
f 1260/1466/1358 1259/1464/1358 1274/1488/1358 1275/1490/1358
f 1268/1467/1359 1267/1465/1359 1282/1489/1359 1283/1474/1359
f 1261/1468/1360 1260/1466/1360 1275/1490/1360 1276/1476/1360
f 972/1491/1361 1287/1482/1361 1302/1492/1361
f 1281/1487/1362 1280/1483/1362 1295/1493/1362 1296/1494/1362
f 1274/1488/1363 1273/1485/1363 1288/1495/1363 1289/1496/1363
f 1282/1489/1364 1281/1487/1364 1296/1494/1364 1297/1497/1364
f 1275/1490/1365 1274/1488/1365 1289/1496/1365 1290/1498/1365
f 1283/1474/1366 1282/1489/1366 1297/1497/1366 1298/1499/1366
f 1276/1476/1367 1275/1490/1367 1290/1498/1367 1291/1500/1367
f 1284/1475/1368 1283/1474/1368 1298/1499/1368 1299/1501/1368
f 1277/1477/1369 1276/1476/1369 1291/1500/1369 1292/1502/1369
f 1285/1478/1370 1284/1475/1370 1299/1501/1370 1300/1503/1370
f 1278/1479/1371 1277/1477/1371 1292/1502/1371 1293/1504/1371
f 1286/1480/1372 1285/1478/1372 1300/1503/1372 1301/1505/1372
f 1279/1481/1373 1278/1479/1373 1293/1504/1373 1294/1506/1373
f 1287/1482/1374 1286/1480/1374 1301/1505/1374 1302/1492/1374
f 1280/1483/1375 1279/1481/1375 1294/1506/1375 1295/1493/1375
f 1273/1485/1376 965/1507/1376 1288/1495/1376
f 1300/1503/1377 1299/1501/1377 1314/1508/1377 1315/1509/1377
f 1293/1504/1378 1292/1502/1378 1307/1510/1378 1308/1511/1378
f 1301/1505/1379 1300/1503/1379 1315/1509/1379 1316/1512/1379
f 1294/1506/1380 1293/1504/1380 1308/1511/1380 1309/1513/1380
f 1302/1492/1381 1301/1505/1381 1316/1512/1381 1317/1514/1381
f 1295/1493/1382 1294/1506/1382 1309/1513/1382 1310/1515/1382
f 1288/1495/1383 965/1516/1383 1303/1517/1383
f 972/1518/1384 1302/1492/1384 1317/1514/1384
f 1296/1494/1385 1295/1493/1385 1310/1515/1385 1311/1519/1385
f 1289/1496/1386 1288/1495/1386 1303/1517/1386 1304/1520/1386
f 1297/1497/1387 1296/1494/1387 1311/1519/1387 1312/1521/1387
f 1290/1498/1388 1289/1496/1388 1304/1520/1388 1305/1522/1388
f 1298/1499/1389 1297/1497/1389 1312/1521/1389 1313/1523/1389
f 1291/1500/1390 1290/1498/1390 1305/1522/1390 1306/1524/1390
f 1299/1501/1391 1298/1499/1391 1313/1523/1391 1314/1508/1391
f 1292/1502/1392 1291/1500/1392 1306/1524/1392 1307/1510/1392
f 1304/1520/1393 1303/1517/1393 1318/1525/1393 1319/1526/1393
f 1312/1521/1394 1311/1519/1394 1326/1527/1394 1327/1528/1394
f 1305/1522/1395 1304/1520/1395 1319/1526/1395 1320/1529/1395
f 1313/1523/1396 1312/1521/1396 1327/1528/1396 1328/1530/1396
f 1306/1524/1397 1305/1522/1397 1320/1529/1397 1321/1531/1397
f 1314/1508/1398 1313/1523/1398 1328/1530/1398 1329/1532/1398
f 1307/1510/1399 1306/1524/1399 1321/1531/1399 1322/1533/1399
f 1315/1509/1400 1314/1508/1400 1329/1532/1400 1330/1534/1400
f 1308/1511/1401 1307/1510/1401 1322/1533/1401 1323/1535/1401
f 1316/1512/1402 1315/1509/1402 1330/1534/1402 1331/1536/1402
f 1309/1513/1403 1308/1511/1403 1323/1535/1403 1324/1537/1403
f 1317/1514/1404 1316/1512/1404 1331/1536/1404 1332/1538/1404
f 1310/1515/1405 1309/1513/1405 1324/1537/1405 1325/1539/1405
f 1303/1517/1406 965/1540/1406 1318/1525/1406
f 972/1541/1407 1317/1514/1407 1332/1538/1407
f 1311/1519/1408 1310/1515/1408 1325/1539/1408 1326/1527/1408
f 1323/1542/1409 1322/1543/1409 1337/1544/1409 1338/1545/1409
f 1331/1546/1410 1330/1547/1410 1345/1548/1410 1346/1549/1410
f 1324/1550/1411 1323/1542/1411 1338/1545/1411 1339/1551/1411
f 1332/1552/1412 1331/1546/1412 1346/1549/1412 1347/1553/1412
f 1325/1554/1413 1324/1550/1413 1339/1551/1413 1340/1555/1413
f 1318/1556/1414 965/1557/1414 1333/1558/1414
f 972/1559/1415 1332/1552/1415 1347/1553/1415
f 1326/1560/1416 1325/1554/1416 1340/1555/1416 1341/1561/1416
f 1319/1562/1417 1318/1556/1417 1333/1558/1417 1334/1563/1417
f 1327/1564/1418 1326/1560/1418 1341/1561/1418 1342/1565/1418
f 1320/1566/1419 1319/1562/1419 1334/1563/1419 1335/1567/1419
f 1328/1568/1420 1327/1564/1420 1342/1565/1420 1343/1569/1420
f 1321/1570/1421 1320/1566/1421 1335/1567/1421 1336/1571/1421
f 1329/1572/1422 1328/1568/1422 1343/1569/1422 1344/1573/1422
f 1322/1543/1423 1321/1570/1423 1336/1571/1423 1337/1544/1423
f 1330/1547/1424 1329/1572/1424 1344/1573/1424 1345/1548/1424
f 1342/1565/1425 1341/1561/1425 1356/1574/1425 1357/1575/1425
f 1335/1567/1426 1334/1563/1426 1349/1576/1426 1350/1577/1426
f 1343/1569/1427 1342/1565/1427 1357/1575/1427 1358/1578/1427
f 1336/1571/1428 1335/1567/1428 1350/1577/1428 1351/1579/1428
f 1344/1573/1429 1343/1569/1429 1358/1578/1429 1359/1580/1429
f 1337/1544/1430 1336/1571/1430 1351/1579/1430 1352/1581/1430
f 1345/1548/1431 1344/1573/1431 1359/1580/1431 1360/1582/1431
f 1338/1545/1432 1337/1544/1432 1352/1581/1432 1353/1583/1432
f 1346/1549/1433 1345/1548/1433 1360/1582/1433 1361/1584/1433
f 1339/1551/1434 1338/1545/1434 1353/1583/1434 1354/1585/1434
f 1347/1553/1435 1346/1549/1435 1361/1584/1435 1362/1586/1435
f 1340/1555/1436 1339/1551/1436 1354/1585/1436 1355/1587/1436
f 1333/1558/1437 965/1588/1437 1348/1589/1437
f 972/1590/1438 1347/1553/1438 1362/1586/1438
f 1341/1561/1439 1340/1555/1439 1355/1587/1439 1356/1574/1439
f 1334/1563/1440 1333/1558/1440 1348/1589/1440 1349/1576/1440
f 1361/1584/1441 1360/1582/1441 1375/1591/1441 1376/1592/1441
f 1354/1585/1442 1353/1583/1442 1368/1593/1442 1369/1594/1442
f 1362/1586/1443 1361/1584/1443 1376/1592/1443 1377/1595/1443
f 1355/1587/1444 1354/1585/1444 1369/1594/1444 1370/1596/1444
f 1348/1589/1445 965/1597/1445 1363/1598/1445
f 972/1599/1446 1362/1586/1446 1377/1595/1446
f 1356/1574/1447 1355/1587/1447 1370/1596/1447 1371/1600/1447
f 1349/1576/1448 1348/1589/1448 1363/1598/1448 1364/1601/1448
f 1357/1575/1449 1356/1574/1449 1371/1600/1449 1372/1602/1449
f 1350/1577/1450 1349/1576/1450 1364/1601/1450 1365/1603/1450
f 1358/1578/1451 1357/1575/1451 1372/1602/1451 1373/1604/1451
f 1351/1579/1452 1350/1577/1452 1365/1603/1452 1366/1605/1452
f 1359/1580/1453 1358/1578/1453 1373/1604/1453 1374/1606/1453
f 1352/1581/1454 1351/1579/1454 1366/1605/1454 1367/1607/1454
f 1360/1582/1455 1359/1580/1455 1374/1606/1455 1375/1591/1455
f 1353/1583/1456 1352/1581/1456 1367/1607/1456 1368/1593/1456
f 1365/1603/1457 1364/1601/1457 1379/1608/1457 1380/1609/1457
f 1373/1604/1458 1372/1602/1458 1387/1610/1458 1388/1611/1458
f 1366/1605/1459 1365/1603/1459 1380/1609/1459 1381/1612/1459
f 1374/1606/1460 1373/1604/1460 1388/1611/1460 1389/1613/1460
f 1367/1607/1461 1366/1605/1461 1381/1612/1461 1382/1614/1461
f 1375/1591/1462 1374/1606/1462 1389/1613/1462 1390/1615/1462
f 1368/1593/1463 1367/1607/1463 1382/1614/1463 1383/1616/1463
f 1376/1592/1464 1375/1591/1464 1390/1615/1464 1391/1617/1464
f 1369/1594/1465 1368/1593/1465 1383/1616/1465 1384/1618/1465
f 1377/1595/1466 1376/1592/1466 1391/1617/1466 1392/1619/1466
f 1370/1596/1467 1369/1594/1467 1384/1618/1467 1385/1620/1467
f 1363/1598/1468 965/1621/1468 1378/1622/1468
f 972/1623/1469 1377/1595/1469 1392/1619/1469
f 1371/1600/1470 1370/1596/1470 1385/1620/1470 1386/1624/1470
f 1364/1601/1471 1363/1598/1471 1378/1622/1471 1379/1608/1471
f 1372/1602/1472 1371/1600/1472 1386/1624/1472 1387/1610/1472
f 1384/1618/1473 1383/1616/1473 1398/1625/1473 1399/1626/1473
f 1392/1619/1474 1391/1617/1474 1406/1627/1474 1407/1628/1474
f 1385/1620/1475 1384/1618/1475 1399/1626/1475 1400/1629/1475
f 1378/1622/1476 965/1630/1476 1393/1631/1476
f 972/1632/1477 1392/1619/1477 1407/1628/1477
f 1386/1624/1478 1385/1620/1478 1400/1629/1478 1401/1633/1478
f 1379/1608/1479 1378/1622/1479 1393/1631/1479 1394/1634/1479
f 1387/1610/1480 1386/1624/1480 1401/1633/1480 1402/1635/1480
f 1380/1609/1481 1379/1608/1481 1394/1634/1481 1395/1636/1481
f 1388/1611/1482 1387/1610/1482 1402/1635/1482 1403/1637/1482
f 1381/1612/1483 1380/1609/1483 1395/1636/1483 1396/1638/1483
f 1389/1613/1484 1388/1611/1484 1403/1637/1484 1404/1639/1484
f 1382/1614/1485 1381/1612/1485 1396/1638/1485 1397/1640/1485
f 1390/1615/1486 1389/1613/1486 1404/1639/1486 1405/1641/1486
f 1383/1616/1487 1382/1614/1487 1397/1640/1487 1398/1625/1487
f 1391/1617/1488 1390/1615/1488 1405/1641/1488 1406/1627/1488
f 1403/1637/1489 1402/1635/1489 1417/1642/1489 1418/1643/1489
f 1396/1638/1490 1395/1636/1490 1410/1644/1490 1411/1645/1490
f 1404/1639/1491 1403/1637/1491 1418/1643/1491 1419/1646/1491
f 1397/1640/1492 1396/1638/1492 1411/1645/1492 1412/1647/1492
f 1405/1641/1493 1404/1639/1493 1419/1646/1493 1420/1648/1493
f 1398/1625/1494 1397/1640/1494 1412/1647/1494 1413/1649/1494
f 1406/1627/1495 1405/1641/1495 1420/1648/1495 1421/1650/1495
f 1399/1626/1496 1398/1625/1496 1413/1649/1496 1414/1651/1496
f 1407/1628/1497 1406/1627/1497 1421/1650/1497 1422/1652/1497
f 1400/1629/1498 1399/1626/1498 1414/1651/1498 1415/1653/1498
f 1393/1631/1499 965/1654/1499 1408/1655/1499
f 972/1656/1500 1407/1628/1500 1422/1652/1500
f 1401/1633/1501 1400/1629/1501 1415/1653/1501 1416/1657/1501
f 1394/1634/1502 1393/1631/1502 1408/1655/1502 1409/1658/1502
f 1402/1635/1503 1401/1633/1503 1416/1657/1503 1417/1642/1503
f 1395/1636/1504 1394/1634/1504 1409/1658/1504 1410/1644/1504
f 1422/1652/1505 1421/1650/1505 1436/1659/1505 1437/1660/1505
f 1415/1653/1506 1414/1651/1506 1429/1661/1506 1430/1662/1506
f 1408/1655/1507 965/1663/1507 1423/1664/1507
f 972/1665/1508 1422/1652/1508 1437/1660/1508
f 1416/1657/1509 1415/1653/1509 1430/1662/1509 1431/1666/1509
f 1409/1658/1510 1408/1655/1510 1423/1664/1510 1424/1667/1510
f 1417/1642/1511 1416/1657/1511 1431/1666/1511 1432/1668/1511
f 1410/1644/1512 1409/1658/1512 1424/1667/1512 1425/1669/1512
f 1418/1643/1513 1417/1642/1513 1432/1668/1513 1433/1670/1513
f 1411/1645/1514 1410/1644/1514 1425/1669/1514 1426/1671/1514
f 1419/1646/1515 1418/1643/1515 1433/1670/1515 1434/1672/1515
f 1412/1647/1516 1411/1645/1516 1426/1671/1516 1427/1673/1516
f 1420/1648/1517 1419/1646/1517 1434/1672/1517 1435/1674/1517
f 1413/1649/1518 1412/1647/1518 1427/1673/1518 1428/1675/1518
f 1421/1650/1519 1420/1648/1519 1435/1674/1519 1436/1659/1519
f 1414/1651/1520 1413/1649/1520 1428/1675/1520 1429/1661/1520
f 1434/1672/1521 1433/1670/1521 971/1124/1521 1443/1123/1521
f 1427/1673/1522 1426/1671/1522 1440/1119/1522 967/1127/1522
f 1435/1674/1523 1434/1672/1523 1443/1123/1523 1444/1129/1523
f 1428/1675/1524 1427/1673/1524 967/1127/1524 1441/1131/1524
f 1436/1659/1525 1435/1674/1525 1444/1129/1525 1445/1133/1525
f 1429/1661/1526 1428/1675/1526 1441/1131/1526 968/1135/1526
f 1437/1660/1527 1436/1659/1527 1445/1133/1527 1446/1137/1527
f 1430/1662/1528 1429/1661/1528 968/1135/1528 969/1139/1528
f 1423/1664/1529 965/1676/1529 1438/1141/1529
f 972/1677/1530 1437/1660/1530 1446/1137/1530
f 1431/1666/1531 1430/1662/1531 969/1139/1531 970/1145/1531
f 1424/1667/1532 1423/1664/1532 1438/1141/1532 1439/1147/1532
f 1432/1668/1533 1431/1666/1533 970/1145/1533 1442/1149/1533
f 1425/1669/1534 1424/1667/1534 1439/1147/1534 966/1120/1534
f 1433/1670/1535 1432/1668/1535 1442/1149/1535 971/1124/1535
f 1426/1671/1536 1425/1669/1536 966/1120/1536 1440/1119/1536
o nariz
v 0.000000 1.308540 -0.655643
v 0.031150 1.311608 -0.655706
v 0.061102 1.320692 -0.655891
v 0.088707 1.335444 -0.656191
v 0.112902 1.355296 -0.656595
v 0.132759 1.379487 -0.657087
v 0.147514 1.407086 -0.657649
v 0.156600 1.437032 -0.658258
v 0.159668 1.468175 -0.658892
v 0.156600 1.499319 -0.659525
v 0.147514 1.529265 -0.660135
v 0.132759 1.556864 -0.660696
v 0.112902 1.581054 -0.661189
v 0.088707 1.600907 -0.661592
v 0.061102 1.615659 -0.661893
v 0.031150 1.624743 -0.662078
v 0.000000 1.627810 -0.662140
v -0.031150 1.624743 -0.662078
v -0.061102 1.615659 -0.661893
v -0.088707 1.600907 -0.661592
v -0.112902 1.581054 -0.661189
v -0.132759 1.556864 -0.660696
v -0.147514 1.529265 -0.660135
v -0.156600 1.499319 -0.659525
v -0.159668 1.468175 -0.658892
v -0.156600 1.437032 -0.658258
v -0.147514 1.407086 -0.657649
v -0.132759 1.379487 -0.657087
v -0.112902 1.355296 -0.656595
v -0.088707 1.335444 -0.656191
v -0.061102 1.320692 -0.655891
v -0.031150 1.311608 -0.655706
v 0.000000 1.452265 -1.440793
vn 0.0961 -0.9791 -0.1792
vn 0.2845 -0.9416 -0.1800
vn 0.4620 -0.8681 -0.1815
vn 0.6217 -0.7614 -0.1837
vn 0.7575 -0.6256 -0.1864
vn 0.8643 -0.4659 -0.1897
vn 0.9378 -0.2885 -0.1933
vn 0.9753 -0.1001 -0.1971
vn 0.9753 0.0920 -0.2010
vn 0.9378 0.2804 -0.2049
vn 0.8643 0.4578 -0.2085
vn 0.7575 0.6175 -0.2117
vn 0.6217 0.7533 -0.2145
vn 0.4620 0.8600 -0.2167
vn 0.2845 0.9335 -0.2181
vn 0.0961 0.9710 -0.2189
vn -0.0961 0.9710 -0.2189
vn -0.2845 0.9335 -0.2181
vn -0.4620 0.8600 -0.2167
vn -0.6217 0.7533 -0.2145
vn -0.7575 0.6175 -0.2117
vn -0.8643 0.4578 -0.2085
vn -0.9378 0.2804 -0.2049
vn -0.9753 0.0920 -0.2010
vn -0.9753 -0.1001 -0.1971
vn -0.9378 -0.2885 -0.1933
vn -0.8643 -0.4659 -0.1897
vn -0.7575 -0.6256 -0.1864
vn -0.6217 -0.7614 -0.1837
vn -0.4620 -0.8681 -0.1815
vn -0.0000 0.0203 0.9998
vn -0.2845 -0.9416 -0.1800
vn -0.0961 -0.9791 -0.1792
vt 0.250000 0.490000
vt 0.250000 0.250000
vt 0.296822 0.485388
vt 0.341844 0.471731
vt 0.383337 0.449553
vt 0.419706 0.419706
vt 0.449553 0.383337
vt 0.471731 0.341844
vt 0.485388 0.296822
vt 0.490000 0.250000
vt 0.485388 0.203178
vt 0.471731 0.158156
vt 0.449553 0.116663
vt 0.419706 0.080294
vt 0.383337 0.050447
vt 0.341844 0.028269
vt 0.296822 0.014612
vt 0.250000 0.010000
vt 0.203178 0.014612
vt 0.158156 0.028269
vt 0.116663 0.050447
vt 0.080294 0.080294
vt 0.050447 0.116663
vt 0.028269 0.158156
vt 0.014612 0.203178
vt 0.010000 0.250000
vt 0.014612 0.296822
vt 0.028269 0.341844
vt 0.050447 0.383337
vt 0.080294 0.419706
vt 0.116663 0.449553
vt 0.158156 0.471731
vt 0.750000 0.490000
vt 0.796822 0.485388
vt 0.841844 0.471731
vt 0.883337 0.449553
vt 0.919706 0.419706
vt 0.949553 0.383337
vt 0.971731 0.341844
vt 0.985388 0.296822
vt 0.990000 0.250000
vt 0.985388 0.203178
vt 0.971731 0.158156
vt 0.949553 0.116663
vt 0.919706 0.080294
vt 0.883337 0.050447
vt 0.841844 0.028269
vt 0.796822 0.014612
vt 0.750000 0.010000
vt 0.703178 0.014612
vt 0.658156 0.028269
vt 0.616663 0.050447
vt 0.580294 0.080294
vt 0.550447 0.116663
vt 0.528269 0.158156
vt 0.514612 0.203178
vt 0.510000 0.250000
vt 0.514612 0.296822
vt 0.528269 0.341844
vt 0.550447 0.383337
vt 0.580294 0.419706
vt 0.616663 0.449553
vt 0.658156 0.471731
vt 0.703178 0.485388
vt 0.203178 0.485388
s 0
f 1447/1678/1537 1479/1679/1537 1448/1680/1537
f 1448/1680/1538 1479/1679/1538 1449/1681/1538
f 1449/1681/1539 1479/1679/1539 1450/1682/1539
f 1450/1682/1540 1479/1679/1540 1451/1683/1540
f 1451/1683/1541 1479/1679/1541 1452/1684/1541
f 1452/1684/1542 1479/1679/1542 1453/1685/1542
f 1453/1685/1543 1479/1679/1543 1454/1686/1543
f 1454/1686/1544 1479/1679/1544 1455/1687/1544
f 1455/1687/1545 1479/1679/1545 1456/1688/1545
f 1456/1688/1546 1479/1679/1546 1457/1689/1546
f 1457/1689/1547 1479/1679/1547 1458/1690/1547
f 1458/1690/1548 1479/1679/1548 1459/1691/1548
f 1459/1691/1549 1479/1679/1549 1460/1692/1549
f 1460/1692/1550 1479/1679/1550 1461/1693/1550
f 1461/1693/1551 1479/1679/1551 1462/1694/1551
f 1462/1694/1552 1479/1679/1552 1463/1695/1552
f 1463/1695/1553 1479/1679/1553 1464/1696/1553
f 1464/1696/1554 1479/1679/1554 1465/1697/1554
f 1465/1697/1555 1479/1679/1555 1466/1698/1555
f 1466/1698/1556 1479/1679/1556 1467/1699/1556
f 1467/1699/1557 1479/1679/1557 1468/1700/1557
f 1468/1700/1558 1479/1679/1558 1469/1701/1558
f 1469/1701/1559 1479/1679/1559 1470/1702/1559
f 1470/1702/1560 1479/1679/1560 1471/1703/1560
f 1471/1703/1561 1479/1679/1561 1472/1704/1561
f 1472/1704/1562 1479/1679/1562 1473/1705/1562
f 1473/1705/1563 1479/1679/1563 1474/1706/1563
f 1474/1706/1564 1479/1679/1564 1475/1707/1564
f 1475/1707/1565 1479/1679/1565 1476/1708/1565
f 1476/1708/1566 1479/1679/1566 1477/1709/1566
f 1447/1710/1567 1448/1711/1567 1449/1712/1567 1450/1713/1567 1451/1714/1567 1452/1715/1567 1453/1716/1567 1454/1717/1567 1455/1718/1567 1456/1719/1567 1457/1720/1567 1458/1721/1567 1459/1722/1567 1460/1723/1567 1461/1724/1567 1462/1725/1567 1463/1726/1567 1464/1727/1567 1465/1728/1567 1466/1729/1567 1467/1730/1567 1468/1731/1567 1469/1732/1567 1470/1733/1567 1471/1734/1567 1472/1735/1567 1473/1736/1567 1474/1737/1567 1475/1738/1567 1476/1739/1567 1477/1740/1567 1478/1741/1567
f 1477/1709/1568 1479/1679/1568 1478/1742/1568
f 1478/1742/1569 1479/1679/1569 1447/1678/1569
o olho_esquerdo
v 0.318521 1.845536 -0.636287
v 0.318521 1.827728 -0.694994
v 0.318521 1.798573 -0.724149
v 0.318521 1.760481 -0.739927
v 0.318521 1.739866 -0.741957
v 0.318521 1.719251 -0.739927
v 0.318521 1.681159 -0.724149
v 0.318521 1.634196 -0.636287
v 0.322543 1.843506 -0.656506
v 0.326410 1.837492 -0.675948
v 0.329974 1.827728 -0.693866
v 0.333098 1.814586 -0.709571
v 0.335662 1.798573 -0.722460
v 0.337567 1.780304 -0.732038
v 0.338740 1.760481 -0.737935
v 0.339136 1.739866 -0.739927
v 0.338740 1.719251 -0.737935
v 0.337567 1.699428 -0.732038
v 0.335662 1.681159 -0.722460
v 0.333098 1.665146 -0.709571
v 0.329974 1.652005 -0.693866
v 0.326410 1.642240 -0.675948
v 0.322543 1.636227 -0.656506
v 0.326410 1.843506 -0.655333
v 0.333996 1.837492 -0.673647
v 0.340987 1.827728 -0.690525
v 0.347115 1.814586 -0.705319
v 0.352144 1.798573 -0.717461
v 0.355881 1.780304 -0.726482
v 0.358182 1.760481 -0.732038
v 0.358959 1.739866 -0.733914
v 0.358182 1.719251 -0.732038
v 0.355881 1.699428 -0.726482
v 0.352144 1.681159 -0.717461
v 0.347115 1.665146 -0.705319
v 0.340987 1.652005 -0.690525
v 0.333996 1.642240 -0.673647
v 0.326410 1.636227 -0.655333
v 0.329974 1.843506 -0.653428
v 0.340987 1.837492 -0.669910
v 0.351137 1.827728 -0.685100
v 0.360033 1.814586 -0.698415
v 0.367334 1.798573 -0.709341
v 0.372759 1.780304 -0.717461
v 0.376100 1.760481 -0.722460
v 0.377228 1.739866 -0.724149
v 0.376100 1.719251 -0.722460
v 0.372759 1.699428 -0.717461
v 0.367334 1.681159 -0.709341
v 0.360033 1.665146 -0.698415
v 0.351137 1.652005 -0.685100
v 0.340987 1.642240 -0.669910
v 0.329974 1.636227 -0.653428
v 0.333098 1.843506 -0.650864
v 0.347115 1.837492 -0.664881
v 0.360033 1.827728 -0.677799
v 0.371356 1.814586 -0.689122
v 0.380648 1.798573 -0.698415
v 0.387553 1.780304 -0.705319
v 0.391805 1.760481 -0.709571
v 0.393241 1.739866 -0.711007
v 0.391805 1.719251 -0.709571
v 0.387553 1.699428 -0.705319
v 0.380648 1.681159 -0.698415
v 0.371356 1.665146 -0.689122
v 0.360033 1.652005 -0.677799
v 0.347115 1.642240 -0.664881
v 0.333098 1.636227 -0.650864
v 0.335662 1.843506 -0.647740
v 0.352144 1.837492 -0.658753
v 0.367334 1.827728 -0.668903
v 0.380648 1.814586 -0.677799
v 0.391575 1.798573 -0.685100
v 0.399694 1.780304 -0.690525
v 0.404694 1.760481 -0.693866
v 0.406382 1.739866 -0.694994
v 0.404694 1.719251 -0.693866
v 0.399694 1.699428 -0.690525
v 0.391575 1.681159 -0.685100
v 0.380648 1.665146 -0.677799
v 0.367334 1.652005 -0.668903
v 0.352144 1.642240 -0.658753
v 0.335662 1.636227 -0.647740
v 0.337567 1.843506 -0.644176
v 0.355881 1.837492 -0.651762
v 0.372759 1.827728 -0.658753
v 0.387553 1.814586 -0.664881
v 0.399694 1.798573 -0.669910
v 0.408716 1.780304 -0.673647
v 0.414271 1.760481 -0.675948
v 0.416147 1.739866 -0.676725
v 0.414271 1.719251 -0.675948
v 0.408716 1.699428 -0.673647
v 0.399694 1.681159 -0.669910
v 0.387553 1.665146 -0.664881
v 0.372759 1.652005 -0.658753
v 0.355881 1.642240 -0.651762
v 0.337567 1.636227 -0.644176
v 0.338740 1.843506 -0.640309
v 0.358182 1.837492 -0.644176
v 0.376100 1.827728 -0.647740
v 0.391805 1.814586 -0.650864
v 0.404694 1.798573 -0.653428
v 0.414271 1.780304 -0.655333
v 0.420169 1.760481 -0.656506
v 0.422161 1.739866 -0.656902
v 0.420169 1.719251 -0.656506
v 0.414271 1.699428 -0.655333
v 0.404694 1.681159 -0.653428
v 0.391805 1.665146 -0.650864
v 0.376100 1.652005 -0.647740
v 0.358182 1.642240 -0.644176
v 0.338740 1.636227 -0.640309
v 0.339136 1.843506 -0.636287
v 0.358959 1.837492 -0.636287
v 0.377228 1.827728 -0.636287
v 0.393241 1.814586 -0.636287
v 0.406382 1.798573 -0.636287
v 0.416147 1.780304 -0.636287
v 0.422161 1.760481 -0.636287
v 0.424191 1.739866 -0.636287
v 0.422161 1.719251 -0.636287
v 0.416147 1.699428 -0.636287
v 0.406382 1.681159 -0.636287
v 0.393241 1.665146 -0.636287
v 0.377228 1.652005 -0.636287
v 0.358959 1.642240 -0.636287
v 0.339136 1.636227 -0.636287
v 0.338740 1.843506 -0.632265
v 0.358182 1.837492 -0.628398
v 0.376100 1.827728 -0.624834
v 0.391805 1.814586 -0.621710
v 0.404694 1.798573 -0.619146
v 0.414271 1.780304 -0.617241
v 0.420169 1.760481 -0.616068
v 0.422161 1.739866 -0.615672
v 0.420169 1.719251 -0.616068
v 0.414271 1.699428 -0.617241
v 0.404694 1.681159 -0.619146
v 0.391805 1.665146 -0.621710
v 0.376100 1.652005 -0.624834
v 0.358182 1.642240 -0.628398
v 0.338740 1.636227 -0.632265
v 0.337567 1.843506 -0.628398
v 0.355881 1.837492 -0.620812
v 0.372759 1.827728 -0.613821
v 0.387553 1.814586 -0.607693
v 0.399694 1.798573 -0.602664
v 0.408716 1.780304 -0.598927
v 0.414271 1.760481 -0.596626
v 0.416147 1.739866 -0.595849
v 0.414271 1.719251 -0.596626
v 0.408716 1.699428 -0.598927
v 0.399694 1.681159 -0.602664
v 0.387553 1.665146 -0.607693
v 0.372759 1.652005 -0.613821
v 0.355881 1.642240 -0.620812
v 0.337567 1.636227 -0.628398
v 0.335662 1.843506 -0.624834
v 0.352144 1.837492 -0.613821
v 0.367334 1.827728 -0.603671
v 0.380648 1.814586 -0.594775
v 0.391575 1.798573 -0.587474
v 0.399694 1.780304 -0.582049
v 0.404694 1.760481 -0.578708
v 0.406382 1.739866 -0.577580
v 0.404694 1.719251 -0.578708
v 0.399694 1.699428 -0.582049
v 0.391575 1.681159 -0.587474
v 0.380648 1.665146 -0.594775
v 0.367334 1.652005 -0.603671
v 0.352144 1.642240 -0.613821
v 0.335662 1.636227 -0.624834
v 0.333098 1.843506 -0.621710
v 0.347115 1.837492 -0.607693
v 0.360033 1.827728 -0.594775
v 0.371356 1.814586 -0.583452
v 0.380648 1.798573 -0.574160
v 0.387553 1.780304 -0.567255
v 0.391805 1.760481 -0.563003
v 0.393241 1.739866 -0.561567
v 0.391805 1.719251 -0.563003
v 0.387553 1.699428 -0.567255
v 0.380648 1.681159 -0.574160
v 0.371356 1.665146 -0.583452
v 0.360033 1.652005 -0.594775
v 0.347115 1.642240 -0.607693
v 0.333098 1.636227 -0.621710
v 0.329974 1.843506 -0.619146
v 0.340987 1.837492 -0.602664
v 0.351137 1.827728 -0.587474
v 0.360033 1.814586 -0.574160
v 0.367334 1.798573 -0.563233
v 0.372759 1.780304 -0.555114
v 0.376100 1.760481 -0.550114
v 0.377228 1.739866 -0.548426
v 0.376100 1.719251 -0.550114
v 0.372759 1.699428 -0.555114
v 0.367334 1.681159 -0.563233
v 0.360033 1.665146 -0.574160
v 0.351137 1.652005 -0.587474
v 0.340987 1.642240 -0.602664
v 0.329974 1.636227 -0.619146
v 0.326410 1.843506 -0.617241
v 0.333996 1.837492 -0.598927
v 0.340987 1.827728 -0.582049
v 0.347115 1.814586 -0.567255
v 0.352144 1.798573 -0.555114
v 0.355881 1.780304 -0.546092
v 0.358182 1.760481 -0.540537
v 0.358959 1.739866 -0.538661
v 0.358182 1.719251 -0.540537
v 0.355881 1.699428 -0.546092
v 0.352144 1.681159 -0.555114
v 0.347115 1.665146 -0.567255
v 0.340987 1.652005 -0.582049
v 0.333996 1.642240 -0.598927
v 0.326410 1.636227 -0.617241
v 0.322543 1.843506 -0.616068
v 0.326410 1.837492 -0.596626
v 0.329974 1.827728 -0.578708
v 0.333098 1.814586 -0.563003
v 0.335662 1.798573 -0.550114
v 0.337567 1.780304 -0.540537
v 0.338740 1.760481 -0.534639
v 0.339136 1.739866 -0.532648
v 0.338740 1.719251 -0.534639
v 0.337567 1.699428 -0.540537
v 0.335662 1.681159 -0.550114
v 0.333098 1.665146 -0.563003
v 0.329974 1.652005 -0.578708
v 0.326410 1.642240 -0.596626
v 0.322543 1.636227 -0.616068
v 0.318521 1.843506 -0.615672
v 0.318521 1.837492 -0.595849
v 0.318521 1.827728 -0.577580
v 0.318521 1.814586 -0.561567
v 0.318521 1.798573 -0.548426
v 0.318521 1.780304 -0.538661
v 0.318521 1.760481 -0.532648
v 0.318521 1.739866 -0.530617
v 0.318521 1.719251 -0.532648
v 0.318521 1.699428 -0.538661
v 0.318521 1.681159 -0.548426
v 0.318521 1.665146 -0.561567
v 0.318521 1.652005 -0.577580
v 0.318521 1.642240 -0.595849
v 0.318521 1.636227 -0.615672
v 0.314499 1.843506 -0.616068
v 0.310632 1.837492 -0.596626
v 0.307068 1.827728 -0.578708
v 0.303944 1.814586 -0.563003
v 0.301380 1.798573 -0.550114
v 0.299475 1.780304 -0.540537
v 0.298302 1.760481 -0.534639
v 0.297906 1.739866 -0.532648
v 0.298302 1.719251 -0.534639
v 0.299475 1.699428 -0.540537
v 0.301380 1.681159 -0.550114
v 0.303944 1.665146 -0.563003
v 0.307068 1.652005 -0.578708
v 0.310632 1.642240 -0.596626
v 0.314499 1.636227 -0.616068
v 0.310632 1.843506 -0.617241
v 0.303046 1.837492 -0.598927
v 0.296055 1.827728 -0.582049
v 0.289927 1.814586 -0.567255
v 0.284898 1.798573 -0.555114
v 0.281161 1.780304 -0.546092
v 0.278860 1.760481 -0.540537
v 0.278083 1.739866 -0.538661
v 0.278860 1.719251 -0.540537
v 0.281161 1.699428 -0.546092
v 0.284898 1.681159 -0.555114
v 0.289927 1.665146 -0.567255
v 0.296055 1.652005 -0.582049
v 0.303046 1.642240 -0.598927
v 0.310632 1.636227 -0.617241
v 0.307068 1.843506 -0.619146
v 0.296055 1.837492 -0.602664
v 0.285905 1.827728 -0.587474
v 0.277009 1.814586 -0.574160
v 0.269708 1.798573 -0.563233
v 0.264283 1.780304 -0.555114
v 0.260942 1.760481 -0.550114
v 0.259814 1.739866 -0.548426
v 0.260942 1.719251 -0.550114
v 0.264283 1.699428 -0.555114
v 0.269708 1.681159 -0.563233
v 0.277009 1.665146 -0.574160
v 0.285905 1.652005 -0.587474
v 0.296055 1.642240 -0.602664
v 0.307068 1.636227 -0.619146
v 0.303944 1.843506 -0.621710
v 0.289927 1.837492 -0.607693
v 0.277009 1.827728 -0.594775
v 0.265686 1.814586 -0.583452
v 0.256394 1.798573 -0.574160
v 0.249489 1.780304 -0.567255
v 0.245237 1.760481 -0.563003
v 0.243801 1.739866 -0.561567
v 0.245237 1.719251 -0.563003
v 0.249489 1.699428 -0.567255
v 0.256394 1.681159 -0.574160
v 0.265686 1.665146 -0.583452
v 0.277009 1.652005 -0.594775
v 0.289927 1.642240 -0.607693
v 0.303944 1.636227 -0.621710
v 0.301380 1.843506 -0.624834
v 0.284898 1.837492 -0.613821
v 0.269708 1.827728 -0.603671
v 0.256394 1.814586 -0.594775
v 0.245467 1.798573 -0.587474
v 0.237348 1.780304 -0.582049
v 0.232348 1.760481 -0.578708
v 0.230660 1.739866 -0.577580
v 0.232348 1.719251 -0.578708
v 0.237348 1.699428 -0.582049
v 0.245467 1.681159 -0.587474
v 0.256394 1.665146 -0.594775
v 0.269708 1.652005 -0.603671
v 0.284898 1.642240 -0.613821
v 0.301380 1.636227 -0.624834
v 0.299475 1.843506 -0.628398
v 0.281161 1.837492 -0.620812
v 0.264283 1.827728 -0.613821
v 0.249489 1.814586 -0.607693
v 0.237348 1.798573 -0.602664
v 0.228326 1.780304 -0.598927
v 0.222771 1.760481 -0.596626
v 0.220895 1.739866 -0.595849
v 0.222771 1.719251 -0.596626
v 0.228326 1.699428 -0.598927
v 0.237348 1.681159 -0.602664
v 0.249489 1.665146 -0.607693
v 0.264283 1.652005 -0.613821
v 0.281161 1.642240 -0.620812
v 0.299475 1.636227 -0.628398
v 0.298302 1.843506 -0.632265
v 0.278860 1.837492 -0.628398
v 0.260942 1.827728 -0.624834
v 0.245237 1.814586 -0.621710
v 0.232348 1.798573 -0.619146
v 0.222771 1.780304 -0.617241
v 0.216873 1.760481 -0.616068
v 0.214882 1.739866 -0.615672
v 0.216873 1.719251 -0.616068
v 0.222771 1.699428 -0.617241
v 0.232348 1.681159 -0.619146
v 0.245237 1.665146 -0.621710
v 0.260942 1.652005 -0.624834
v 0.278860 1.642240 -0.628398
v 0.298302 1.636227 -0.632265
v 0.297906 1.843506 -0.636287
v 0.278083 1.837492 -0.636287
v 0.259814 1.827728 -0.636287
v 0.243801 1.814586 -0.636287
v 0.230660 1.798573 -0.636287
v 0.220895 1.780304 -0.636287
v 0.214882 1.760481 -0.636287
v 0.212851 1.739866 -0.636287
v 0.214882 1.719251 -0.636287
v 0.220895 1.699428 -0.636287
v 0.230660 1.681159 -0.636287
v 0.243801 1.665146 -0.636287
v 0.259814 1.652005 -0.636287
v 0.278083 1.642240 -0.636287
v 0.297906 1.636227 -0.636287
v 0.298302 1.843506 -0.640309
v 0.278860 1.837492 -0.644176
v 0.260942 1.827728 -0.647740
v 0.245237 1.814586 -0.650864
v 0.232348 1.798573 -0.653428
v 0.222771 1.780304 -0.655333
v 0.216873 1.760481 -0.656506
v 0.214882 1.739866 -0.656902
v 0.216873 1.719251 -0.656506
v 0.222771 1.699428 -0.655333
v 0.232348 1.681159 -0.653428
v 0.245237 1.665146 -0.650864
v 0.260942 1.652005 -0.647740
v 0.278860 1.642240 -0.644176
v 0.298302 1.636227 -0.640309
v 0.299475 1.843506 -0.644176
v 0.281161 1.837492 -0.651762
v 0.264283 1.827728 -0.658753
v 0.249489 1.814586 -0.664881
v 0.237348 1.798573 -0.669910
v 0.228326 1.780304 -0.673647
v 0.222771 1.760481 -0.675948
v 0.220895 1.739866 -0.676725
v 0.222771 1.719251 -0.675948
v 0.228326 1.699428 -0.673647
v 0.237348 1.681159 -0.669910
v 0.249489 1.665146 -0.664881
v 0.264283 1.652005 -0.658753
v 0.281161 1.642240 -0.651762
v 0.299475 1.636227 -0.644176
v 0.301380 1.843506 -0.647740
v 0.284898 1.837492 -0.658753
v 0.269708 1.827728 -0.668903
v 0.256394 1.814586 -0.677799
v 0.245467 1.798573 -0.685100
v 0.237348 1.780304 -0.690525
v 0.232348 1.760481 -0.693866
v 0.230660 1.739866 -0.694994
v 0.232348 1.719251 -0.693866
v 0.237348 1.699428 -0.690525
v 0.245467 1.681159 -0.685100
v 0.256394 1.665146 -0.677799
v 0.269708 1.652005 -0.668903
v 0.284898 1.642240 -0.658753
v 0.301380 1.636227 -0.647740
v 0.303944 1.843506 -0.650864
v 0.289927 1.837492 -0.664881
v 0.277009 1.827728 -0.677799
v 0.265686 1.814586 -0.689122
v 0.256394 1.798573 -0.698415
v 0.249489 1.780304 -0.705319
v 0.245237 1.760481 -0.709571
v 0.243801 1.739866 -0.711007
v 0.245237 1.719251 -0.709571
v 0.249489 1.699428 -0.705319
v 0.256394 1.681159 -0.698415
v 0.265686 1.665146 -0.689122
v 0.277009 1.652005 -0.677799
v 0.289927 1.642240 -0.664881
v 0.303944 1.636227 -0.650864
v 0.307068 1.843506 -0.653428
v 0.296055 1.837492 -0.669910
v 0.285905 1.827728 -0.685100
v 0.277009 1.814586 -0.698415
v 0.269708 1.798573 -0.709341
v 0.264283 1.780304 -0.717461
v 0.260942 1.760481 -0.722460
v 0.259814 1.739866 -0.724149
v 0.260942 1.719251 -0.722460
v 0.264283 1.699428 -0.717461
v 0.269708 1.681159 -0.709341
v 0.277009 1.665146 -0.698415
v 0.285905 1.652005 -0.685100
v 0.296055 1.642240 -0.669910
v 0.307068 1.636227 -0.653428
v 0.310632 1.843506 -0.655333
v 0.303046 1.837492 -0.673647
v 0.296055 1.827728 -0.690525
v 0.289927 1.814586 -0.705319
v 0.284898 1.798573 -0.717461
v 0.281161 1.780304 -0.726482
v 0.278860 1.760481 -0.732038
v 0.278083 1.739866 -0.733913
v 0.278860 1.719251 -0.732038
v 0.281161 1.699428 -0.726482
v 0.284898 1.681159 -0.717461
v 0.289927 1.665146 -0.705319
v 0.296055 1.652005 -0.690525
v 0.303046 1.642240 -0.673647
v 0.310632 1.636227 -0.655333
v 0.314499 1.843506 -0.656506
v 0.310632 1.837492 -0.675948
v 0.307068 1.827728 -0.693866
v 0.303944 1.814586 -0.709571
v 0.301380 1.798573 -0.722460
v 0.299475 1.780304 -0.732038
v 0.298302 1.760481 -0.737935
v 0.297906 1.739866 -0.739927
v 0.298302 1.719251 -0.737935
v 0.299475 1.699428 -0.732038
v 0.301380 1.681159 -0.722460
v 0.303944 1.665146 -0.709571
v 0.307068 1.652005 -0.693866
v 0.310632 1.642240 -0.675948
v 0.314499 1.636227 -0.656506
v 0.318521 1.843506 -0.656902
v 0.318521 1.837492 -0.676725
v 0.318521 1.814586 -0.711007
v 0.318521 1.780304 -0.733913
v 0.318521 1.699428 -0.733913
v 0.318521 1.665146 -0.711007
v 0.318521 1.652005 -0.694994
v 0.318521 1.642240 -0.676725
v 0.318521 1.636227 -0.656902
vn 0.0975 0.0975 -0.9904
vn 0.0097 0.9951 -0.0980
vn 0.0097 -0.9951 -0.0980
vn 0.0975 -0.0975 -0.9904
vn 0.0286 0.9565 -0.2902
vn 0.0938 -0.2890 -0.9527
vn 0.0464 0.8810 -0.4709
vn 0.0865 -0.4696 -0.8786
vn 0.0624 0.7715 -0.6332
vn 0.0759 -0.6326 -0.7708
vn 0.0759 0.6326 -0.7708
vn 0.0624 -0.7715 -0.6332
vn 0.0865 0.4696 -0.8786
vn 0.0464 -0.8810 -0.4709
vn 0.0938 0.2890 -0.9527
vn 0.0286 -0.9565 -0.2902
vn 0.2779 0.2890 -0.9161
vn 0.0846 -0.9565 -0.2790
vn 0.2889 0.0976 -0.9524
vn 0.0286 0.9951 -0.0942
vn 0.0286 -0.9951 -0.0942
vn 0.2889 -0.0976 -0.9524
vn 0.0846 0.9565 -0.2790
vn 0.2779 -0.2890 -0.9161
vn 0.1374 0.8810 -0.4528
vn 0.2563 -0.4696 -0.8448
vn 0.1847 0.7715 -0.6088
vn 0.2248 -0.6326 -0.7412
vn 0.2248 0.6326 -0.7412
vn 0.1847 -0.7715 -0.6088
vn 0.2563 0.4696 -0.8448
vn 0.1374 -0.8810 -0.4528
vn 0.4162 -0.4696 -0.7786
vn 0.2999 0.7715 -0.5611
vn 0.3651 -0.6326 -0.6831
vn 0.3651 0.6326 -0.6831
vn 0.2999 -0.7715 -0.5611
vn 0.4162 0.4696 -0.7786
vn 0.2230 -0.8810 -0.4173
vn 0.4513 0.2890 -0.8443
vn 0.1374 -0.9565 -0.2571
vn 0.4691 0.0975 -0.8777
vn 0.0464 0.9951 -0.0869
vn 0.0464 -0.9951 -0.0869
vn 0.4691 -0.0975 -0.8777
vn 0.1374 0.9565 -0.2571
vn 0.4513 -0.2890 -0.8443
vn 0.2230 0.8810 -0.4173
vn 0.1850 -0.9565 -0.2254
vn 0.6314 0.0975 -0.7693
vn 0.0625 0.9951 -0.0761
vn 0.0625 -0.9951 -0.0761
vn 0.6314 -0.0975 -0.7693
vn 0.1850 0.9565 -0.2254
vn 0.6073 -0.2890 -0.7400
vn 0.3002 0.8810 -0.3658
vn 0.5601 -0.4696 -0.6825
vn 0.4036 0.7715 -0.4918
vn 0.4913 -0.6326 -0.5987
vn 0.4913 0.6326 -0.5987
vn 0.4036 -0.7715 -0.4918
vn 0.5601 0.4696 -0.6825
vn 0.3002 -0.8810 -0.3658
vn 0.6073 0.2890 -0.7400
vn 0.4918 0.7715 -0.4036
vn 0.5987 -0.6326 -0.4913
vn 0.5987 0.6326 -0.4913
vn 0.4918 -0.7715 -0.4036
vn 0.6825 0.4696 -0.5601
vn 0.3658 -0.8810 -0.3002
vn 0.7400 0.2890 -0.6073
vn 0.2254 -0.9565 -0.1850
vn 0.7693 0.0975 -0.6314
vn 0.0761 0.9951 -0.0625
vn 0.0761 -0.9951 -0.0625
vn 0.7693 -0.0975 -0.6314
vn 0.2254 0.9565 -0.1850
vn 0.7400 -0.2890 -0.6073
vn 0.3658 0.8810 -0.3002
vn 0.6825 -0.4696 -0.5601
vn 0.8777 0.0975 -0.4691
vn 0.0869 0.9951 -0.0464
vn 0.0869 -0.9951 -0.0464
vn 0.8777 -0.0975 -0.4691
vn 0.2571 0.9565 -0.1374
vn 0.8443 -0.2890 -0.4513
vn 0.4173 0.8810 -0.2230
vn 0.7786 -0.4696 -0.4162
vn 0.5611 0.7715 -0.2999
vn 0.6831 -0.6326 -0.3651
vn 0.6831 0.6326 -0.3651
vn 0.5611 -0.7715 -0.2999
vn 0.7786 0.4696 -0.4162
vn 0.4173 -0.8810 -0.2230
vn 0.8443 0.2890 -0.4513
vn 0.2571 -0.9565 -0.1374
vn 0.7412 -0.6326 -0.2248
vn 0.7412 0.6326 -0.2248
vn 0.6088 -0.7715 -0.1847
vn 0.8448 0.4696 -0.2563
vn 0.4528 -0.8810 -0.1374
vn 0.9161 0.2890 -0.2779
vn 0.2790 -0.9565 -0.0846
vn 0.9524 0.0975 -0.2889
vn 0.0942 0.9951 -0.0286
vn 0.0942 -0.9951 -0.0286
vn 0.9524 -0.0975 -0.2889
vn 0.2790 0.9565 -0.0846
vn 0.9161 -0.2890 -0.2779
vn 0.4528 0.8810 -0.1374
vn 0.8448 -0.4696 -0.2563
vn 0.6088 0.7715 -0.1847
vn 0.0980 -0.9951 -0.0097
vn 0.9904 -0.0975 -0.0975
vn 0.2902 0.9565 -0.0286
vn 0.9527 -0.2890 -0.0938
vn 0.4709 0.8810 -0.0464
vn 0.8786 -0.4696 -0.0865
vn 0.6332 0.7715 -0.0624
vn 0.7708 -0.6326 -0.0759
vn 0.7708 0.6326 -0.0759
vn 0.6332 -0.7715 -0.0624
vn 0.8786 0.4696 -0.0865
vn 0.4709 -0.8810 -0.0464
vn 0.9527 0.2890 -0.0938
vn 0.2902 -0.9565 -0.0286
vn 0.9904 0.0975 -0.0975
vn 0.0980 0.9951 -0.0097
vn 0.6332 -0.7715 0.0624
vn 0.8786 0.4696 0.0865
vn 0.4709 -0.8810 0.0464
vn 0.9527 0.2890 0.0938
vn 0.2902 -0.9565 0.0286
vn 0.9904 0.0975 0.0976
vn 0.0980 0.9951 0.0097
vn 0.0980 -0.9951 0.0097
vn 0.9904 -0.0975 0.0976
vn 0.2902 0.9565 0.0286
vn 0.9527 -0.2890 0.0938
vn 0.4709 0.8810 0.0464
vn 0.8786 -0.4696 0.0865
vn 0.6332 0.7715 0.0624
vn 0.7708 -0.6326 0.0759
vn 0.7708 0.6326 0.0759
vn 0.2790 0.9565 0.0846
vn 0.9161 -0.2890 0.2779
vn 0.4528 0.8810 0.1374
vn 0.8448 -0.4696 0.2563
vn 0.6088 0.7715 0.1847
vn 0.7412 -0.6326 0.2248
vn 0.7412 0.6326 0.2248
vn 0.6088 -0.7715 0.1847
vn 0.8448 0.4696 0.2563
vn 0.4528 -0.8810 0.1374
vn 0.9161 0.2890 0.2779
vn 0.2790 -0.9565 0.0846
vn 0.9524 0.0975 0.2889
vn 0.0942 0.9951 0.0286
vn 0.0942 -0.9951 0.0286
vn 0.9524 -0.0975 0.2889
vn 0.7786 0.4696 0.4162
vn 0.4173 -0.8810 0.2230
vn 0.8443 0.2890 0.4513
vn 0.2571 -0.9565 0.1374
vn 0.8777 0.0975 0.4691
vn 0.0869 0.9951 0.0464
vn 0.0869 -0.9951 0.0464
vn 0.8777 -0.0975 0.4691
vn 0.2571 0.9565 0.1374
vn 0.8443 -0.2890 0.4513
vn 0.4173 0.8810 0.2230
vn 0.7786 -0.4696 0.4162
vn 0.5611 0.7715 0.2999
vn 0.6831 -0.6326 0.3651
vn 0.6831 0.6326 0.3651
vn 0.5611 -0.7715 0.2999
vn 0.7400 -0.2890 0.6073
vn 0.3658 0.8810 0.3002
vn 0.6825 -0.4696 0.5601
vn 0.4918 0.7715 0.4036
vn 0.5987 -0.6326 0.4913
vn 0.5987 0.6326 0.4913
vn 0.4918 -0.7715 0.4036
vn 0.6825 0.4696 0.5601
vn 0.3658 -0.8810 0.3002
vn 0.7400 0.2890 0.6073
vn 0.2254 -0.9565 0.1850
vn 0.7693 0.0975 0.6314
vn 0.0761 0.9951 0.0625
vn 0.0761 -0.9951 0.0625
vn 0.7693 -0.0975 0.6314
vn 0.2254 0.9565 0.1850
vn 0.3002 -0.8810 0.3658
vn 0.6073 0.2890 0.7400
vn 0.1850 -0.9565 0.2254
vn 0.6314 0.0975 0.7693
vn 0.0625 0.9951 0.0761
vn 0.0625 -0.9951 0.0761
vn 0.6314 -0.0975 0.7693
vn 0.1850 0.9565 0.2254
vn 0.6073 -0.2890 0.7400
vn 0.3002 0.8810 0.3658
vn 0.5601 -0.4696 0.6825
vn 0.4036 0.7715 0.4918
vn 0.4913 -0.6326 0.5987
vn 0.4913 0.6326 0.5987
vn 0.4036 -0.7715 0.4918
vn 0.5601 0.4696 0.6825
vn 0.2230 0.8810 0.4173
vn 0.4162 -0.4696 0.7786
vn 0.2999 0.7715 0.5611
vn 0.3651 -0.6326 0.6831
vn 0.3651 0.6326 0.6831
vn 0.2999 -0.7715 0.5611
vn 0.4162 0.4696 0.7786
vn 0.2230 -0.8810 0.4173
vn 0.4513 0.2890 0.8443
vn 0.1374 -0.9565 0.2571
vn 0.4691 0.0975 0.8777
vn 0.0464 0.9951 0.0869
vn 0.0464 -0.9951 0.0869
vn 0.4691 -0.0975 0.8777
vn 0.1374 0.9565 0.2571
vn 0.4513 -0.2890 0.8443
vn 0.2779 0.2890 0.9161
vn 0.0846 -0.9565 0.2790
vn 0.2889 0.0975 0.9524
vn 0.0286 0.9951 0.0942
vn 0.0286 -0.9951 0.0942
vn 0.2889 -0.0975 0.9524
vn 0.0846 0.9565 0.2790
vn 0.2779 -0.2890 0.9161
vn 0.1374 0.8810 0.4528
vn 0.2563 -0.4696 0.8448
vn 0.1847 0.7715 0.6088
vn 0.2248 -0.6326 0.7412
vn 0.2248 0.6326 0.7412
vn 0.1847 -0.7715 0.6088
vn 0.2563 0.4696 0.8448
vn 0.1374 -0.8810 0.4528
vn 0.0865 -0.4696 0.8786
vn 0.0624 0.7715 0.6332
vn 0.0759 -0.6326 0.7708
vn 0.0759 0.6326 0.7708
vn 0.0624 -0.7715 0.6332
vn 0.0865 0.4696 0.8786
vn 0.0464 -0.8810 0.4709
vn 0.0938 0.2890 0.9527
vn 0.0286 -0.9565 0.2902
vn 0.0975 0.0975 0.9904
vn 0.0097 0.9951 0.0980
vn 0.0097 -0.9951 0.0980
vn 0.0975 -0.0975 0.9904
vn 0.0286 0.9565 0.2902
vn 0.0938 -0.2890 0.9527
vn 0.0464 0.8810 0.4709
vn -0.0286 -0.9565 0.2902
vn -0.0976 0.0975 0.9904
vn -0.0097 0.9951 0.0980
vn -0.0097 -0.9951 0.0980
vn -0.0976 -0.0975 0.9904
vn -0.0286 0.9565 0.2902
vn -0.0938 -0.2890 0.9527
vn -0.0464 0.8810 0.4709
vn -0.0865 -0.4696 0.8786
vn -0.0624 0.7715 0.6332
vn -0.0759 -0.6326 0.7708
vn -0.0759 0.6326 0.7708
vn -0.0624 -0.7715 0.6332
vn -0.0865 0.4696 0.8786
vn -0.0464 -0.8810 0.4709
vn -0.0938 0.2890 0.9527
vn -0.2248 -0.6326 0.7412
vn -0.2248 0.6326 0.7412
vn -0.1847 -0.7715 0.6088
vn -0.2563 0.4696 0.8448
vn -0.1374 -0.8810 0.4528
vn -0.2779 0.2890 0.9161
vn -0.0846 -0.9565 0.2790
vn -0.2889 0.0975 0.9524
vn -0.0286 0.9951 0.0942
vn -0.0286 -0.9951 0.0942
vn -0.2889 -0.0975 0.9524
vn -0.0846 0.9565 0.2790
vn -0.2779 -0.2890 0.9161
vn -0.1374 0.8810 0.4528
vn -0.2563 -0.4696 0.8448
vn -0.1847 0.7715 0.6088
vn -0.0464 0.9951 0.0869
vn -0.0464 -0.9951 0.0869
vn -0.4691 -0.0975 0.8777
vn -0.1374 0.9565 0.2571
vn -0.4513 -0.2890 0.8443
vn -0.2230 0.8810 0.4173
vn -0.4162 -0.4696 0.7786
vn -0.2999 0.7715 0.5611
vn -0.3651 -0.6326 0.6831
vn -0.3651 0.6326 0.6831
vn -0.2999 -0.7715 0.5611
vn -0.4162 0.4696 0.7786
vn -0.2230 -0.8810 0.4173
vn -0.4513 0.2890 0.8443
vn -0.1374 -0.9565 0.2571
vn -0.4691 0.0975 0.8777
vn -0.4913 0.6326 0.5987
vn -0.4036 -0.7715 0.4918
vn -0.5601 0.4696 0.6825
vn -0.3002 -0.8810 0.3658
vn -0.6073 0.2890 0.7400
vn -0.1850 -0.9565 0.2254
vn -0.6314 0.0975 0.7693
vn -0.0625 0.9951 0.0761
vn -0.0625 -0.9951 0.0761
vn -0.6314 -0.0975 0.7693
vn -0.1850 0.9565 0.2254
vn -0.6073 -0.2890 0.7400
vn -0.3002 0.8810 0.3658
vn -0.5601 -0.4696 0.6825
vn -0.4036 0.7715 0.4918
vn -0.4913 -0.6326 0.5987
vn -0.7693 -0.0975 0.6314
vn -0.2254 0.9565 0.1850
vn -0.7400 -0.2890 0.6073
vn -0.3658 0.8810 0.3002
vn -0.6825 -0.4696 0.5601
vn -0.4918 0.7715 0.4036
vn -0.5987 -0.6326 0.4913
vn -0.5987 0.6326 0.4913
vn -0.4918 -0.7715 0.4036
vn -0.6825 0.4696 0.5601
vn -0.3658 -0.8810 0.3002
vn -0.7400 0.2890 0.6073
vn -0.2254 -0.9565 0.1850
vn -0.7693 0.0975 0.6314
vn -0.0761 0.9951 0.0625
vn -0.0761 -0.9951 0.0625
vn -0.5611 -0.7715 0.2999
vn -0.7786 0.4696 0.4162
vn -0.4173 -0.8810 0.2230
vn -0.8443 0.2890 0.4513
vn -0.2571 -0.9565 0.1374
vn -0.8777 0.0975 0.4691
vn -0.0869 0.9951 0.0464
vn -0.0869 -0.9951 0.0464
vn -0.8777 -0.0975 0.4691
vn -0.2571 0.9565 0.1374
vn -0.8443 -0.2890 0.4513
vn -0.4173 0.8810 0.2230
vn -0.7786 -0.4696 0.4162
vn -0.5611 0.7715 0.2999
vn -0.6831 -0.6326 0.3651
vn -0.6831 0.6326 0.3651
vn -0.2790 0.9565 0.0846
vn -0.9161 -0.2890 0.2779
vn -0.4528 0.8810 0.1374
vn -0.8448 -0.4696 0.2563
vn -0.6088 0.7715 0.1847
vn -0.7412 -0.6326 0.2248
vn -0.7412 0.6326 0.2248
vn -0.6088 -0.7715 0.1847
vn -0.8448 0.4696 0.2563
vn -0.4528 -0.8810 0.1374
vn -0.9161 0.2890 0.2779
vn -0.2790 -0.9565 0.0846
vn -0.9524 0.0975 0.2889
vn -0.0942 0.9951 0.0286
vn -0.0942 -0.9951 0.0286
vn -0.9524 -0.0975 0.2889
vn -0.8786 0.4696 0.0865
vn -0.4709 -0.8810 0.0464
vn -0.9527 0.2890 0.0938
vn -0.2902 -0.9565 0.0286
vn -0.9904 0.0975 0.0975
vn -0.0980 0.9951 0.0097
vn -0.0980 -0.9951 0.0097
vn -0.9904 -0.0975 0.0975
vn -0.2902 0.9565 0.0286
vn -0.9527 -0.2890 0.0938
vn -0.4709 0.8810 0.0464
vn -0.8786 -0.4696 0.0865
vn -0.6332 0.7715 0.0624
vn -0.7708 -0.6326 0.0759
vn -0.7708 0.6326 0.0759
vn -0.6332 -0.7715 0.0624
vn -0.9527 -0.2890 -0.0938
vn -0.4709 0.8810 -0.0464
vn -0.8786 -0.4696 -0.0865
vn -0.6332 0.7715 -0.0624
vn -0.7708 -0.6326 -0.0759
vn -0.7708 0.6326 -0.0759
vn -0.6332 -0.7715 -0.0624
vn -0.8786 0.4696 -0.0865
vn -0.4709 -0.8810 -0.0464
vn -0.9527 0.2890 -0.0938
vn -0.2902 -0.9565 -0.0286
vn -0.9904 0.0975 -0.0976
vn -0.0980 0.9951 -0.0097
vn -0.0980 -0.9951 -0.0097
vn -0.9904 -0.0975 -0.0976
vn -0.2902 0.9565 -0.0286
vn -0.4528 -0.8810 -0.1374
vn -0.9161 0.2890 -0.2779
vn -0.2790 -0.9565 -0.0846
vn -0.9524 0.0975 -0.2889
vn -0.0942 0.9951 -0.0286
vn -0.0942 -0.9951 -0.0286
vn -0.9524 -0.0975 -0.2889
vn -0.2790 0.9565 -0.0846
vn -0.9161 -0.2890 -0.2779
vn -0.4528 0.8810 -0.1374
vn -0.8448 -0.4696 -0.2563
vn -0.6088 0.7715 -0.1847
vn -0.7412 -0.6326 -0.2248
vn -0.7412 0.6326 -0.2248
vn -0.6088 -0.7715 -0.1847
vn -0.8448 0.4696 -0.2563
vn -0.7786 -0.4696 -0.4162
vn -0.5611 0.7715 -0.2999
vn -0.6831 -0.6326 -0.3651
vn -0.6831 0.6326 -0.3651
vn -0.5611 -0.7715 -0.2999
vn -0.7786 0.4696 -0.4162
vn -0.4173 -0.8810 -0.2231
vn -0.8443 0.2890 -0.4513
vn -0.2571 -0.9565 -0.1374
vn -0.8777 0.0975 -0.4691
vn -0.0869 0.9951 -0.0464
vn -0.0869 -0.9951 -0.0464
vn -0.8777 -0.0975 -0.4691
vn -0.2571 0.9565 -0.1374
vn -0.8443 -0.2890 -0.4513
vn -0.4173 0.8810 -0.2231
vn -0.2254 -0.9565 -0.1850
vn -0.7693 0.0975 -0.6314
vn -0.0761 0.9951 -0.0625
vn -0.0761 -0.9951 -0.0625
vn -0.7693 -0.0975 -0.6314
vn -0.2254 0.9565 -0.1850
vn -0.7400 -0.2890 -0.6073
vn -0.3658 0.8810 -0.3002
vn -0.6825 -0.4696 -0.5601
vn -0.4918 0.7715 -0.4036
vn -0.5987 -0.6326 -0.4913
vn -0.5987 0.6326 -0.4913
vn -0.4918 -0.7715 -0.4036
vn -0.6825 0.4696 -0.5601
vn -0.3658 -0.8810 -0.3002
vn -0.7400 0.2890 -0.6073
vn -0.4036 0.7715 -0.4918
vn -0.4913 -0.6326 -0.5987
vn -0.4913 0.6326 -0.5987
vn -0.4036 -0.7715 -0.4918
vn -0.5601 0.4696 -0.6825
vn -0.3002 -0.8810 -0.3658
vn -0.6073 0.2890 -0.7400
vn -0.1850 -0.9565 -0.2254
vn -0.6314 0.0975 -0.7693
vn -0.0625 0.9951 -0.0761
vn -0.0625 -0.9951 -0.0761
vn -0.6314 -0.0975 -0.7693
vn -0.1850 0.9565 -0.2254
vn -0.6073 -0.2890 -0.7400
vn -0.3002 0.8810 -0.3658
vn -0.5601 -0.4696 -0.6825
vn -0.4691 0.0975 -0.8777
vn -0.0464 0.9951 -0.0869
vn -0.0464 -0.9951 -0.0869
vn -0.4691 -0.0975 -0.8777
vn -0.1374 0.9565 -0.2571
vn -0.4513 -0.2890 -0.8443
vn -0.2230 0.8810 -0.4173
vn -0.4162 -0.4696 -0.7786
vn -0.2999 0.7715 -0.5611
vn -0.3651 -0.6326 -0.6831
vn -0.3651 0.6326 -0.6831
vn -0.2999 -0.7715 -0.5611
vn -0.4162 0.4696 -0.7786
vn -0.2230 -0.8810 -0.4173
vn -0.4513 0.2890 -0.8443
vn -0.1374 -0.9565 -0.2571
vn -0.2248 -0.6326 -0.7412
vn -0.2248 0.6326 -0.7412
vn -0.1847 -0.7715 -0.6088
vn -0.2563 0.4696 -0.8448
vn -0.1374 -0.8810 -0.4528
vn -0.2779 0.2890 -0.9161
vn -0.0846 -0.9565 -0.2790
vn -0.2889 0.0975 -0.9524
vn -0.0286 0.9951 -0.0942
vn -0.0286 -0.9951 -0.0942
vn -0.2889 -0.0975 -0.9524
vn -0.0846 0.9565 -0.2790
vn -0.2779 -0.2890 -0.9161
vn -0.1374 0.8810 -0.4528
vn -0.2563 -0.4696 -0.8448
vn -0.1847 0.7715 -0.6088
vn -0.0097 0.9951 -0.0980
vn -0.0097 -0.9951 -0.0980
vn -0.0976 -0.0975 -0.9904
vn -0.0286 0.9565 -0.2902
vn -0.0938 -0.2890 -0.9527
vn -0.0464 0.8810 -0.4709
vn -0.0865 -0.4696 -0.8786
vn -0.0624 0.7715 -0.6332
vn -0.0759 -0.6326 -0.7708
vn -0.0759 0.6326 -0.7708
vn -0.0624 -0.7715 -0.6332
vn -0.0865 0.4696 -0.8786
vn -0.0464 -0.8810 -0.4709
vn -0.0938 0.2890 -0.9527
vn -0.0286 -0.9565 -0.2902
vn -0.0976 0.0975 -0.9904
vt 0.750000 0.500000
vt 0.750000 0.562500
vt 0.718750 0.562500
vt 0.718750 0.500000
vt 0.750000 0.937500
vt 0.734375 1.000000
vt 0.718750 0.937500
vt 0.734375 0.000000
vt 0.750000 0.062500
vt 0.718750 0.062500
vt 0.750000 0.437500
vt 0.718750 0.437500
vt 0.750000 0.875000
vt 0.718750 0.875000
vt 0.750000 0.375000
vt 0.718750 0.375000
vt 0.750000 0.812500
vt 0.718750 0.812500
vt 0.750000 0.312500
vt 0.718750 0.312500
vt 0.750000 0.750000
vt 0.718750 0.750000
vt 0.750000 0.250000
vt 0.718750 0.250000
vt 0.750000 0.687500
vt 0.718750 0.687500
vt 0.750000 0.187500
vt 0.718750 0.187500
vt 0.750000 0.625000
vt 0.718750 0.625000
vt 0.750000 0.125000
vt 0.718750 0.125000
vt 0.687500 0.625000
vt 0.687500 0.562500
vt 0.687500 0.125000
vt 0.687500 0.062500
vt 0.687500 0.500000
vt 0.703125 1.000000
vt 0.687500 0.937500
vt 0.703125 0.000000
vt 0.687500 0.437500
vt 0.687500 0.875000
vt 0.687500 0.375000
vt 0.687500 0.812500
vt 0.687500 0.312500
vt 0.687500 0.750000
vt 0.687500 0.250000
vt 0.687500 0.687500
vt 0.687500 0.187500
vt 0.656250 0.375000
vt 0.656250 0.312500
vt 0.656250 0.812500
vt 0.656250 0.750000
vt 0.656250 0.250000
vt 0.656250 0.687500
vt 0.656250 0.187500
vt 0.656250 0.625000
vt 0.656250 0.125000
vt 0.656250 0.562500
vt 0.656250 0.062500
vt 0.656250 0.500000
vt 0.671875 1.000000
vt 0.656250 0.937500
vt 0.671875 0.000000
vt 0.656250 0.437500
vt 0.656250 0.875000
vt 0.625000 0.125000
vt 0.625000 0.062500
vt 0.625000 0.562500
vt 0.625000 0.500000
vt 0.640625 1.000000
vt 0.625000 0.937500
vt 0.640625 0.000000
vt 0.625000 0.437500
vt 0.625000 0.875000
vt 0.625000 0.375000
vt 0.625000 0.812500
vt 0.625000 0.312500
vt 0.625000 0.750000
vt 0.625000 0.250000
vt 0.625000 0.687500
vt 0.625000 0.187500
vt 0.625000 0.625000
vt 0.593750 0.812500
vt 0.593750 0.750000
vt 0.593750 0.312500
vt 0.593750 0.250000
vt 0.593750 0.687500
vt 0.593750 0.187500
vt 0.593750 0.625000
vt 0.593750 0.125000
vt 0.593750 0.562500
vt 0.593750 0.062500
vt 0.593750 0.500000
vt 0.609375 1.000000
vt 0.593750 0.937500
vt 0.609375 0.000000
vt 0.593750 0.437500
vt 0.593750 0.875000
vt 0.593750 0.375000
vt 0.562500 0.562500
vt 0.562500 0.500000
vt 0.578125 1.000000
vt 0.562500 0.937500
vt 0.578125 0.000000
vt 0.562500 0.062500
vt 0.562500 0.437500
vt 0.562500 0.875000
vt 0.562500 0.375000
vt 0.562500 0.812500
vt 0.562500 0.312500
vt 0.562500 0.750000
vt 0.562500 0.250000
vt 0.562500 0.687500
vt 0.562500 0.187500
vt 0.562500 0.625000
vt 0.562500 0.125000
vt 0.531250 0.312500
vt 0.531250 0.250000
vt 0.531250 0.750000
vt 0.531250 0.687500
vt 0.531250 0.187500
vt 0.531250 0.625000
vt 0.531250 0.125000
vt 0.531250 0.562500
vt 0.531250 0.062500
vt 0.531250 0.500000
vt 0.546875 1.000000
vt 0.531250 0.937500
vt 0.546875 0.000000
vt 0.531250 0.437500
vt 0.531250 0.875000
vt 0.531250 0.375000
vt 0.531250 0.812500
vt 0.515625 0.000000
vt 0.500000 0.062500
vt 0.500000 0.500000
vt 0.500000 0.437500
vt 0.500000 0.937500
vt 0.500000 0.875000
vt 0.500000 0.375000
vt 0.500000 0.812500
vt 0.500000 0.312500
vt 0.500000 0.750000
vt 0.500000 0.250000
vt 0.500000 0.687500
vt 0.500000 0.187500
vt 0.500000 0.625000
vt 0.500000 0.125000
vt 0.500000 0.562500
vt 0.515625 1.000000
vt 0.468750 0.250000
vt 0.468750 0.187500
vt 0.468750 0.687500
vt 0.468750 0.625000
vt 0.468750 0.125000
vt 0.468750 0.562500
vt 0.468750 0.062500
vt 0.468750 0.500000
vt 0.484375 1.000000
vt 0.468750 0.937500
vt 0.484375 0.000000
vt 0.468750 0.437500
vt 0.468750 0.875000
vt 0.468750 0.375000
vt 0.468750 0.812500
vt 0.468750 0.312500
vt 0.468750 0.750000
vt 0.437500 0.937500
vt 0.437500 0.875000
vt 0.437500 0.437500
vt 0.437500 0.375000
vt 0.437500 0.812500
vt 0.437500 0.312500
vt 0.437500 0.750000
vt 0.437500 0.250000
vt 0.437500 0.687500
vt 0.437500 0.187500
vt 0.437500 0.625000
vt 0.437500 0.125000
vt 0.437500 0.562500
vt 0.437500 0.062500
vt 0.437500 0.500000
vt 0.453125 1.000000
vt 0.453125 0.000000
vt 0.406250 0.687500
vt 0.406250 0.625000
vt 0.406250 0.187500
vt 0.406250 0.125000
vt 0.406250 0.562500
vt 0.406250 0.062500
vt 0.406250 0.500000
vt 0.421875 1.000000
vt 0.406250 0.937500
vt 0.421875 0.000000
vt 0.406250 0.437500
vt 0.406250 0.875000
vt 0.406250 0.375000
vt 0.406250 0.812500
vt 0.406250 0.312500
vt 0.406250 0.750000
vt 0.406250 0.250000
vt 0.375000 0.437500
vt 0.375000 0.375000
vt 0.375000 0.875000
vt 0.375000 0.812500
vt 0.375000 0.312500
vt 0.375000 0.750000
vt 0.375000 0.250000
vt 0.375000 0.687500
vt 0.375000 0.187500
vt 0.375000 0.625000
vt 0.375000 0.125000
vt 0.375000 0.562500
vt 0.375000 0.062500
vt 0.375000 0.500000
vt 0.390625 1.000000
vt 0.375000 0.937500
vt 0.390625 0.000000
vt 0.343750 0.187500
vt 0.343750 0.125000
vt 0.343750 0.625000
vt 0.343750 0.562500
vt 0.343750 0.062500
vt 0.343750 0.500000
vt 0.359375 1.000000
vt 0.343750 0.937500
vt 0.359375 0.000000
vt 0.343750 0.437500
vt 0.343750 0.875000
vt 0.343750 0.375000
vt 0.343750 0.812500
vt 0.343750 0.312500
vt 0.343750 0.750000
vt 0.343750 0.250000
vt 0.343750 0.687500
vt 0.312500 0.875000
vt 0.312500 0.812500
vt 0.312500 0.375000
vt 0.312500 0.312500
vt 0.312500 0.750000
vt 0.312500 0.250000
vt 0.312500 0.687500
vt 0.312500 0.187500
vt 0.312500 0.625000
vt 0.312500 0.125000
vt 0.312500 0.562500
vt 0.312500 0.062500
vt 0.312500 0.500000
vt 0.328125 1.000000
vt 0.312500 0.937500
vt 0.328125 0.000000
vt 0.312500 0.437500
vt 0.281250 0.625000
vt 0.281250 0.562500
vt 0.281250 0.125000
vt 0.281250 0.062500
vt 0.281250 0.500000
vt 0.296875 1.000000
vt 0.281250 0.937500
vt 0.296875 0.000000
vt 0.281250 0.437500
vt 0.281250 0.875000
vt 0.281250 0.375000
vt 0.281250 0.812500
vt 0.281250 0.312500
vt 0.281250 0.750000
vt 0.281250 0.250000
vt 0.281250 0.687500
vt 0.281250 0.187500
vt 0.250000 0.375000
vt 0.250000 0.312500
vt 0.250000 0.812500
vt 0.250000 0.750000
vt 0.250000 0.250000
vt 0.250000 0.687500
vt 0.250000 0.187500
vt 0.250000 0.625000
vt 0.250000 0.125000
vt 0.250000 0.562500
vt 0.250000 0.062500
vt 0.250000 0.500000
vt 0.265625 1.000000
vt 0.250000 0.937500
vt 0.265625 0.000000
vt 0.250000 0.437500
vt 0.250000 0.875000
vt 0.218750 0.125000
vt 0.218750 0.062500
vt 0.218750 0.562500
vt 0.218750 0.500000
vt 0.234375 1.000000
vt 0.218750 0.937500
vt 0.234375 0.000000
vt 0.218750 0.437500
vt 0.218750 0.875000
vt 0.218750 0.375000
vt 0.218750 0.812500
vt 0.218750 0.312500
vt 0.218750 0.750000
vt 0.218750 0.250000
vt 0.218750 0.687500
vt 0.218750 0.187500
vt 0.218750 0.625000
vt 0.187500 0.312500
vt 0.187500 0.250000
vt 0.187500 0.750000
vt 0.187500 0.687500
vt 0.187500 0.187500
vt 0.187500 0.625000
vt 0.187500 0.125000
vt 0.187500 0.562500
vt 0.187500 0.062500
vt 0.187500 0.500000
vt 0.203125 1.000000
vt 0.187500 0.937500
vt 0.203125 0.000000
vt 0.187500 0.437500
vt 0.187500 0.875000
vt 0.187500 0.375000
vt 0.187500 0.812500
vt 0.171875 1.000000
vt 0.156250 0.937500
vt 0.171875 0.000000
vt 0.156250 0.062500
vt 0.156250 0.500000
vt 0.156250 0.437500
vt 0.156250 0.875000
vt 0.156250 0.375000
vt 0.156250 0.812500
vt 0.156250 0.312500
vt 0.156250 0.750000
vt 0.156250 0.250000
vt 0.156250 0.687500
vt 0.156250 0.187500
vt 0.156250 0.625000
vt 0.156250 0.125000
vt 0.156250 0.562500
vt 0.125000 0.750000
vt 0.125000 0.687500
vt 0.125000 0.250000
vt 0.125000 0.187500
vt 0.125000 0.625000
vt 0.125000 0.125000
vt 0.125000 0.562500
vt 0.125000 0.062500
vt 0.125000 0.500000
vt 0.140625 1.000000
vt 0.125000 0.937500
vt 0.140625 0.000000
vt 0.125000 0.437500
vt 0.125000 0.875000
vt 0.125000 0.375000
vt 0.125000 0.812500
vt 0.125000 0.312500
vt 0.093750 0.500000
vt 0.093750 0.437500
vt 0.093750 0.937500
vt 0.093750 0.875000
vt 0.093750 0.375000
vt 0.093750 0.812500
vt 0.093750 0.312500
vt 0.093750 0.750000
vt 0.093750 0.250000
vt 0.093750 0.687500
vt 0.093750 0.187500
vt 0.093750 0.625000
vt 0.093750 0.125000
vt 0.093750 0.562500
vt 0.093750 0.062500
vt 0.109375 1.000000
vt 0.109375 0.000000
vt 0.062500 0.250000
vt 0.062500 0.187500
vt 0.062500 0.687500
vt 0.062500 0.625000
vt 0.062500 0.125000
vt 0.062500 0.562500
vt 0.062500 0.062500
vt 0.062500 0.500000
vt 0.078125 1.000000
vt 0.062500 0.937500
vt 0.078125 0.000000
vt 0.062500 0.437500
vt 0.062500 0.875000
vt 0.062500 0.375000
vt 0.062500 0.812500
vt 0.062500 0.312500
vt 0.062500 0.750000
vt 0.031250 0.937500
vt 0.031250 0.875000
vt 0.031250 0.437500
vt 0.031250 0.375000
vt 0.031250 0.812500
vt 0.031250 0.312500
vt 0.031250 0.750000
vt 0.031250 0.250000
vt 0.031250 0.687500
vt 0.031250 0.187500
vt 0.031250 0.625000
vt 0.031250 0.125000
vt 0.031250 0.562500
vt 0.031250 0.062500
vt 0.031250 0.500000
vt 0.046875 1.000000
vt 0.046875 0.000000
vt 0.000000 0.687500
vt 0.000000 0.625000
vt 0.000000 0.187500
vt 0.000000 0.125000
vt 0.000000 0.562500
vt 0.000000 0.062500
vt 0.000000 0.500000
vt 0.015625 1.000000
vt 0.000000 0.937500
vt 0.015625 0.000000
vt 0.000000 0.437500
vt 0.000000 0.875000
vt 0.000000 0.375000
vt 0.000000 0.812500
vt 0.000000 0.312500
vt 0.000000 0.750000
vt 0.000000 0.250000
vt 1.000000 0.375000
vt 1.000000 0.437500
vt 0.968750 0.437500
vt 0.968750 0.375000
vt 1.000000 0.812500
vt 1.000000 0.875000
vt 0.968750 0.875000
vt 0.968750 0.812500
vt 1.000000 0.312500
vt 0.968750 0.312500
vt 1.000000 0.750000
vt 0.968750 0.750000
vt 1.000000 0.250000
vt 0.968750 0.250000
vt 1.000000 0.687500
vt 0.968750 0.687500
vt 1.000000 0.187500
vt 0.968750 0.187500
vt 1.000000 0.625000
vt 0.968750 0.625000
vt 1.000000 0.125000
vt 0.968750 0.125000
vt 1.000000 0.562500
vt 0.968750 0.562500
vt 1.000000 0.062500
vt 0.968750 0.062500
vt 1.000000 0.500000
vt 0.968750 0.500000
vt 1.000000 0.937500
vt 0.984375 1.000000
vt 0.968750 0.937500
vt 0.984375 0.000000
vt 0.937500 0.187500
vt 0.937500 0.125000
vt 0.937500 0.625000
vt 0.937500 0.562500
vt 0.937500 0.062500
vt 0.937500 0.500000
vt 0.953125 1.000000
vt 0.937500 0.937500
vt 0.953125 0.000000
vt 0.937500 0.437500
vt 0.937500 0.875000
vt 0.937500 0.375000
vt 0.937500 0.812500
vt 0.937500 0.312500
vt 0.937500 0.750000
vt 0.937500 0.250000
vt 0.937500 0.687500
vt 0.906250 0.375000
vt 0.906250 0.312500
vt 0.906250 0.812500
vt 0.906250 0.750000
vt 0.906250 0.250000
vt 0.906250 0.687500
vt 0.906250 0.187500
vt 0.906250 0.625000
vt 0.906250 0.125000
vt 0.906250 0.562500
vt 0.906250 0.062500
vt 0.906250 0.500000
vt 0.921875 1.000000
vt 0.906250 0.937500
vt 0.921875 0.000000
vt 0.906250 0.437500
vt 0.906250 0.875000
vt 0.875000 0.125000
vt 0.875000 0.062500
vt 0.875000 0.562500
vt 0.875000 0.500000
vt 0.890625 1.000000
vt 0.875000 0.937500
vt 0.890625 0.000000
vt 0.875000 0.437500
vt 0.875000 0.875000
vt 0.875000 0.375000
vt 0.875000 0.812500
vt 0.875000 0.312500
vt 0.875000 0.750000
vt 0.875000 0.250000
vt 0.875000 0.687500
vt 0.875000 0.187500
vt 0.875000 0.625000
vt 0.843750 0.812500
vt 0.843750 0.750000
vt 0.843750 0.312500
vt 0.843750 0.250000
vt 0.843750 0.687500
vt 0.843750 0.187500
vt 0.843750 0.625000
vt 0.843750 0.125000
vt 0.843750 0.562500
vt 0.843750 0.062500
vt 0.843750 0.500000
vt 0.859375 1.000000
vt 0.843750 0.937500
vt 0.859375 0.000000
vt 0.843750 0.437500
vt 0.843750 0.875000
vt 0.843750 0.375000
vt 0.812500 0.562500
vt 0.812500 0.500000
vt 0.828125 1.000000
vt 0.812500 0.937500
vt 0.828125 0.000000
vt 0.812500 0.062500
vt 0.812500 0.437500
vt 0.812500 0.875000
vt 0.812500 0.375000
vt 0.812500 0.812500
vt 0.812500 0.312500
vt 0.812500 0.750000
vt 0.812500 0.250000
vt 0.812500 0.687500
vt 0.812500 0.187500
vt 0.812500 0.625000
vt 0.812500 0.125000
vt 0.781250 0.312500
vt 0.781250 0.250000
vt 0.781250 0.750000
vt 0.781250 0.687500
vt 0.781250 0.187500
vt 0.781250 0.625000
vt 0.781250 0.125000
vt 0.781250 0.562500
vt 0.781250 0.062500
vt 0.781250 0.500000
vt 0.796875 1.000000
vt 0.781250 0.937500
vt 0.796875 0.000000
vt 0.781250 0.437500
vt 0.781250 0.875000
vt 0.781250 0.375000
vt 0.781250 0.812500
vt 0.765625 1.000000
vt 0.765625 0.000000
s 0
f 1484/1743/1570 1483/1744/1570 1494/1745/1570 1495/1746/1570
f 1953/1747/1571 1480/1748/1571 1488/1749/1571
f 1487/1750/1572 1961/1751/1572 1502/1752/1572
f 1485/1753/1573 1484/1743/1573 1495/1746/1573 1496/1754/1573
f 1954/1755/1574 1953/1747/1574 1488/1749/1574 1489/1756/1574
f 1957/1757/1575 1485/1753/1575 1496/1754/1575 1497/1758/1575
f 1481/1759/1576 1954/1755/1576 1489/1756/1576 1490/1760/1576
f 1486/1761/1577 1957/1757/1577 1497/1758/1577 1498/1762/1577
f 1955/1763/1578 1481/1759/1578 1490/1760/1578 1491/1764/1578
f 1958/1765/1579 1486/1761/1579 1498/1762/1579 1499/1766/1579
f 1482/1767/1580 1955/1763/1580 1491/1764/1580 1492/1768/1580
f 1959/1769/1581 1958/1765/1581 1499/1766/1581 1500/1770/1581
f 1956/1771/1582 1482/1767/1582 1492/1768/1582 1493/1772/1582
f 1960/1773/1583 1959/1769/1583 1500/1770/1583 1501/1774/1583
f 1483/1744/1584 1956/1771/1584 1493/1772/1584 1494/1745/1584
f 1961/1751/1585 1960/1773/1585 1501/1774/1585 1502/1752/1585
f 1494/1745/1586 1493/1772/1586 1508/1775/1586 1509/1776/1586
f 1502/1752/1587 1501/1774/1587 1516/1777/1587 1517/1778/1587
f 1495/1746/1588 1494/1745/1588 1509/1776/1588 1510/1779/1588
f 1488/1749/1589 1480/1780/1589 1503/1781/1589
f 1487/1782/1590 1502/1752/1590 1517/1778/1590
f 1496/1754/1591 1495/1746/1591 1510/1779/1591 1511/1783/1591
f 1489/1756/1592 1488/1749/1592 1503/1781/1592 1504/1784/1592
f 1497/1758/1593 1496/1754/1593 1511/1783/1593 1512/1785/1593
f 1490/1760/1594 1489/1756/1594 1504/1784/1594 1505/1786/1594
f 1498/1762/1595 1497/1758/1595 1512/1785/1595 1513/1787/1595
f 1491/1764/1596 1490/1760/1596 1505/1786/1596 1506/1788/1596
f 1499/1766/1597 1498/1762/1597 1513/1787/1597 1514/1789/1597
f 1492/1768/1598 1491/1764/1598 1506/1788/1598 1507/1790/1598
f 1500/1770/1599 1499/1766/1599 1514/1789/1599 1515/1791/1599
f 1493/1772/1600 1492/1768/1600 1507/1790/1600 1508/1775/1600
f 1501/1774/1601 1500/1770/1601 1515/1791/1601 1516/1777/1601
f 1513/1787/1602 1512/1785/1602 1527/1792/1602 1528/1793/1602
f 1506/1788/1603 1505/1786/1603 1520/1794/1603 1521/1795/1603
f 1514/1789/1604 1513/1787/1604 1528/1793/1604 1529/1796/1604
f 1507/1790/1605 1506/1788/1605 1521/1795/1605 1522/1797/1605
f 1515/1791/1606 1514/1789/1606 1529/1796/1606 1530/1798/1606
f 1508/1775/1607 1507/1790/1607 1522/1797/1607 1523/1799/1607
f 1516/1777/1608 1515/1791/1608 1530/1798/1608 1531/1800/1608
f 1509/1776/1609 1508/1775/1609 1523/1799/1609 1524/1801/1609
f 1517/1778/1610 1516/1777/1610 1531/1800/1610 1532/1802/1610
f 1510/1779/1611 1509/1776/1611 1524/1801/1611 1525/1803/1611
f 1503/1781/1612 1480/1804/1612 1518/1805/1612
f 1487/1806/1613 1517/1778/1613 1532/1802/1613
f 1511/1783/1614 1510/1779/1614 1525/1803/1614 1526/1807/1614
f 1504/1784/1615 1503/1781/1615 1518/1805/1615 1519/1808/1615
f 1512/1785/1616 1511/1783/1616 1526/1807/1616 1527/1792/1616
f 1505/1786/1617 1504/1784/1617 1519/1808/1617 1520/1794/1617
f 1532/1802/1618 1531/1800/1618 1546/1809/1618 1547/1810/1618
f 1525/1803/1619 1524/1801/1619 1539/1811/1619 1540/1812/1619
f 1518/1805/1620 1480/1813/1620 1533/1814/1620
f 1487/1815/1621 1532/1802/1621 1547/1810/1621
f 1526/1807/1622 1525/1803/1622 1540/1812/1622 1541/1816/1622
f 1519/1808/1623 1518/1805/1623 1533/1814/1623 1534/1817/1623
f 1527/1792/1624 1526/1807/1624 1541/1816/1624 1542/1818/1624
f 1520/1794/1625 1519/1808/1625 1534/1817/1625 1535/1819/1625
f 1528/1793/1626 1527/1792/1626 1542/1818/1626 1543/1820/1626
f 1521/1795/1627 1520/1794/1627 1535/1819/1627 1536/1821/1627
f 1529/1796/1628 1528/1793/1628 1543/1820/1628 1544/1822/1628
f 1522/1797/1629 1521/1795/1629 1536/1821/1629 1537/1823/1629
f 1530/1798/1630 1529/1796/1630 1544/1822/1630 1545/1824/1630
f 1523/1799/1631 1522/1797/1631 1537/1823/1631 1538/1825/1631
f 1531/1800/1632 1530/1798/1632 1545/1824/1632 1546/1809/1632
f 1524/1801/1633 1523/1799/1633 1538/1825/1633 1539/1811/1633
f 1536/1821/1634 1535/1819/1634 1550/1826/1634 1551/1827/1634
f 1544/1822/1635 1543/1820/1635 1558/1828/1635 1559/1829/1635
f 1537/1823/1636 1536/1821/1636 1551/1827/1636 1552/1830/1636
f 1545/1824/1637 1544/1822/1637 1559/1829/1637 1560/1831/1637
f 1538/1825/1638 1537/1823/1638 1552/1830/1638 1553/1832/1638
f 1546/1809/1639 1545/1824/1639 1560/1831/1639 1561/1833/1639
f 1539/1811/1640 1538/1825/1640 1553/1832/1640 1554/1834/1640
f 1547/1810/1641 1546/1809/1641 1561/1833/1641 1562/1835/1641
f 1540/1812/1642 1539/1811/1642 1554/1834/1642 1555/1836/1642
f 1533/1814/1643 1480/1837/1643 1548/1838/1643
f 1487/1839/1644 1547/1810/1644 1562/1835/1644
f 1541/1816/1645 1540/1812/1645 1555/1836/1645 1556/1840/1645
f 1534/1817/1646 1533/1814/1646 1548/1838/1646 1549/1841/1646
f 1542/1818/1647 1541/1816/1647 1556/1840/1647 1557/1842/1647
f 1535/1819/1648 1534/1817/1648 1549/1841/1648 1550/1826/1648
f 1543/1820/1649 1542/1818/1649 1557/1842/1649 1558/1828/1649
f 1555/1836/1650 1554/1834/1650 1569/1843/1650 1570/1844/1650
f 1548/1838/1651 1480/1845/1651 1563/1846/1651
f 1487/1847/1652 1562/1835/1652 1577/1848/1652
f 1556/1840/1653 1555/1836/1653 1570/1844/1653 1571/1849/1653
f 1549/1841/1654 1548/1838/1654 1563/1846/1654 1564/1850/1654
f 1557/1842/1655 1556/1840/1655 1571/1849/1655 1572/1851/1655
f 1550/1826/1656 1549/1841/1656 1564/1850/1656 1565/1852/1656
f 1558/1828/1657 1557/1842/1657 1572/1851/1657 1573/1853/1657
f 1551/1827/1658 1550/1826/1658 1565/1852/1658 1566/1854/1658
f 1559/1829/1659 1558/1828/1659 1573/1853/1659 1574/1855/1659
f 1552/1830/1660 1551/1827/1660 1566/1854/1660 1567/1856/1660
f 1560/1831/1661 1559/1829/1661 1574/1855/1661 1575/1857/1661
f 1553/1832/1662 1552/1830/1662 1567/1856/1662 1568/1858/1662
f 1561/1833/1663 1560/1831/1663 1575/1857/1663 1576/1859/1663
f 1554/1834/1664 1553/1832/1664 1568/1858/1664 1569/1843/1664
f 1562/1835/1665 1561/1833/1665 1576/1859/1665 1577/1848/1665
f 1574/1855/1666 1573/1853/1666 1588/1860/1666 1589/1861/1666
f 1567/1856/1667 1566/1854/1667 1581/1862/1667 1582/1863/1667
f 1575/1857/1668 1574/1855/1668 1589/1861/1668 1590/1864/1668
f 1568/1858/1669 1567/1856/1669 1582/1863/1669 1583/1865/1669
f 1576/1859/1670 1575/1857/1670 1590/1864/1670 1591/1866/1670
f 1569/1843/1671 1568/1858/1671 1583/1865/1671 1584/1867/1671
f 1577/1848/1672 1576/1859/1672 1591/1866/1672 1592/1868/1672
f 1570/1844/1673 1569/1843/1673 1584/1867/1673 1585/1869/1673
f 1563/1846/1674 1480/1870/1674 1578/1871/1674
f 1487/1872/1675 1577/1848/1675 1592/1868/1675
f 1571/1849/1676 1570/1844/1676 1585/1869/1676 1586/1873/1676
f 1564/1850/1677 1563/1846/1677 1578/1871/1677 1579/1874/1677
f 1572/1851/1678 1571/1849/1678 1586/1873/1678 1587/1875/1678
f 1565/1852/1679 1564/1850/1679 1579/1874/1679 1580/1876/1679
f 1573/1853/1680 1572/1851/1680 1587/1875/1680 1588/1860/1680
f 1566/1854/1681 1565/1852/1681 1580/1876/1681 1581/1862/1681
f 1487/1877/1682 1592/1868/1682 1607/1878/1682
f 1586/1873/1683 1585/1869/1683 1600/1879/1683 1601/1880/1683
f 1579/1874/1684 1578/1871/1684 1593/1881/1684 1594/1882/1684
f 1587/1875/1685 1586/1873/1685 1601/1880/1685 1602/1883/1685
f 1580/1876/1686 1579/1874/1686 1594/1882/1686 1595/1884/1686
f 1588/1860/1687 1587/1875/1687 1602/1883/1687 1603/1885/1687
f 1581/1862/1688 1580/1876/1688 1595/1884/1688 1596/1886/1688
f 1589/1861/1689 1588/1860/1689 1603/1885/1689 1604/1887/1689
f 1582/1863/1690 1581/1862/1690 1596/1886/1690 1597/1888/1690
f 1590/1864/1691 1589/1861/1691 1604/1887/1691 1605/1889/1691
f 1583/1865/1692 1582/1863/1692 1597/1888/1692 1598/1890/1692
f 1591/1866/1693 1590/1864/1693 1605/1889/1693 1606/1891/1693
f 1584/1867/1694 1583/1865/1694 1598/1890/1694 1599/1892/1694
f 1592/1868/1695 1591/1866/1695 1606/1891/1695 1607/1878/1695
f 1585/1869/1696 1584/1867/1696 1599/1892/1696 1600/1879/1696
f 1578/1871/1697 1480/1893/1697 1593/1881/1697
f 1605/1889/1698 1604/1887/1698 1619/1894/1698 1620/1895/1698
f 1598/1890/1699 1597/1888/1699 1612/1896/1699 1613/1897/1699
f 1606/1891/1700 1605/1889/1700 1620/1895/1700 1621/1898/1700
f 1599/1892/1701 1598/1890/1701 1613/1897/1701 1614/1899/1701
f 1607/1878/1702 1606/1891/1702 1621/1898/1702 1622/1900/1702
f 1600/1879/1703 1599/1892/1703 1614/1899/1703 1615/1901/1703
f 1593/1881/1704 1480/1902/1704 1608/1903/1704
f 1487/1904/1705 1607/1878/1705 1622/1900/1705
f 1601/1880/1706 1600/1879/1706 1615/1901/1706 1616/1905/1706
f 1594/1882/1707 1593/1881/1707 1608/1903/1707 1609/1906/1707
f 1602/1883/1708 1601/1880/1708 1616/1905/1708 1617/1907/1708
f 1595/1884/1709 1594/1882/1709 1609/1906/1709 1610/1908/1709
f 1603/1885/1710 1602/1883/1710 1617/1907/1710 1618/1909/1710
f 1596/1886/1711 1595/1884/1711 1610/1908/1711 1611/1910/1711
f 1604/1887/1712 1603/1885/1712 1618/1909/1712 1619/1894/1712
f 1597/1888/1713 1596/1886/1713 1611/1910/1713 1612/1896/1713
f 1609/1906/1714 1608/1903/1714 1623/1911/1714 1624/1912/1714
f 1617/1907/1715 1616/1905/1715 1631/1913/1715 1632/1914/1715
f 1610/1908/1716 1609/1906/1716 1624/1912/1716 1625/1915/1716
f 1618/1909/1717 1617/1907/1717 1632/1914/1717 1633/1916/1717
f 1611/1910/1718 1610/1908/1718 1625/1915/1718 1626/1917/1718
f 1619/1894/1719 1618/1909/1719 1633/1916/1719 1634/1918/1719
f 1612/1896/1720 1611/1910/1720 1626/1917/1720 1627/1919/1720
f 1620/1895/1721 1619/1894/1721 1634/1918/1721 1635/1920/1721
f 1613/1897/1722 1612/1896/1722 1627/1919/1722 1628/1921/1722
f 1621/1898/1723 1620/1895/1723 1635/1920/1723 1636/1922/1723
f 1614/1899/1724 1613/1897/1724 1628/1921/1724 1629/1923/1724
f 1622/1900/1725 1621/1898/1725 1636/1922/1725 1637/1924/1725
f 1615/1901/1726 1614/1899/1726 1629/1923/1726 1630/1925/1726
f 1608/1903/1727 1480/1926/1727 1623/1911/1727
f 1487/1927/1728 1622/1900/1728 1637/1924/1728
f 1616/1905/1729 1615/1901/1729 1630/1925/1729 1631/1913/1729
f 1628/1921/1730 1627/1919/1730 1642/1928/1730 1643/1929/1730
f 1636/1922/1731 1635/1920/1731 1650/1930/1731 1651/1931/1731
f 1629/1923/1732 1628/1921/1732 1643/1929/1732 1644/1932/1732
f 1637/1924/1733 1636/1922/1733 1651/1931/1733 1652/1933/1733
f 1630/1925/1734 1629/1923/1734 1644/1932/1734 1645/1934/1734
f 1623/1911/1735 1480/1935/1735 1638/1936/1735
f 1487/1937/1736 1637/1924/1736 1652/1933/1736
f 1631/1913/1737 1630/1925/1737 1645/1934/1737 1646/1938/1737
f 1624/1912/1738 1623/1911/1738 1638/1936/1738 1639/1939/1738
f 1632/1914/1739 1631/1913/1739 1646/1938/1739 1647/1940/1739
f 1625/1915/1740 1624/1912/1740 1639/1939/1740 1640/1941/1740
f 1633/1916/1741 1632/1914/1741 1647/1940/1741 1648/1942/1741
f 1626/1917/1742 1625/1915/1742 1640/1941/1742 1641/1943/1742
f 1634/1918/1743 1633/1916/1743 1648/1942/1743 1649/1944/1743
f 1627/1919/1744 1626/1917/1744 1641/1943/1744 1642/1928/1744
f 1635/1920/1745 1634/1918/1745 1649/1944/1745 1650/1930/1745
f 1647/1940/1746 1646/1938/1746 1661/1945/1746 1662/1946/1746
f 1640/1941/1747 1639/1939/1747 1654/1947/1747 1655/1948/1747
f 1648/1942/1748 1647/1940/1748 1662/1946/1748 1663/1949/1748
f 1641/1943/1749 1640/1941/1749 1655/1948/1749 1656/1950/1749
f 1649/1944/1750 1648/1942/1750 1663/1949/1750 1664/1951/1750
f 1642/1928/1751 1641/1943/1751 1656/1950/1751 1657/1952/1751
f 1650/1930/1752 1649/1944/1752 1664/1951/1752 1665/1953/1752
f 1643/1929/1753 1642/1928/1753 1657/1952/1753 1658/1954/1753
f 1651/1931/1754 1650/1930/1754 1665/1953/1754 1666/1955/1754
f 1644/1932/1755 1643/1929/1755 1658/1954/1755 1659/1956/1755
f 1652/1933/1756 1651/1931/1756 1666/1955/1756 1667/1957/1756
f 1645/1934/1757 1644/1932/1757 1659/1956/1757 1660/1958/1757
f 1638/1936/1758 1480/1959/1758 1653/1960/1758
f 1487/1961/1759 1652/1933/1759 1667/1957/1759
f 1646/1938/1760 1645/1934/1760 1660/1958/1760 1661/1945/1760
f 1639/1939/1761 1638/1936/1761 1653/1960/1761 1654/1947/1761
f 1666/1955/1762 1665/1953/1762 1680/1962/1762 1681/1963/1762
f 1659/1956/1763 1658/1954/1763 1673/1964/1763 1674/1965/1763
f 1667/1957/1764 1666/1955/1764 1681/1963/1764 1682/1966/1764
f 1660/1958/1765 1659/1956/1765 1674/1965/1765 1675/1967/1765
f 1653/1960/1766 1480/1968/1766 1668/1969/1766
f 1487/1970/1767 1667/1957/1767 1682/1966/1767
f 1661/1945/1768 1660/1958/1768 1675/1967/1768 1676/1971/1768
f 1654/1947/1769 1653/1960/1769 1668/1969/1769 1669/1972/1769
f 1662/1946/1770 1661/1945/1770 1676/1971/1770 1677/1973/1770
f 1655/1948/1771 1654/1947/1771 1669/1972/1771 1670/1974/1771
f 1663/1949/1772 1662/1946/1772 1677/1973/1772 1678/1975/1772
f 1656/1950/1773 1655/1948/1773 1670/1974/1773 1671/1976/1773
f 1664/1951/1774 1663/1949/1774 1678/1975/1774 1679/1977/1774
f 1657/1952/1775 1656/1950/1775 1671/1976/1775 1672/1978/1775
f 1665/1953/1776 1664/1951/1776 1679/1977/1776 1680/1962/1776
f 1658/1954/1777 1657/1952/1777 1672/1978/1777 1673/1964/1777
f 1670/1974/1778 1669/1972/1778 1684/1979/1778 1685/1980/1778
f 1678/1975/1779 1677/1973/1779 1692/1981/1779 1693/1982/1779
f 1671/1976/1780 1670/1974/1780 1685/1980/1780 1686/1983/1780
f 1679/1977/1781 1678/1975/1781 1693/1982/1781 1694/1984/1781
f 1672/1978/1782 1671/1976/1782 1686/1983/1782 1687/1985/1782
f 1680/1962/1783 1679/1977/1783 1694/1984/1783 1695/1986/1783
f 1673/1964/1784 1672/1978/1784 1687/1985/1784 1688/1987/1784
f 1681/1963/1785 1680/1962/1785 1695/1986/1785 1696/1988/1785
f 1674/1965/1786 1673/1964/1786 1688/1987/1786 1689/1989/1786
f 1682/1966/1787 1681/1963/1787 1696/1988/1787 1697/1990/1787
f 1675/1967/1788 1674/1965/1788 1689/1989/1788 1690/1991/1788
f 1668/1969/1789 1480/1992/1789 1683/1993/1789
f 1487/1994/1790 1682/1966/1790 1697/1990/1790
f 1676/1971/1791 1675/1967/1791 1690/1991/1791 1691/1995/1791
f 1669/1972/1792 1668/1969/1792 1683/1993/1792 1684/1979/1792
f 1677/1973/1793 1676/1971/1793 1691/1995/1793 1692/1981/1793
f 1689/1989/1794 1688/1987/1794 1703/1996/1794 1704/1997/1794
f 1697/1990/1795 1696/1988/1795 1711/1998/1795 1712/1999/1795
f 1690/1991/1796 1689/1989/1796 1704/1997/1796 1705/2000/1796
f 1683/1993/1797 1480/2001/1797 1698/2002/1797
f 1487/2003/1798 1697/1990/1798 1712/1999/1798
f 1691/1995/1799 1690/1991/1799 1705/2000/1799 1706/2004/1799
f 1684/1979/1800 1683/1993/1800 1698/2002/1800 1699/2005/1800
f 1692/1981/1801 1691/1995/1801 1706/2004/1801 1707/2006/1801
f 1685/1980/1802 1684/1979/1802 1699/2005/1802 1700/2007/1802
f 1693/1982/1803 1692/1981/1803 1707/2006/1803 1708/2008/1803
f 1686/1983/1804 1685/1980/1804 1700/2007/1804 1701/2009/1804
f 1694/1984/1805 1693/1982/1805 1708/2008/1805 1709/2010/1805
f 1687/1985/1806 1686/1983/1806 1701/2009/1806 1702/2011/1806
f 1695/1986/1807 1694/1984/1807 1709/2010/1807 1710/2012/1807
f 1688/1987/1808 1687/1985/1808 1702/2011/1808 1703/1996/1808
f 1696/1988/1809 1695/1986/1809 1710/2012/1809 1711/1998/1809
f 1708/2008/1810 1707/2006/1810 1722/2013/1810 1723/2014/1810
f 1701/2009/1811 1700/2007/1811 1715/2015/1811 1716/2016/1811
f 1709/2010/1812 1708/2008/1812 1723/2014/1812 1724/2017/1812
f 1702/2011/1813 1701/2009/1813 1716/2016/1813 1717/2018/1813
f 1710/2012/1814 1709/2010/1814 1724/2017/1814 1725/2019/1814
f 1703/1996/1815 1702/2011/1815 1717/2018/1815 1718/2020/1815
f 1711/1998/1816 1710/2012/1816 1725/2019/1816 1726/2021/1816
f 1704/1997/1817 1703/1996/1817 1718/2020/1817 1719/2022/1817
f 1712/1999/1818 1711/1998/1818 1726/2021/1818 1727/2023/1818
f 1705/2000/1819 1704/1997/1819 1719/2022/1819 1720/2024/1819
f 1698/2002/1820 1480/2025/1820 1713/2026/1820
f 1487/2027/1821 1712/1999/1821 1727/2023/1821
f 1706/2004/1822 1705/2000/1822 1720/2024/1822 1721/2028/1822
f 1699/2005/1823 1698/2002/1823 1713/2026/1823 1714/2029/1823
f 1707/2006/1824 1706/2004/1824 1721/2028/1824 1722/2013/1824
f 1700/2007/1825 1699/2005/1825 1714/2029/1825 1715/2015/1825
f 1727/2023/1826 1726/2021/1826 1741/2030/1826 1742/2031/1826
f 1720/2024/1827 1719/2022/1827 1734/2032/1827 1735/2033/1827
f 1713/2026/1828 1480/2034/1828 1728/2035/1828
f 1487/2036/1829 1727/2023/1829 1742/2031/1829
f 1721/2028/1830 1720/2024/1830 1735/2033/1830 1736/2037/1830
f 1714/2029/1831 1713/2026/1831 1728/2035/1831 1729/2038/1831
f 1722/2013/1832 1721/2028/1832 1736/2037/1832 1737/2039/1832
f 1715/2015/1833 1714/2029/1833 1729/2038/1833 1730/2040/1833
f 1723/2014/1834 1722/2013/1834 1737/2039/1834 1738/2041/1834
f 1716/2016/1835 1715/2015/1835 1730/2040/1835 1731/2042/1835
f 1724/2017/1836 1723/2014/1836 1738/2041/1836 1739/2043/1836
f 1717/2018/1837 1716/2016/1837 1731/2042/1837 1732/2044/1837
f 1725/2019/1838 1724/2017/1838 1739/2043/1838 1740/2045/1838
f 1718/2020/1839 1717/2018/1839 1732/2044/1839 1733/2046/1839
f 1726/2021/1840 1725/2019/1840 1740/2045/1840 1741/2030/1840
f 1719/2022/1841 1718/2020/1841 1733/2046/1841 1734/2032/1841
f 1739/2043/1842 1738/2041/1842 1753/2047/1842 1754/2048/1842
f 1732/2044/1843 1731/2042/1843 1746/2049/1843 1747/2050/1843
f 1740/2045/1844 1739/2043/1844 1754/2048/1844 1755/2051/1844
f 1733/2046/1845 1732/2044/1845 1747/2050/1845 1748/2052/1845
f 1741/2030/1846 1740/2045/1846 1755/2051/1846 1756/2053/1846
f 1734/2032/1847 1733/2046/1847 1748/2052/1847 1749/2054/1847
f 1742/2031/1848 1741/2030/1848 1756/2053/1848 1757/2055/1848
f 1735/2033/1849 1734/2032/1849 1749/2054/1849 1750/2056/1849
f 1728/2035/1850 1480/2057/1850 1743/2058/1850
f 1487/2059/1851 1742/2031/1851 1757/2055/1851
f 1736/2037/1852 1735/2033/1852 1750/2056/1852 1751/2060/1852
f 1729/2038/1853 1728/2035/1853 1743/2058/1853 1744/2061/1853
f 1737/2039/1854 1736/2037/1854 1751/2060/1854 1752/2062/1854
f 1730/2040/1855 1729/2038/1855 1744/2061/1855 1745/2063/1855
f 1738/2041/1856 1737/2039/1856 1752/2062/1856 1753/2047/1856
f 1731/2042/1857 1730/2040/1857 1745/2063/1857 1746/2049/1857
f 1743/2058/1858 1480/2064/1858 1758/2065/1858
f 1487/2066/1859 1757/2055/1859 1772/2067/1859
f 1751/2060/1860 1750/2056/1860 1765/2068/1860 1766/2069/1860
f 1744/2061/1861 1743/2058/1861 1758/2065/1861 1759/2070/1861
f 1752/2062/1862 1751/2060/1862 1766/2069/1862 1767/2071/1862
f 1745/2063/1863 1744/2061/1863 1759/2070/1863 1760/2072/1863
f 1753/2047/1864 1752/2062/1864 1767/2071/1864 1768/2073/1864
f 1746/2049/1865 1745/2063/1865 1760/2072/1865 1761/2074/1865
f 1754/2048/1866 1753/2047/1866 1768/2073/1866 1769/2075/1866
f 1747/2050/1867 1746/2049/1867 1761/2074/1867 1762/2076/1867
f 1755/2051/1868 1754/2048/1868 1769/2075/1868 1770/2077/1868
f 1748/2052/1869 1747/2050/1869 1762/2076/1869 1763/2078/1869
f 1756/2053/1870 1755/2051/1870 1770/2077/1870 1771/2079/1870
f 1749/2054/1871 1748/2052/1871 1763/2078/1871 1764/2080/1871
f 1757/2055/1872 1756/2053/1872 1771/2079/1872 1772/2067/1872
f 1750/2056/1873 1749/2054/1873 1764/2080/1873 1765/2068/1873
f 1762/2076/1874 1761/2074/1874 1776/2081/1874 1777/2082/1874
f 1770/2077/1875 1769/2075/1875 1784/2083/1875 1785/2084/1875
f 1763/2078/1876 1762/2076/1876 1777/2082/1876 1778/2085/1876
f 1771/2079/1877 1770/2077/1877 1785/2084/1877 1786/2086/1877
f 1764/2080/1878 1763/2078/1878 1778/2085/1878 1779/2087/1878
f 1772/2067/1879 1771/2079/1879 1786/2086/1879 1787/2088/1879
f 1765/2068/1880 1764/2080/1880 1779/2087/1880 1780/2089/1880
f 1758/2065/1881 1480/2090/1881 1773/2091/1881
f 1487/2092/1882 1772/2067/1882 1787/2088/1882
f 1766/2069/1883 1765/2068/1883 1780/2089/1883 1781/2093/1883
f 1759/2070/1884 1758/2065/1884 1773/2091/1884 1774/2094/1884
f 1767/2071/1885 1766/2069/1885 1781/2093/1885 1782/2095/1885
f 1760/2072/1886 1759/2070/1886 1774/2094/1886 1775/2096/1886
f 1768/2073/1887 1767/2071/1887 1782/2095/1887 1783/2097/1887
f 1761/2074/1888 1760/2072/1888 1775/2096/1888 1776/2081/1888
f 1769/2075/1889 1768/2073/1889 1783/2097/1889 1784/2083/1889
f 1781/2093/1890 1780/2089/1890 1795/2098/1890 1796/2099/1890
f 1774/2094/1891 1773/2091/1891 1788/2100/1891 1789/2101/1891
f 1782/2095/1892 1781/2093/1892 1796/2099/1892 1797/2102/1892
f 1775/2096/1893 1774/2094/1893 1789/2101/1893 1790/2103/1893
f 1783/2097/1894 1782/2095/1894 1797/2102/1894 1798/2104/1894
f 1776/2081/1895 1775/2096/1895 1790/2103/1895 1791/2105/1895
f 1784/2083/1896 1783/2097/1896 1798/2104/1896 1799/2106/1896
f 1777/2082/1897 1776/2081/1897 1791/2105/1897 1792/2107/1897
f 1785/2084/1898 1784/2083/1898 1799/2106/1898 1800/2108/1898
f 1778/2085/1899 1777/2082/1899 1792/2107/1899 1793/2109/1899
f 1786/2086/1900 1785/2084/1900 1800/2108/1900 1801/2110/1900
f 1779/2087/1901 1778/2085/1901 1793/2109/1901 1794/2111/1901
f 1787/2088/1902 1786/2086/1902 1801/2110/1902 1802/2112/1902
f 1780/2089/1903 1779/2087/1903 1794/2111/1903 1795/2098/1903
f 1773/2091/1904 1480/2113/1904 1788/2100/1904
f 1487/2114/1905 1787/2088/1905 1802/2112/1905
f 1800/2108/1906 1799/2106/1906 1814/2115/1906 1815/2116/1906
f 1793/2109/1907 1792/2107/1907 1807/2117/1907 1808/2118/1907
f 1801/2110/1908 1800/2108/1908 1815/2116/1908 1816/2119/1908
f 1794/2111/1909 1793/2109/1909 1808/2118/1909 1809/2120/1909
f 1802/2112/1910 1801/2110/1910 1816/2119/1910 1817/2121/1910
f 1795/2098/1911 1794/2111/1911 1809/2120/1911 1810/2122/1911
f 1788/2100/1912 1480/2123/1912 1803/2124/1912
f 1487/2125/1913 1802/2112/1913 1817/2121/1913
f 1796/2099/1914 1795/2098/1914 1810/2122/1914 1811/2126/1914
f 1789/2101/1915 1788/2100/1915 1803/2124/1915 1804/2127/1915
f 1797/2102/1916 1796/2099/1916 1811/2126/1916 1812/2128/1916
f 1790/2103/1917 1789/2101/1917 1804/2127/1917 1805/2129/1917
f 1798/2104/1918 1797/2102/1918 1812/2128/1918 1813/2130/1918
f 1791/2105/1919 1790/2103/1919 1805/2129/1919 1806/2131/1919
f 1799/2106/1920 1798/2104/1920 1813/2130/1920 1814/2115/1920
f 1792/2107/1921 1791/2105/1921 1806/2131/1921 1807/2117/1921
f 1804/2127/1922 1803/2124/1922 1818/2132/1922 1819/2133/1922
f 1812/2128/1923 1811/2126/1923 1826/2134/1923 1827/2135/1923
f 1805/2129/1924 1804/2127/1924 1819/2133/1924 1820/2136/1924
f 1813/2130/1925 1812/2128/1925 1827/2135/1925 1828/2137/1925
f 1806/2131/1926 1805/2129/1926 1820/2136/1926 1821/2138/1926
f 1814/2115/1927 1813/2130/1927 1828/2137/1927 1829/2139/1927
f 1807/2117/1928 1806/2131/1928 1821/2138/1928 1822/2140/1928
f 1815/2116/1929 1814/2115/1929 1829/2139/1929 1830/2141/1929
f 1808/2118/1930 1807/2117/1930 1822/2140/1930 1823/2142/1930
f 1816/2119/1931 1815/2116/1931 1830/2141/1931 1831/2143/1931
f 1809/2120/1932 1808/2118/1932 1823/2142/1932 1824/2144/1932
f 1817/2121/1933 1816/2119/1933 1831/2143/1933 1832/2145/1933
f 1810/2122/1934 1809/2120/1934 1824/2144/1934 1825/2146/1934
f 1803/2124/1935 1480/2147/1935 1818/2132/1935
f 1487/2148/1936 1817/2121/1936 1832/2145/1936
f 1811/2126/1937 1810/2122/1937 1825/2146/1937 1826/2134/1937
f 1823/2142/1938 1822/2140/1938 1837/2149/1938 1838/2150/1938
f 1831/2143/1939 1830/2141/1939 1845/2151/1939 1846/2152/1939
f 1824/2144/1940 1823/2142/1940 1838/2150/1940 1839/2153/1940
f 1832/2145/1941 1831/2143/1941 1846/2152/1941 1847/2154/1941
f 1825/2146/1942 1824/2144/1942 1839/2153/1942 1840/2155/1942
f 1818/2132/1943 1480/2156/1943 1833/2157/1943
f 1487/2158/1944 1832/2145/1944 1847/2154/1944
f 1826/2134/1945 1825/2146/1945 1840/2155/1945 1841/2159/1945
f 1819/2133/1946 1818/2132/1946 1833/2157/1946 1834/2160/1946
f 1827/2135/1947 1826/2134/1947 1841/2159/1947 1842/2161/1947
f 1820/2136/1948 1819/2133/1948 1834/2160/1948 1835/2162/1948
f 1828/2137/1949 1827/2135/1949 1842/2161/1949 1843/2163/1949
f 1821/2138/1950 1820/2136/1950 1835/2162/1950 1836/2164/1950
f 1829/2139/1951 1828/2137/1951 1843/2163/1951 1844/2165/1951
f 1822/2140/1952 1821/2138/1952 1836/2164/1952 1837/2149/1952
f 1830/2141/1953 1829/2139/1953 1844/2165/1953 1845/2151/1953
f 1842/2166/1954 1841/2167/1954 1856/2168/1954 1857/2169/1954
f 1835/2170/1955 1834/2171/1955 1849/2172/1955 1850/2173/1955
f 1843/2174/1956 1842/2166/1956 1857/2169/1956 1858/2175/1956
f 1836/2176/1957 1835/2170/1957 1850/2173/1957 1851/2177/1957
f 1844/2178/1958 1843/2174/1958 1858/2175/1958 1859/2179/1958
f 1837/2180/1959 1836/2176/1959 1851/2177/1959 1852/2181/1959
f 1845/2182/1960 1844/2178/1960 1859/2179/1960 1860/2183/1960
f 1838/2184/1961 1837/2180/1961 1852/2181/1961 1853/2185/1961
f 1846/2186/1962 1845/2182/1962 1860/2183/1962 1861/2187/1962
f 1839/2188/1963 1838/2184/1963 1853/2185/1963 1854/2189/1963
f 1847/2190/1964 1846/2186/1964 1861/2187/1964 1862/2191/1964
f 1840/2192/1965 1839/2188/1965 1854/2189/1965 1855/2193/1965
f 1833/2194/1966 1480/2195/1966 1848/2196/1966
f 1487/2197/1967 1847/2190/1967 1862/2191/1967
f 1841/2167/1968 1840/2192/1968 1855/2193/1968 1856/2168/1968
f 1834/2171/1969 1833/2194/1969 1848/2196/1969 1849/2172/1969
f 1861/2187/1970 1860/2183/1970 1875/2198/1970 1876/2199/1970
f 1854/2189/1971 1853/2185/1971 1868/2200/1971 1869/2201/1971
f 1862/2191/1972 1861/2187/1972 1876/2199/1972 1877/2202/1972
f 1855/2193/1973 1854/2189/1973 1869/2201/1973 1870/2203/1973
f 1848/2196/1974 1480/2204/1974 1863/2205/1974
f 1487/2206/1975 1862/2191/1975 1877/2202/1975
f 1856/2168/1976 1855/2193/1976 1870/2203/1976 1871/2207/1976
f 1849/2172/1977 1848/2196/1977 1863/2205/1977 1864/2208/1977
f 1857/2169/1978 1856/2168/1978 1871/2207/1978 1872/2209/1978
f 1850/2173/1979 1849/2172/1979 1864/2208/1979 1865/2210/1979
f 1858/2175/1980 1857/2169/1980 1872/2209/1980 1873/2211/1980
f 1851/2177/1981 1850/2173/1981 1865/2210/1981 1866/2212/1981
f 1859/2179/1982 1858/2175/1982 1873/2211/1982 1874/2213/1982
f 1852/2181/1983 1851/2177/1983 1866/2212/1983 1867/2214/1983
f 1860/2183/1984 1859/2179/1984 1874/2213/1984 1875/2198/1984
f 1853/2185/1985 1852/2181/1985 1867/2214/1985 1868/2200/1985
f 1873/2211/1986 1872/2209/1986 1887/2215/1986 1888/2216/1986
f 1866/2212/1987 1865/2210/1987 1880/2217/1987 1881/2218/1987
f 1874/2213/1988 1873/2211/1988 1888/2216/1988 1889/2219/1988
f 1867/2214/1989 1866/2212/1989 1881/2218/1989 1882/2220/1989
f 1875/2198/1990 1874/2213/1990 1889/2219/1990 1890/2221/1990
f 1868/2200/1991 1867/2214/1991 1882/2220/1991 1883/2222/1991
f 1876/2199/1992 1875/2198/1992 1890/2221/1992 1891/2223/1992
f 1869/2201/1993 1868/2200/1993 1883/2222/1993 1884/2224/1993
f 1877/2202/1994 1876/2199/1994 1891/2223/1994 1892/2225/1994
f 1870/2203/1995 1869/2201/1995 1884/2224/1995 1885/2226/1995
f 1863/2205/1996 1480/2227/1996 1878/2228/1996
f 1487/2229/1997 1877/2202/1997 1892/2225/1997
f 1871/2207/1998 1870/2203/1998 1885/2226/1998 1886/2230/1998
f 1864/2208/1999 1863/2205/1999 1878/2228/1999 1879/2231/1999
f 1872/2209/2000 1871/2207/2000 1886/2230/2000 1887/2215/2000
f 1865/2210/2001 1864/2208/2001 1879/2231/2001 1880/2217/2001
f 1892/2225/2002 1891/2223/2002 1906/2232/2002 1907/2233/2002
f 1885/2226/2003 1884/2224/2003 1899/2234/2003 1900/2235/2003
f 1878/2228/2004 1480/2236/2004 1893/2237/2004
f 1487/2238/2005 1892/2225/2005 1907/2233/2005
f 1886/2230/2006 1885/2226/2006 1900/2235/2006 1901/2239/2006
f 1879/2231/2007 1878/2228/2007 1893/2237/2007 1894/2240/2007
f 1887/2215/2008 1886/2230/2008 1901/2239/2008 1902/2241/2008
f 1880/2217/2009 1879/2231/2009 1894/2240/2009 1895/2242/2009
f 1888/2216/2010 1887/2215/2010 1902/2241/2010 1903/2243/2010
f 1881/2218/2011 1880/2217/2011 1895/2242/2011 1896/2244/2011
f 1889/2219/2012 1888/2216/2012 1903/2243/2012 1904/2245/2012
f 1882/2220/2013 1881/2218/2013 1896/2244/2013 1897/2246/2013
f 1890/2221/2014 1889/2219/2014 1904/2245/2014 1905/2247/2014
f 1883/2222/2015 1882/2220/2015 1897/2246/2015 1898/2248/2015
f 1891/2223/2016 1890/2221/2016 1905/2247/2016 1906/2232/2016
f 1884/2224/2017 1883/2222/2017 1898/2248/2017 1899/2234/2017
f 1896/2244/2018 1895/2242/2018 1910/2249/2018 1911/2250/2018
f 1904/2245/2019 1903/2243/2019 1918/2251/2019 1919/2252/2019
f 1897/2246/2020 1896/2244/2020 1911/2250/2020 1912/2253/2020
f 1905/2247/2021 1904/2245/2021 1919/2252/2021 1920/2254/2021
f 1898/2248/2022 1897/2246/2022 1912/2253/2022 1913/2255/2022
f 1906/2232/2023 1905/2247/2023 1920/2254/2023 1921/2256/2023
f 1899/2234/2024 1898/2248/2024 1913/2255/2024 1914/2257/2024
f 1907/2233/2025 1906/2232/2025 1921/2256/2025 1922/2258/2025
f 1900/2235/2026 1899/2234/2026 1914/2257/2026 1915/2259/2026
f 1893/2237/2027 1480/2260/2027 1908/2261/2027
f 1487/2262/2028 1907/2233/2028 1922/2258/2028
f 1901/2239/2029 1900/2235/2029 1915/2259/2029 1916/2263/2029
f 1894/2240/2030 1893/2237/2030 1908/2261/2030 1909/2264/2030
f 1902/2241/2031 1901/2239/2031 1916/2263/2031 1917/2265/2031
f 1895/2242/2032 1894/2240/2032 1909/2264/2032 1910/2249/2032
f 1903/2243/2033 1902/2241/2033 1917/2265/2033 1918/2251/2033
f 1915/2259/2034 1914/2257/2034 1929/2266/2034 1930/2267/2034
f 1908/2261/2035 1480/2268/2035 1923/2269/2035
f 1487/2270/2036 1922/2258/2036 1937/2271/2036
f 1916/2263/2037 1915/2259/2037 1930/2267/2037 1931/2272/2037
f 1909/2264/2038 1908/2261/2038 1923/2269/2038 1924/2273/2038
f 1917/2265/2039 1916/2263/2039 1931/2272/2039 1932/2274/2039
f 1910/2249/2040 1909/2264/2040 1924/2273/2040 1925/2275/2040
f 1918/2251/2041 1917/2265/2041 1932/2274/2041 1933/2276/2041
f 1911/2250/2042 1910/2249/2042 1925/2275/2042 1926/2277/2042
f 1919/2252/2043 1918/2251/2043 1933/2276/2043 1934/2278/2043
f 1912/2253/2044 1911/2250/2044 1926/2277/2044 1927/2279/2044
f 1920/2254/2045 1919/2252/2045 1934/2278/2045 1935/2280/2045
f 1913/2255/2046 1912/2253/2046 1927/2279/2046 1928/2281/2046
f 1921/2256/2047 1920/2254/2047 1935/2280/2047 1936/2282/2047
f 1914/2257/2048 1913/2255/2048 1928/2281/2048 1929/2266/2048
f 1922/2258/2049 1921/2256/2049 1936/2282/2049 1937/2271/2049
f 1934/2278/2050 1933/2276/2050 1948/2283/2050 1949/2284/2050
f 1927/2279/2051 1926/2277/2051 1941/2285/2051 1942/2286/2051
f 1935/2280/2052 1934/2278/2052 1949/2284/2052 1950/2287/2052
f 1928/2281/2053 1927/2279/2053 1942/2286/2053 1943/2288/2053
f 1936/2282/2054 1935/2280/2054 1950/2287/2054 1951/2289/2054
f 1929/2266/2055 1928/2281/2055 1943/2288/2055 1944/2290/2055
f 1937/2271/2056 1936/2282/2056 1951/2289/2056 1952/2291/2056
f 1930/2267/2057 1929/2266/2057 1944/2290/2057 1945/2292/2057
f 1923/2269/2058 1480/2293/2058 1938/2294/2058
f 1487/2295/2059 1937/2271/2059 1952/2291/2059
f 1931/2272/2060 1930/2267/2060 1945/2292/2060 1946/2296/2060
f 1924/2273/2061 1923/2269/2061 1938/2294/2061 1939/2297/2061
f 1932/2274/2062 1931/2272/2062 1946/2296/2062 1947/2298/2062
f 1925/2275/2063 1924/2273/2063 1939/2297/2063 1940/2299/2063
f 1933/2276/2064 1932/2274/2064 1947/2298/2064 1948/2283/2064
f 1926/2277/2065 1925/2275/2065 1940/2299/2065 1941/2285/2065
f 1938/2294/2066 1480/2300/2066 1953/1747/2066
f 1487/2301/2067 1952/2291/2067 1961/1751/2067
f 1946/2296/2068 1945/2292/2068 1484/1743/2068 1485/1753/2068
f 1939/2297/2069 1938/2294/2069 1953/1747/2069 1954/1755/2069
f 1947/2298/2070 1946/2296/2070 1485/1753/2070 1957/1757/2070
f 1940/2299/2071 1939/2297/2071 1954/1755/2071 1481/1759/2071
f 1948/2283/2072 1947/2298/2072 1957/1757/2072 1486/1761/2072
f 1941/2285/2073 1940/2299/2073 1481/1759/2073 1955/1763/2073
f 1949/2284/2074 1948/2283/2074 1486/1761/2074 1958/1765/2074
f 1942/2286/2075 1941/2285/2075 1955/1763/2075 1482/1767/2075
f 1950/2287/2076 1949/2284/2076 1958/1765/2076 1959/1769/2076
f 1943/2288/2077 1942/2286/2077 1482/1767/2077 1956/1771/2077
f 1951/2289/2078 1950/2287/2078 1959/1769/2078 1960/1773/2078
f 1944/2290/2079 1943/2288/2079 1956/1771/2079 1483/1744/2079
f 1952/2291/2080 1951/2289/2080 1960/1773/2080 1961/1751/2080
f 1945/2292/2081 1944/2290/2081 1483/1744/2081 1484/1743/2081
o olho_direito
v -0.330691 1.845536 -0.636287
v -0.330691 1.827728 -0.694994
v -0.330691 1.798573 -0.724149
v -0.330691 1.760481 -0.739927
v -0.330691 1.739866 -0.741957
v -0.330691 1.719251 -0.739927
v -0.330691 1.681159 -0.724149
v -0.330691 1.634196 -0.636287
v -0.326669 1.843506 -0.656506
v -0.322802 1.837492 -0.675948
v -0.319238 1.827728 -0.693866
v -0.316114 1.814586 -0.709571
v -0.313550 1.798573 -0.722460
v -0.311645 1.780304 -0.732038
v -0.310472 1.760481 -0.737935
v -0.310076 1.739866 -0.739927
v -0.310472 1.719251 -0.737935
v -0.311645 1.699428 -0.732038
v -0.313550 1.681159 -0.722460
v -0.316114 1.665146 -0.709571
v -0.319238 1.652005 -0.693866
v -0.322802 1.642240 -0.675948
v -0.326669 1.636227 -0.656506
v -0.322802 1.843506 -0.655333
v -0.315216 1.837492 -0.673647
v -0.308225 1.827728 -0.690525
v -0.302097 1.814586 -0.705319
v -0.297068 1.798573 -0.717461
v -0.293331 1.780304 -0.726482
v -0.291030 1.760481 -0.732038
v -0.290253 1.739866 -0.733914
v -0.291030 1.719251 -0.732038
v -0.293331 1.699428 -0.726482
v -0.297068 1.681159 -0.717461
v -0.302097 1.665146 -0.705319
v -0.308225 1.652005 -0.690525
v -0.315216 1.642240 -0.673647
v -0.322802 1.636227 -0.655333
v -0.319238 1.843506 -0.653428
v -0.308225 1.837492 -0.669910
v -0.298075 1.827728 -0.685100
v -0.289179 1.814586 -0.698415
v -0.281878 1.798573 -0.709341
v -0.276453 1.780304 -0.717461
v -0.273112 1.760481 -0.722460
v -0.271984 1.739866 -0.724149
v -0.273112 1.719251 -0.722460
v -0.276453 1.699428 -0.717461
v -0.281878 1.681159 -0.709341
v -0.289179 1.665146 -0.698415
v -0.298075 1.652005 -0.685100
v -0.308225 1.642240 -0.669910
v -0.319238 1.636227 -0.653428
v -0.316114 1.843506 -0.650864
v -0.302097 1.837492 -0.664881
v -0.289179 1.827728 -0.677799
v -0.277856 1.814586 -0.689122
v -0.268564 1.798573 -0.698415
v -0.261659 1.780304 -0.705319
v -0.257407 1.760481 -0.709571
v -0.255971 1.739866 -0.711007
v -0.257407 1.719251 -0.709571
v -0.261659 1.699428 -0.705319
v -0.268564 1.681159 -0.698415
v -0.277856 1.665146 -0.689122
v -0.289179 1.652005 -0.677799
v -0.302097 1.642240 -0.664881
v -0.316114 1.636227 -0.650864
v -0.313550 1.843506 -0.647740
v -0.297068 1.837492 -0.658753
v -0.281878 1.827728 -0.668903
v -0.268564 1.814586 -0.677799
v -0.257637 1.798573 -0.685100
v -0.249518 1.780304 -0.690525
v -0.244518 1.760481 -0.693866
v -0.242830 1.739866 -0.694994
v -0.244518 1.719251 -0.693866
v -0.249518 1.699428 -0.690525
v -0.257637 1.681159 -0.685100
v -0.268564 1.665146 -0.677799
v -0.281878 1.652005 -0.668903
v -0.297068 1.642240 -0.658753
v -0.313550 1.636227 -0.647740
v -0.311645 1.843506 -0.644176
v -0.293331 1.837492 -0.651762
v -0.276453 1.827728 -0.658753
v -0.261659 1.814586 -0.664881
v -0.249518 1.798573 -0.669910
v -0.240496 1.780304 -0.673647
v -0.234941 1.760481 -0.675948
v -0.233065 1.739866 -0.676725
v -0.234941 1.719251 -0.675948
v -0.240496 1.699428 -0.673647
v -0.249518 1.681159 -0.669910
v -0.261659 1.665146 -0.664881
v -0.276453 1.652005 -0.658753
v -0.293331 1.642240 -0.651762
v -0.311645 1.636227 -0.644176
v -0.310472 1.843506 -0.640309
v -0.291030 1.837492 -0.644176
v -0.273112 1.827728 -0.647740
v -0.257407 1.814586 -0.650864
v -0.244518 1.798573 -0.653428
v -0.234941 1.780304 -0.655333
v -0.229043 1.760481 -0.656506
v -0.227052 1.739866 -0.656902
v -0.229043 1.719251 -0.656506
v -0.234941 1.699428 -0.655333
v -0.244518 1.681159 -0.653428
v -0.257407 1.665146 -0.650864
v -0.273112 1.652005 -0.647740
v -0.291030 1.642240 -0.644176
v -0.310472 1.636227 -0.640309
v -0.310076 1.843506 -0.636287
v -0.290253 1.837492 -0.636287
v -0.271984 1.827728 -0.636287
v -0.255971 1.814586 -0.636287
v -0.242830 1.798573 -0.636287
v -0.233065 1.780304 -0.636287
v -0.227052 1.760481 -0.636287
v -0.225021 1.739866 -0.636287
v -0.227052 1.719251 -0.636287
v -0.233065 1.699428 -0.636287
v -0.242830 1.681159 -0.636287
v -0.255971 1.665146 -0.636287
v -0.271984 1.652005 -0.636287
v -0.290253 1.642240 -0.636287
v -0.310076 1.636227 -0.636287
v -0.310472 1.843506 -0.632265
v -0.291030 1.837492 -0.628398
v -0.273112 1.827728 -0.624834
v -0.257407 1.814586 -0.621710
v -0.244518 1.798573 -0.619146
v -0.234941 1.780304 -0.617241
v -0.229043 1.760481 -0.616068
v -0.227052 1.739866 -0.615672
v -0.229043 1.719251 -0.616068
v -0.234941 1.699428 -0.617241
v -0.244518 1.681159 -0.619146
v -0.257407 1.665146 -0.621710
v -0.273112 1.652005 -0.624834
v -0.291030 1.642240 -0.628398
v -0.310472 1.636227 -0.632265
v -0.311645 1.843506 -0.628398
v -0.293331 1.837492 -0.620812
v -0.276453 1.827728 -0.613821
v -0.261659 1.814586 -0.607693
v -0.249518 1.798573 -0.602664
v -0.240496 1.780304 -0.598927
v -0.234941 1.760481 -0.596626
v -0.233065 1.739866 -0.595849
v -0.234941 1.719251 -0.596626
v -0.240496 1.699428 -0.598927
v -0.249518 1.681159 -0.602664
v -0.261659 1.665146 -0.607693
v -0.276453 1.652005 -0.613821
v -0.293331 1.642240 -0.620812
v -0.311645 1.636227 -0.628398
v -0.313550 1.843506 -0.624834
v -0.297068 1.837492 -0.613821
v -0.281878 1.827728 -0.603671
v -0.268564 1.814586 -0.594775
v -0.257637 1.798573 -0.587474
v -0.249518 1.780304 -0.582049
v -0.244518 1.760481 -0.578708
v -0.242830 1.739866 -0.577580
v -0.244518 1.719251 -0.578708
v -0.249518 1.699428 -0.582049
v -0.257637 1.681159 -0.587474
v -0.268564 1.665146 -0.594775
v -0.281878 1.652005 -0.603671
v -0.297068 1.642240 -0.613821
v -0.313550 1.636227 -0.624834
v -0.316114 1.843506 -0.621710
v -0.302097 1.837492 -0.607693
v -0.289179 1.827728 -0.594775
v -0.277856 1.814586 -0.583452
v -0.268564 1.798573 -0.574160
v -0.261659 1.780304 -0.567255
v -0.257407 1.760481 -0.563003
v -0.255971 1.739866 -0.561567
v -0.257407 1.719251 -0.563003
v -0.261659 1.699428 -0.567255
v -0.268564 1.681159 -0.574160
v -0.277856 1.665146 -0.583452
v -0.289179 1.652005 -0.594775
v -0.302097 1.642240 -0.607693
v -0.316114 1.636227 -0.621710
v -0.319238 1.843506 -0.619146
v -0.308225 1.837492 -0.602664
v -0.298075 1.827728 -0.587474
v -0.289179 1.814586 -0.574160
v -0.281878 1.798573 -0.563233
v -0.276453 1.780304 -0.555114
v -0.273112 1.760481 -0.550114
v -0.271984 1.739866 -0.548426
v -0.273112 1.719251 -0.550114
v -0.276453 1.699428 -0.555114
v -0.281878 1.681159 -0.563233
v -0.289179 1.665146 -0.574160
v -0.298075 1.652005 -0.587474
v -0.308225 1.642240 -0.602664
v -0.319238 1.636227 -0.619146
v -0.322802 1.843506 -0.617241
v -0.315216 1.837492 -0.598927
v -0.308225 1.827728 -0.582049
v -0.302097 1.814586 -0.567255
v -0.297068 1.798573 -0.555114
v -0.293331 1.780304 -0.546092
v -0.291030 1.760481 -0.540537
v -0.290253 1.739866 -0.538661
v -0.291030 1.719251 -0.540537
v -0.293331 1.699428 -0.546092
v -0.297068 1.681159 -0.555114
v -0.302097 1.665146 -0.567255
v -0.308225 1.652005 -0.582049
v -0.315216 1.642240 -0.598927
v -0.322802 1.636227 -0.617241
v -0.326669 1.843506 -0.616068
v -0.322802 1.837492 -0.596626
v -0.319238 1.827728 -0.578708
v -0.316114 1.814586 -0.563003
v -0.313550 1.798573 -0.550114
v -0.311645 1.780304 -0.540537
v -0.310472 1.760481 -0.534639
v -0.310076 1.739866 -0.532648
v -0.310472 1.719251 -0.534639
v -0.311645 1.699428 -0.540537
v -0.313550 1.681159 -0.550114
v -0.316114 1.665146 -0.563003
v -0.319238 1.652005 -0.578708
v -0.322802 1.642240 -0.596626
v -0.326669 1.636227 -0.616068
v -0.330691 1.843506 -0.615672
v -0.330691 1.837492 -0.595849
v -0.330691 1.827728 -0.577580
v -0.330691 1.814586 -0.561567
v -0.330691 1.798573 -0.548426
v -0.330691 1.780304 -0.538661
v -0.330691 1.760481 -0.532648
v -0.330691 1.739866 -0.530617
v -0.330691 1.719251 -0.532648
v -0.330691 1.699428 -0.538661
v -0.330691 1.681159 -0.548426
v -0.330691 1.665146 -0.561567
v -0.330691 1.652005 -0.577580
v -0.330691 1.642240 -0.595849
v -0.330691 1.636227 -0.615672
v -0.334713 1.843506 -0.616068
v -0.338580 1.837492 -0.596626
v -0.342144 1.827728 -0.578708
v -0.345268 1.814586 -0.563003
v -0.347832 1.798573 -0.550114
v -0.349737 1.780304 -0.540537
v -0.350910 1.760481 -0.534639
v -0.351306 1.739866 -0.532648
v -0.350910 1.719251 -0.534639
v -0.349737 1.699428 -0.540537
v -0.347832 1.681159 -0.550114
v -0.345268 1.665146 -0.563003
v -0.342144 1.652005 -0.578708
v -0.338580 1.642240 -0.596626
v -0.334713 1.636227 -0.616068
v -0.338580 1.843506 -0.617241
v -0.346166 1.837492 -0.598927
v -0.353158 1.827728 -0.582049
v -0.359285 1.814586 -0.567255
v -0.364314 1.798573 -0.555114
v -0.368051 1.780304 -0.546092
v -0.370352 1.760481 -0.540537
v -0.371129 1.739866 -0.538661
v -0.370352 1.719251 -0.540537
v -0.368051 1.699428 -0.546092
v -0.364314 1.681159 -0.555114
v -0.359285 1.665146 -0.567255
v -0.353158 1.652005 -0.582049
v -0.346166 1.642240 -0.598927
v -0.338580 1.636227 -0.617241
v -0.342144 1.843506 -0.619146
v -0.353158 1.837492 -0.602664
v -0.363307 1.827728 -0.587474
v -0.372203 1.814586 -0.574160
v -0.379504 1.798573 -0.563233
v -0.384930 1.780304 -0.555114
v -0.388270 1.760481 -0.550114
v -0.389398 1.739866 -0.548426
v -0.388270 1.719251 -0.550114
v -0.384930 1.699428 -0.555114
v -0.379504 1.681159 -0.563233
v -0.372203 1.665146 -0.574160
v -0.363307 1.652005 -0.587474
v -0.353158 1.642240 -0.602664
v -0.342144 1.636227 -0.619146
v -0.345268 1.843506 -0.621710
v -0.359285 1.837492 -0.607693
v -0.372203 1.827728 -0.594775
v -0.383526 1.814586 -0.583452
v -0.392819 1.798573 -0.574160
v -0.399723 1.780304 -0.567255
v -0.403975 1.760481 -0.563003
v -0.405411 1.739866 -0.561567
v -0.403975 1.719251 -0.563003
v -0.399723 1.699428 -0.567255
v -0.392819 1.681159 -0.574160
v -0.383526 1.665146 -0.583452
v -0.372203 1.652005 -0.594775
v -0.359285 1.642240 -0.607693
v -0.345268 1.636227 -0.621710
v -0.347832 1.843506 -0.624834
v -0.364314 1.837492 -0.613821
v -0.379504 1.827728 -0.603671
v -0.392819 1.814586 -0.594775
v -0.403745 1.798573 -0.587474
v -0.411865 1.780304 -0.582049
v -0.416864 1.760481 -0.578708
v -0.418553 1.739866 -0.577580
v -0.416864 1.719251 -0.578708
v -0.411865 1.699428 -0.582049
v -0.403745 1.681159 -0.587474
v -0.392819 1.665146 -0.594775
v -0.379504 1.652005 -0.603671
v -0.364314 1.642240 -0.613821
v -0.347832 1.636227 -0.624834
v -0.349737 1.843506 -0.628398
v -0.368051 1.837492 -0.620812
v -0.384930 1.827728 -0.613821
v -0.399724 1.814586 -0.607693
v -0.411865 1.798573 -0.602664
v -0.420886 1.780304 -0.598927
v -0.426442 1.760481 -0.596626
v -0.428318 1.739866 -0.595849
v -0.426442 1.719251 -0.596626
v -0.420886 1.699428 -0.598927
v -0.411865 1.681159 -0.602664
v -0.399724 1.665146 -0.607693
v -0.384930 1.652005 -0.613821
v -0.368051 1.642240 -0.620812
v -0.349737 1.636227 -0.628398
v -0.350910 1.843506 -0.632265
v -0.370352 1.837492 -0.628398
v -0.388270 1.827728 -0.624834
v -0.403975 1.814586 -0.621710
v -0.416864 1.798573 -0.619146
v -0.426442 1.780304 -0.617241
v -0.432339 1.760481 -0.616068
v -0.434331 1.739866 -0.615672
v -0.432339 1.719251 -0.616068
v -0.426442 1.699428 -0.617241
v -0.416864 1.681159 -0.619146
v -0.403975 1.665146 -0.621710
v -0.388270 1.652005 -0.624834
v -0.370352 1.642240 -0.628398
v -0.350910 1.636227 -0.632265
v -0.351306 1.843506 -0.636287
v -0.371129 1.837492 -0.636287
v -0.389398 1.827728 -0.636287
v -0.405411 1.814586 -0.636287
v -0.418553 1.798573 -0.636287
v -0.428318 1.780304 -0.636287
v -0.434331 1.760481 -0.636287
v -0.436361 1.739866 -0.636287
v -0.434331 1.719251 -0.636287
v -0.428318 1.699428 -0.636287
v -0.418553 1.681159 -0.636287
v -0.405411 1.665146 -0.636287
v -0.389398 1.652005 -0.636287
v -0.371129 1.642240 -0.636287
v -0.351306 1.636227 -0.636287
v -0.350910 1.843506 -0.640309
v -0.370352 1.837492 -0.644176
v -0.388270 1.827728 -0.647740
v -0.403975 1.814586 -0.650864
v -0.416864 1.798573 -0.653428
v -0.426442 1.780304 -0.655333
v -0.432339 1.760481 -0.656506
v -0.434331 1.739866 -0.656902
v -0.432339 1.719251 -0.656506
v -0.426442 1.699428 -0.655333
v -0.416864 1.681159 -0.653428
v -0.403975 1.665146 -0.650864
v -0.388270 1.652005 -0.647740
v -0.370352 1.642240 -0.644176
v -0.350910 1.636227 -0.640309
v -0.349737 1.843506 -0.644176
v -0.368051 1.837492 -0.651762
v -0.384930 1.827728 -0.658753
v -0.399724 1.814586 -0.664881
v -0.411865 1.798573 -0.669910
v -0.420886 1.780304 -0.673647
v -0.426442 1.760481 -0.675948
v -0.428317 1.739866 -0.676725
v -0.426442 1.719251 -0.675948
v -0.420886 1.699428 -0.673647
v -0.411865 1.681159 -0.669910
v -0.399724 1.665146 -0.664881
v -0.384930 1.652005 -0.658753
v -0.368051 1.642240 -0.651762
v -0.349737 1.636227 -0.644176
v -0.347832 1.843506 -0.647740
v -0.364314 1.837492 -0.658753
v -0.379504 1.827728 -0.668903
v -0.392819 1.814586 -0.677799
v -0.403745 1.798573 -0.685100
v -0.411865 1.780304 -0.690525
v -0.416864 1.760481 -0.693866
v -0.418553 1.739866 -0.694994
v -0.416864 1.719251 -0.693866
v -0.411865 1.699428 -0.690525
v -0.403745 1.681159 -0.685100
v -0.392819 1.665146 -0.677799
v -0.379504 1.652005 -0.668903
v -0.364314 1.642240 -0.658753
v -0.347832 1.636227 -0.647740
v -0.345268 1.843506 -0.650864
v -0.359285 1.837492 -0.664881
v -0.372203 1.827728 -0.677799
v -0.383526 1.814586 -0.689122
v -0.392819 1.798573 -0.698415
v -0.399723 1.780304 -0.705319
v -0.403975 1.760481 -0.709571
v -0.405411 1.739866 -0.711007
v -0.403975 1.719251 -0.709571
v -0.399723 1.699428 -0.705319
v -0.392819 1.681159 -0.698415
v -0.383526 1.665146 -0.689122
v -0.372203 1.652005 -0.677799
v -0.359285 1.642240 -0.664881
v -0.345268 1.636227 -0.650864
v -0.342144 1.843506 -0.653428
v -0.353157 1.837492 -0.669910
v -0.363307 1.827728 -0.685100
v -0.372203 1.814586 -0.698415
v -0.379504 1.798573 -0.709341
v -0.384930 1.780304 -0.717461
v -0.388270 1.760481 -0.722460
v -0.389398 1.739866 -0.724149
v -0.388270 1.719251 -0.722460
v -0.384930 1.699428 -0.717461
v -0.379504 1.681159 -0.709341
v -0.372203 1.665146 -0.698415
v -0.363307 1.652005 -0.685100
v -0.353157 1.642240 -0.669910
v -0.342144 1.636227 -0.653428
v -0.338580 1.843506 -0.655333
v -0.346166 1.837492 -0.673647
v -0.353157 1.827728 -0.690525
v -0.359285 1.814586 -0.705319
v -0.364314 1.798573 -0.717461
v -0.368051 1.780304 -0.726482
v -0.370352 1.760481 -0.732038
v -0.371129 1.739866 -0.733913
v -0.370352 1.719251 -0.732038
v -0.368051 1.699428 -0.726482
v -0.364314 1.681159 -0.717461
v -0.359285 1.665146 -0.705319
v -0.353157 1.652005 -0.690525
v -0.346166 1.642240 -0.673647
v -0.338580 1.636227 -0.655333
v -0.334713 1.843506 -0.656506
v -0.338580 1.837492 -0.675948
v -0.342144 1.827728 -0.693866
v -0.345268 1.814586 -0.709571
v -0.347832 1.798573 -0.722460
v -0.349737 1.780304 -0.732038
v -0.350910 1.760481 -0.737935
v -0.351306 1.739866 -0.739927
v -0.350910 1.719251 -0.737935
v -0.349737 1.699428 -0.732038
v -0.347832 1.681159 -0.722460
v -0.345268 1.665146 -0.709571
v -0.342144 1.652005 -0.693866
v -0.338580 1.642240 -0.675948
v -0.334713 1.636227 -0.656506
v -0.330691 1.843506 -0.656902
v -0.330691 1.837492 -0.676725
v -0.330691 1.814586 -0.711007
v -0.330691 1.780304 -0.733913
v -0.330691 1.699428 -0.733913
v -0.330691 1.665146 -0.711007
v -0.330691 1.652005 -0.694994
v -0.330691 1.642240 -0.676725
v -0.330691 1.636227 -0.656902
vn 0.0975 0.0975 -0.9904
vn 0.0097 0.9951 -0.0980
vn 0.0097 -0.9951 -0.0980
vn 0.0975 -0.0975 -0.9904
vn 0.0286 0.9565 -0.2902
vn 0.0938 -0.2890 -0.9527
vn 0.0464 0.8810 -0.4709
vn 0.0865 -0.4696 -0.8786
vn 0.0624 0.7715 -0.6332
vn 0.0759 -0.6326 -0.7708
vn 0.0759 0.6326 -0.7708
vn 0.0624 -0.7715 -0.6332
vn 0.0865 0.4696 -0.8786
vn 0.0464 -0.8810 -0.4709
vn 0.0938 0.2890 -0.9527
vn 0.0286 -0.9565 -0.2902
vn 0.2779 0.2890 -0.9161
vn 0.0846 -0.9565 -0.2790
vn 0.2889 0.0976 -0.9524
vn 0.0286 0.9951 -0.0942
vn 0.0286 -0.9951 -0.0942
vn 0.2889 -0.0976 -0.9524
vn 0.0846 0.9565 -0.2790
vn 0.2779 -0.2890 -0.9161
vn 0.1374 0.8810 -0.4528
vn 0.2563 -0.4696 -0.8448
vn 0.1847 0.7715 -0.6088
vn 0.2248 -0.6326 -0.7412
vn 0.2248 0.6326 -0.7412
vn 0.1847 -0.7715 -0.6088
vn 0.2563 0.4696 -0.8448
vn 0.1374 -0.8810 -0.4528
vn 0.4162 -0.4696 -0.7786
vn 0.2999 0.7715 -0.5611
vn 0.3651 -0.6326 -0.6831
vn 0.3651 0.6326 -0.6831
vn 0.2999 -0.7715 -0.5611
vn 0.4162 0.4696 -0.7786
vn 0.2230 -0.8810 -0.4173
vn 0.4513 0.2890 -0.8443
vn 0.1374 -0.9565 -0.2571
vn 0.4691 0.0975 -0.8777
vn 0.0464 0.9951 -0.0869
vn 0.0464 -0.9951 -0.0869
vn 0.4691 -0.0975 -0.8777
vn 0.1374 0.9565 -0.2571
vn 0.4513 -0.2890 -0.8443
vn 0.2230 0.8810 -0.4173
vn 0.1850 -0.9565 -0.2254
vn 0.6314 0.0975 -0.7693
vn 0.0625 0.9951 -0.0761
vn 0.0625 -0.9951 -0.0761
vn 0.6314 -0.0975 -0.7693
vn 0.1850 0.9565 -0.2254
vn 0.6073 -0.2890 -0.7400
vn 0.3002 0.8810 -0.3658
vn 0.5601 -0.4696 -0.6825
vn 0.4036 0.7715 -0.4918
vn 0.4913 -0.6326 -0.5987
vn 0.4913 0.6326 -0.5987
vn 0.4036 -0.7715 -0.4918
vn 0.5601 0.4696 -0.6825
vn 0.3002 -0.8810 -0.3658
vn 0.6073 0.2890 -0.7400
vn 0.4918 0.7715 -0.4036
vn 0.5987 -0.6326 -0.4913
vn 0.5987 0.6326 -0.4913
vn 0.4918 -0.7715 -0.4036
vn 0.6825 0.4696 -0.5601
vn 0.3658 -0.8810 -0.3002
vn 0.7400 0.2890 -0.6073
vn 0.2254 -0.9565 -0.1850
vn 0.7693 0.0975 -0.6314
vn 0.0761 0.9951 -0.0625
vn 0.0761 -0.9951 -0.0625
vn 0.7693 -0.0975 -0.6314
vn 0.2254 0.9565 -0.1850
vn 0.7400 -0.2890 -0.6073
vn 0.3658 0.8810 -0.3002
vn 0.6825 -0.4696 -0.5601
vn 0.8777 0.0975 -0.4691
vn 0.0869 0.9951 -0.0464
vn 0.0869 -0.9951 -0.0464
vn 0.8777 -0.0975 -0.4691
vn 0.2571 0.9565 -0.1374
vn 0.8443 -0.2890 -0.4513
vn 0.4173 0.8810 -0.2230
vn 0.7786 -0.4696 -0.4162
vn 0.5611 0.7715 -0.2999
vn 0.6831 -0.6326 -0.3651
vn 0.6831 0.6326 -0.3651
vn 0.5611 -0.7715 -0.2999
vn 0.7786 0.4696 -0.4162
vn 0.4173 -0.8810 -0.2230
vn 0.8443 0.2890 -0.4513
vn 0.2571 -0.9565 -0.1374
vn 0.7412 -0.6326 -0.2248
vn 0.7412 0.6326 -0.2248
vn 0.6088 -0.7715 -0.1847
vn 0.8448 0.4696 -0.2563
vn 0.4528 -0.8810 -0.1374
vn 0.9161 0.2890 -0.2779
vn 0.2790 -0.9565 -0.0846
vn 0.9524 0.0975 -0.2889
vn 0.0942 0.9951 -0.0286
vn 0.0942 -0.9951 -0.0286
vn 0.9524 -0.0975 -0.2889
vn 0.2790 0.9565 -0.0846
vn 0.9161 -0.2890 -0.2779
vn 0.4528 0.8810 -0.1374
vn 0.8448 -0.4696 -0.2563
vn 0.6088 0.7715 -0.1847
vn 0.0980 -0.9951 -0.0097
vn 0.9904 -0.0975 -0.0975
vn 0.2902 0.9565 -0.0286
vn 0.9527 -0.2890 -0.0938
vn 0.4709 0.8810 -0.0464
vn 0.8786 -0.4696 -0.0865
vn 0.6332 0.7715 -0.0624
vn 0.7708 -0.6326 -0.0759
vn 0.7708 0.6326 -0.0759
vn 0.6332 -0.7715 -0.0624
vn 0.8786 0.4696 -0.0865
vn 0.4709 -0.8810 -0.0464
vn 0.9527 0.2890 -0.0938
vn 0.2902 -0.9565 -0.0286
vn 0.9904 0.0975 -0.0975
vn 0.0980 0.9951 -0.0097
vn 0.6332 -0.7715 0.0624
vn 0.8786 0.4696 0.0865
vn 0.4709 -0.8810 0.0464
vn 0.9527 0.2890 0.0938
vn 0.2902 -0.9565 0.0286
vn 0.9904 0.0975 0.0976
vn 0.0980 0.9951 0.0097
vn 0.0980 -0.9951 0.0097
vn 0.9904 -0.0975 0.0976
vn 0.2902 0.9565 0.0286
vn 0.9527 -0.2890 0.0938
vn 0.4709 0.8810 0.0464
vn 0.8786 -0.4696 0.0865
vn 0.6332 0.7715 0.0624
vn 0.7708 -0.6326 0.0759
vn 0.7708 0.6326 0.0759
vn 0.2790 0.9565 0.0846
vn 0.9161 -0.2890 0.2779
vn 0.4528 0.8810 0.1374
vn 0.8448 -0.4696 0.2563
vn 0.6088 0.7715 0.1847
vn 0.7412 -0.6326 0.2248
vn 0.7412 0.6326 0.2248
vn 0.6088 -0.7715 0.1847
vn 0.8448 0.4696 0.2563
vn 0.4528 -0.8810 0.1374
vn 0.9161 0.2890 0.2779
vn 0.2790 -0.9565 0.0846
vn 0.9524 0.0975 0.2889
vn 0.0942 0.9951 0.0286
vn 0.0942 -0.9951 0.0286
vn 0.9524 -0.0975 0.2889
vn 0.7786 0.4696 0.4162
vn 0.4173 -0.8810 0.2230
vn 0.8443 0.2890 0.4513
vn 0.2571 -0.9565 0.1374
vn 0.8777 0.0975 0.4691
vn 0.0869 0.9951 0.0464
vn 0.0869 -0.9951 0.0464
vn 0.8777 -0.0975 0.4691
vn 0.2571 0.9565 0.1374
vn 0.8443 -0.2890 0.4513
vn 0.4173 0.8810 0.2230
vn 0.7786 -0.4696 0.4162
vn 0.5611 0.7715 0.2999
vn 0.6831 -0.6326 0.3651
vn 0.6831 0.6326 0.3651
vn 0.5611 -0.7715 0.2999
vn 0.7400 -0.2890 0.6073
vn 0.3658 0.8810 0.3002
vn 0.6825 -0.4696 0.5601
vn 0.4918 0.7715 0.4036
vn 0.5987 -0.6326 0.4913
vn 0.5987 0.6326 0.4913
vn 0.4918 -0.7715 0.4036
vn 0.6825 0.4696 0.5601
vn 0.3658 -0.8810 0.3002
vn 0.7400 0.2890 0.6073
vn 0.2254 -0.9565 0.1850
vn 0.7693 0.0975 0.6314
vn 0.0761 0.9951 0.0625
vn 0.0761 -0.9951 0.0625
vn 0.7693 -0.0975 0.6314
vn 0.2254 0.9565 0.1850
vn 0.3002 -0.8810 0.3658
vn 0.6073 0.2890 0.7400
vn 0.1850 -0.9565 0.2254
vn 0.6314 0.0975 0.7693
vn 0.0625 0.9951 0.0761
vn 0.0625 -0.9951 0.0761
vn 0.6314 -0.0975 0.7693
vn 0.1850 0.9565 0.2254
vn 0.6073 -0.2890 0.7400
vn 0.3002 0.8810 0.3658
vn 0.5601 -0.4696 0.6825
vn 0.4036 0.7715 0.4918
vn 0.4913 -0.6326 0.5987
vn 0.4913 0.6326 0.5987
vn 0.4036 -0.7715 0.4918
vn 0.5601 0.4696 0.6825
vn 0.2230 0.8810 0.4173
vn 0.4162 -0.4696 0.7786
vn 0.2999 0.7715 0.5611
vn 0.3651 -0.6326 0.6831
vn 0.3651 0.6326 0.6831
vn 0.2999 -0.7715 0.5611
vn 0.4162 0.4696 0.7786
vn 0.2230 -0.8810 0.4173
vn 0.4513 0.2890 0.8443
vn 0.1374 -0.9565 0.2571
vn 0.4691 0.0975 0.8777
vn 0.0464 0.9951 0.0869
vn 0.0464 -0.9951 0.0869
vn 0.4691 -0.0975 0.8777
vn 0.1374 0.9565 0.2571
vn 0.4513 -0.2890 0.8443
vn 0.2779 0.2890 0.9161
vn 0.0846 -0.9565 0.2790
vn 0.2889 0.0975 0.9524
vn 0.0286 0.9951 0.0942
vn 0.0286 -0.9951 0.0942
vn 0.2889 -0.0975 0.9524
vn 0.0846 0.9565 0.2790
vn 0.2779 -0.2890 0.9161
vn 0.1374 0.8810 0.4528
vn 0.2563 -0.4696 0.8448
vn 0.1847 0.7715 0.6088
vn 0.2248 -0.6326 0.7412
vn 0.2248 0.6326 0.7412
vn 0.1847 -0.7715 0.6088
vn 0.2563 0.4696 0.8448
vn 0.1374 -0.8810 0.4528
vn 0.0865 -0.4696 0.8786
vn 0.0624 0.7715 0.6332
vn 0.0759 -0.6326 0.7708
vn 0.0759 0.6326 0.7708
vn 0.0624 -0.7715 0.6332
vn 0.0865 0.4696 0.8786
vn 0.0464 -0.8810 0.4709
vn 0.0938 0.2890 0.9527
vn 0.0286 -0.9565 0.2902
vn 0.0975 0.0975 0.9904
vn 0.0097 0.9951 0.0980
vn 0.0097 -0.9951 0.0980
vn 0.0975 -0.0975 0.9904
vn 0.0286 0.9565 0.2902
vn 0.0938 -0.2890 0.9527
vn 0.0464 0.8810 0.4709
vn -0.0286 -0.9565 0.2902
vn -0.0976 0.0975 0.9904
vn -0.0097 0.9951 0.0980
vn -0.0097 -0.9951 0.0980
vn -0.0976 -0.0975 0.9904
vn -0.0286 0.9565 0.2902
vn -0.0938 -0.2890 0.9527
vn -0.0464 0.8810 0.4709
vn -0.0865 -0.4696 0.8786
vn -0.0624 0.7715 0.6332
vn -0.0759 -0.6326 0.7708
vn -0.0759 0.6326 0.7708
vn -0.0624 -0.7715 0.6332
vn -0.0865 0.4696 0.8786
vn -0.0464 -0.8810 0.4709
vn -0.0938 0.2890 0.9527
vn -0.2248 -0.6326 0.7412
vn -0.2248 0.6326 0.7412
vn -0.1847 -0.7715 0.6088
vn -0.2563 0.4696 0.8448
vn -0.1374 -0.8810 0.4528
vn -0.2779 0.2890 0.9161
vn -0.0846 -0.9565 0.2790
vn -0.2889 0.0975 0.9524
vn -0.0286 0.9951 0.0942
vn -0.0286 -0.9951 0.0942
vn -0.2889 -0.0975 0.9524
vn -0.0846 0.9565 0.2790
vn -0.2779 -0.2890 0.9161
vn -0.1374 0.8810 0.4528
vn -0.2563 -0.4696 0.8448
vn -0.1847 0.7715 0.6088
vn -0.0464 0.9951 0.0869
vn -0.0464 -0.9951 0.0869
vn -0.4691 -0.0975 0.8777
vn -0.1374 0.9565 0.2571
vn -0.4513 -0.2890 0.8443
vn -0.2230 0.8810 0.4173
vn -0.4162 -0.4696 0.7786
vn -0.2999 0.7715 0.5611
vn -0.3651 -0.6326 0.6831
vn -0.3651 0.6326 0.6831
vn -0.2999 -0.7715 0.5611
vn -0.4162 0.4696 0.7786
vn -0.2230 -0.8810 0.4173
vn -0.4513 0.2890 0.8443
vn -0.1374 -0.9565 0.2571
vn -0.4691 0.0975 0.8777
vn -0.4913 0.6326 0.5987
vn -0.4036 -0.7715 0.4918
vn -0.5601 0.4696 0.6825
vn -0.3002 -0.8810 0.3658
vn -0.6073 0.2890 0.7400
vn -0.1850 -0.9565 0.2254
vn -0.6314 0.0975 0.7693
vn -0.0625 0.9951 0.0761
vn -0.0625 -0.9951 0.0761
vn -0.6314 -0.0975 0.7693
vn -0.1850 0.9565 0.2254
vn -0.6073 -0.2890 0.7400
vn -0.3002 0.8810 0.3658
vn -0.5601 -0.4696 0.6825
vn -0.4036 0.7715 0.4918
vn -0.4913 -0.6326 0.5987
vn -0.7693 -0.0975 0.6314
vn -0.2254 0.9565 0.1850
vn -0.7400 -0.2890 0.6073
vn -0.3658 0.8810 0.3002
vn -0.6825 -0.4696 0.5601
vn -0.4918 0.7715 0.4036
vn -0.5987 -0.6326 0.4913
vn -0.5987 0.6326 0.4913
vn -0.4918 -0.7715 0.4036
vn -0.6825 0.4696 0.5601
vn -0.3658 -0.8810 0.3002
vn -0.7400 0.2890 0.6073
vn -0.2254 -0.9565 0.1850
vn -0.7693 0.0975 0.6314
vn -0.0761 0.9951 0.0625
vn -0.0761 -0.9951 0.0625
vn -0.5611 -0.7715 0.2999
vn -0.7786 0.4696 0.4162
vn -0.4173 -0.8810 0.2230
vn -0.8443 0.2890 0.4513
vn -0.2571 -0.9565 0.1374
vn -0.8777 0.0975 0.4691
vn -0.0869 0.9951 0.0464
vn -0.0869 -0.9951 0.0464
vn -0.8777 -0.0975 0.4691
vn -0.2571 0.9565 0.1374
vn -0.8443 -0.2890 0.4513
vn -0.4173 0.8810 0.2230
vn -0.7786 -0.4696 0.4162
vn -0.5611 0.7715 0.2999
vn -0.6831 -0.6326 0.3651
vn -0.6831 0.6326 0.3651
vn -0.2790 0.9565 0.0846
vn -0.9161 -0.2890 0.2779
vn -0.4528 0.8810 0.1374
vn -0.8448 -0.4696 0.2563
vn -0.6088 0.7715 0.1847
vn -0.7412 -0.6326 0.2248
vn -0.7412 0.6326 0.2248
vn -0.6088 -0.7715 0.1847
vn -0.8448 0.4696 0.2563
vn -0.4528 -0.8810 0.1374
vn -0.9161 0.2890 0.2779
vn -0.2790 -0.9565 0.0846
vn -0.9524 0.0975 0.2889
vn -0.0942 0.9951 0.0286
vn -0.0942 -0.9951 0.0286
vn -0.9524 -0.0975 0.2889
vn -0.8786 0.4696 0.0865
vn -0.4709 -0.8810 0.0464
vn -0.9527 0.2890 0.0938
vn -0.2902 -0.9565 0.0286
vn -0.9904 0.0975 0.0975
vn -0.0980 0.9951 0.0097
vn -0.0980 -0.9951 0.0097
vn -0.9904 -0.0975 0.0975
vn -0.2902 0.9565 0.0286
vn -0.9527 -0.2890 0.0938
vn -0.4709 0.8810 0.0464
vn -0.8786 -0.4696 0.0865
vn -0.6332 0.7715 0.0624
vn -0.7708 -0.6326 0.0759
vn -0.7708 0.6326 0.0759
vn -0.6332 -0.7715 0.0624
vn -0.9527 -0.2890 -0.0938
vn -0.4709 0.8810 -0.0464
vn -0.8786 -0.4696 -0.0865
vn -0.6332 0.7715 -0.0624
vn -0.7708 -0.6326 -0.0759
vn -0.7708 0.6326 -0.0759
vn -0.6332 -0.7715 -0.0624
vn -0.8786 0.4696 -0.0865
vn -0.4709 -0.8810 -0.0464
vn -0.9527 0.2890 -0.0938
vn -0.2902 -0.9565 -0.0286
vn -0.9904 0.0975 -0.0976
vn -0.0980 0.9951 -0.0097
vn -0.0980 -0.9951 -0.0097
vn -0.9904 -0.0975 -0.0976
vn -0.2902 0.9565 -0.0286
vn -0.4528 -0.8810 -0.1374
vn -0.9161 0.2890 -0.2779
vn -0.2790 -0.9565 -0.0846
vn -0.9524 0.0975 -0.2889
vn -0.0942 0.9951 -0.0286
vn -0.0942 -0.9951 -0.0286
vn -0.9524 -0.0975 -0.2889
vn -0.2790 0.9565 -0.0846
vn -0.9161 -0.2890 -0.2779
vn -0.4528 0.8810 -0.1374
vn -0.8448 -0.4696 -0.2563
vn -0.6088 0.7715 -0.1847
vn -0.7412 -0.6326 -0.2248
vn -0.7412 0.6326 -0.2248
vn -0.6088 -0.7715 -0.1847
vn -0.8448 0.4696 -0.2563
vn -0.7786 -0.4696 -0.4162
vn -0.5611 0.7715 -0.2999
vn -0.6831 -0.6326 -0.3651
vn -0.6831 0.6326 -0.3651
vn -0.5611 -0.7715 -0.2999
vn -0.7786 0.4696 -0.4162
vn -0.4173 -0.8810 -0.2231
vn -0.8443 0.2890 -0.4513
vn -0.2571 -0.9565 -0.1374
vn -0.8777 0.0975 -0.4691
vn -0.0869 0.9951 -0.0464
vn -0.0869 -0.9951 -0.0464
vn -0.8777 -0.0975 -0.4691
vn -0.2571 0.9565 -0.1374
vn -0.8443 -0.2890 -0.4513
vn -0.4173 0.8810 -0.2231
vn -0.2254 -0.9565 -0.1850
vn -0.7693 0.0975 -0.6314
vn -0.0761 0.9951 -0.0625
vn -0.0761 -0.9951 -0.0625
vn -0.7693 -0.0975 -0.6314
vn -0.2254 0.9565 -0.1850
vn -0.7400 -0.2890 -0.6073
vn -0.3658 0.8810 -0.3002
vn -0.6825 -0.4696 -0.5601
vn -0.4918 0.7715 -0.4036
vn -0.5987 -0.6326 -0.4913
vn -0.5987 0.6326 -0.4913
vn -0.4918 -0.7715 -0.4036
vn -0.6825 0.4696 -0.5601
vn -0.3658 -0.8810 -0.3002
vn -0.7400 0.2890 -0.6073
vn -0.4036 0.7715 -0.4918
vn -0.4913 -0.6326 -0.5987
vn -0.4913 0.6326 -0.5987
vn -0.4036 -0.7715 -0.4918
vn -0.5601 0.4696 -0.6825
vn -0.3002 -0.8810 -0.3658
vn -0.6073 0.2890 -0.7400
vn -0.1850 -0.9565 -0.2254
vn -0.6314 0.0975 -0.7693
vn -0.0625 0.9951 -0.0761
vn -0.0625 -0.9951 -0.0761
vn -0.6314 -0.0975 -0.7693
vn -0.1850 0.9565 -0.2254
vn -0.6073 -0.2890 -0.7400
vn -0.3002 0.8810 -0.3658
vn -0.5601 -0.4696 -0.6825
vn -0.4691 0.0975 -0.8777
vn -0.0464 0.9951 -0.0869
vn -0.0464 -0.9951 -0.0869
vn -0.4691 -0.0975 -0.8777
vn -0.1374 0.9565 -0.2571
vn -0.4513 -0.2890 -0.8443
vn -0.2230 0.8810 -0.4173
vn -0.4162 -0.4696 -0.7786
vn -0.2999 0.7715 -0.5611
vn -0.3651 -0.6326 -0.6831
vn -0.3651 0.6326 -0.6831
vn -0.2999 -0.7715 -0.5611
vn -0.4162 0.4696 -0.7786
vn -0.2230 -0.8810 -0.4173
vn -0.4513 0.2890 -0.8443
vn -0.1374 -0.9565 -0.2571
vn -0.2248 -0.6326 -0.7412
vn -0.2248 0.6326 -0.7412
vn -0.1847 -0.7715 -0.6088
vn -0.2563 0.4696 -0.8448
vn -0.1374 -0.8810 -0.4528
vn -0.2779 0.2890 -0.9161
vn -0.0846 -0.9565 -0.2790
vn -0.2889 0.0975 -0.9524
vn -0.0286 0.9951 -0.0942
vn -0.0286 -0.9951 -0.0942
vn -0.2889 -0.0975 -0.9524
vn -0.0846 0.9565 -0.2790
vn -0.2779 -0.2890 -0.9161
vn -0.1374 0.8810 -0.4528
vn -0.2563 -0.4696 -0.8448
vn -0.1847 0.7715 -0.6088
vn -0.0097 0.9951 -0.0980
vn -0.0097 -0.9951 -0.0980
vn -0.0976 -0.0975 -0.9904
vn -0.0286 0.9565 -0.2902
vn -0.0938 -0.2890 -0.9527
vn -0.0464 0.8810 -0.4709
vn -0.0865 -0.4696 -0.8786
vn -0.0624 0.7715 -0.6332
vn -0.0759 -0.6326 -0.7708
vn -0.0759 0.6326 -0.7708
vn -0.0624 -0.7715 -0.6332
vn -0.0865 0.4696 -0.8786
vn -0.0464 -0.8810 -0.4709
vn -0.0938 0.2890 -0.9527
vn -0.0286 -0.9565 -0.2902
vn -0.0976 0.0975 -0.9904
vt 0.750000 0.500000
vt 0.750000 0.562500
vt 0.718750 0.562500
vt 0.718750 0.500000
vt 0.750000 0.937500
vt 0.734375 1.000000
vt 0.718750 0.937500
vt 0.734375 0.000000
vt 0.750000 0.062500
vt 0.718750 0.062500
vt 0.750000 0.437500
vt 0.718750 0.437500
vt 0.750000 0.875000
vt 0.718750 0.875000
vt 0.750000 0.375000
vt 0.718750 0.375000
vt 0.750000 0.812500
vt 0.718750 0.812500
vt 0.750000 0.312500
vt 0.718750 0.312500
vt 0.750000 0.750000
vt 0.718750 0.750000
vt 0.750000 0.250000
vt 0.718750 0.250000
vt 0.750000 0.687500
vt 0.718750 0.687500
vt 0.750000 0.187500
vt 0.718750 0.187500
vt 0.750000 0.625000
vt 0.718750 0.625000
vt 0.750000 0.125000
vt 0.718750 0.125000
vt 0.687500 0.625000
vt 0.687500 0.562500
vt 0.687500 0.125000
vt 0.687500 0.062500
vt 0.687500 0.500000
vt 0.703125 1.000000
vt 0.687500 0.937500
vt 0.703125 0.000000
vt 0.687500 0.437500
vt 0.687500 0.875000
vt 0.687500 0.375000
vt 0.687500 0.812500
vt 0.687500 0.312500
vt 0.687500 0.750000
vt 0.687500 0.250000
vt 0.687500 0.687500
vt 0.687500 0.187500
vt 0.656250 0.375000
vt 0.656250 0.312500
vt 0.656250 0.812500
vt 0.656250 0.750000
vt 0.656250 0.250000
vt 0.656250 0.687500
vt 0.656250 0.187500
vt 0.656250 0.625000
vt 0.656250 0.125000
vt 0.656250 0.562500
vt 0.656250 0.062500
vt 0.656250 0.500000
vt 0.671875 1.000000
vt 0.656250 0.937500
vt 0.671875 0.000000
vt 0.656250 0.437500
vt 0.656250 0.875000
vt 0.625000 0.125000
vt 0.625000 0.062500
vt 0.625000 0.562500
vt 0.625000 0.500000
vt 0.640625 1.000000
vt 0.625000 0.937500
vt 0.640625 0.000000
vt 0.625000 0.437500
vt 0.625000 0.875000
vt 0.625000 0.375000
vt 0.625000 0.812500
vt 0.625000 0.312500
vt 0.625000 0.750000
vt 0.625000 0.250000
vt 0.625000 0.687500
vt 0.625000 0.187500
vt 0.625000 0.625000
vt 0.593750 0.812500
vt 0.593750 0.750000
vt 0.593750 0.312500
vt 0.593750 0.250000
vt 0.593750 0.687500
vt 0.593750 0.187500
vt 0.593750 0.625000
vt 0.593750 0.125000
vt 0.593750 0.562500
vt 0.593750 0.062500
vt 0.593750 0.500000
vt 0.609375 1.000000
vt 0.593750 0.937500
vt 0.609375 0.000000
vt 0.593750 0.437500
vt 0.593750 0.875000
vt 0.593750 0.375000
vt 0.562500 0.562500
vt 0.562500 0.500000
vt 0.578125 1.000000
vt 0.562500 0.937500
vt 0.578125 0.000000
vt 0.562500 0.062500
vt 0.562500 0.437500
vt 0.562500 0.875000
vt 0.562500 0.375000
vt 0.562500 0.812500
vt 0.562500 0.312500
vt 0.562500 0.750000
vt 0.562500 0.250000
vt 0.562500 0.687500
vt 0.562500 0.187500
vt 0.562500 0.625000
vt 0.562500 0.125000
vt 0.531250 0.312500
vt 0.531250 0.250000
vt 0.531250 0.750000
vt 0.531250 0.687500
vt 0.531250 0.187500
vt 0.531250 0.625000
vt 0.531250 0.125000
vt 0.531250 0.562500
vt 0.531250 0.062500
vt 0.531250 0.500000
vt 0.546875 1.000000
vt 0.531250 0.937500
vt 0.546875 0.000000
vt 0.531250 0.437500
vt 0.531250 0.875000
vt 0.531250 0.375000
vt 0.531250 0.812500
vt 0.515625 0.000000
vt 0.500000 0.062500
vt 0.500000 0.500000
vt 0.500000 0.437500
vt 0.500000 0.937500
vt 0.500000 0.875000
vt 0.500000 0.375000
vt 0.500000 0.812500
vt 0.500000 0.312500
vt 0.500000 0.750000
vt 0.500000 0.250000
vt 0.500000 0.687500
vt 0.500000 0.187500
vt 0.500000 0.625000
vt 0.500000 0.125000
vt 0.500000 0.562500
vt 0.515625 1.000000
vt 0.468750 0.250000
vt 0.468750 0.187500
vt 0.468750 0.687500
vt 0.468750 0.625000
vt 0.468750 0.125000
vt 0.468750 0.562500
vt 0.468750 0.062500
vt 0.468750 0.500000
vt 0.484375 1.000000
vt 0.468750 0.937500
vt 0.484375 0.000000
vt 0.468750 0.437500
vt 0.468750 0.875000
vt 0.468750 0.375000
vt 0.468750 0.812500
vt 0.468750 0.312500
vt 0.468750 0.750000
vt 0.437500 0.937500
vt 0.437500 0.875000
vt 0.437500 0.437500
vt 0.437500 0.375000
vt 0.437500 0.812500
vt 0.437500 0.312500
vt 0.437500 0.750000
vt 0.437500 0.250000
vt 0.437500 0.687500
vt 0.437500 0.187500
vt 0.437500 0.625000
vt 0.437500 0.125000
vt 0.437500 0.562500
vt 0.437500 0.062500
vt 0.437500 0.500000
vt 0.453125 1.000000
vt 0.453125 0.000000
vt 0.406250 0.687500
vt 0.406250 0.625000
vt 0.406250 0.187500
vt 0.406250 0.125000
vt 0.406250 0.562500
vt 0.406250 0.062500
vt 0.406250 0.500000
vt 0.421875 1.000000
vt 0.406250 0.937500
vt 0.421875 0.000000
vt 0.406250 0.437500
vt 0.406250 0.875000
vt 0.406250 0.375000
vt 0.406250 0.812500
vt 0.406250 0.312500
vt 0.406250 0.750000
vt 0.406250 0.250000
vt 0.375000 0.437500
vt 0.375000 0.375000
vt 0.375000 0.875000
vt 0.375000 0.812500
vt 0.375000 0.312500
vt 0.375000 0.750000
vt 0.375000 0.250000
vt 0.375000 0.687500
vt 0.375000 0.187500
vt 0.375000 0.625000
vt 0.375000 0.125000
vt 0.375000 0.562500
vt 0.375000 0.062500
vt 0.375000 0.500000
vt 0.390625 1.000000
vt 0.375000 0.937500
vt 0.390625 0.000000
vt 0.343750 0.187500
vt 0.343750 0.125000
vt 0.343750 0.625000
vt 0.343750 0.562500
vt 0.343750 0.062500
vt 0.343750 0.500000
vt 0.359375 1.000000
vt 0.343750 0.937500
vt 0.359375 0.000000
vt 0.343750 0.437500
vt 0.343750 0.875000
vt 0.343750 0.375000
vt 0.343750 0.812500
vt 0.343750 0.312500
vt 0.343750 0.750000
vt 0.343750 0.250000
vt 0.343750 0.687500
vt 0.312500 0.875000
vt 0.312500 0.812500
vt 0.312500 0.375000
vt 0.312500 0.312500
vt 0.312500 0.750000
vt 0.312500 0.250000
vt 0.312500 0.687500
vt 0.312500 0.187500
vt 0.312500 0.625000
vt 0.312500 0.125000
vt 0.312500 0.562500
vt 0.312500 0.062500
vt 0.312500 0.500000
vt 0.328125 1.000000
vt 0.312500 0.937500
vt 0.328125 0.000000
vt 0.312500 0.437500
vt 0.281250 0.625000
vt 0.281250 0.562500
vt 0.281250 0.125000
vt 0.281250 0.062500
vt 0.281250 0.500000
vt 0.296875 1.000000
vt 0.281250 0.937500
vt 0.296875 0.000000
vt 0.281250 0.437500
vt 0.281250 0.875000
vt 0.281250 0.375000
vt 0.281250 0.812500
vt 0.281250 0.312500
vt 0.281250 0.750000
vt 0.281250 0.250000
vt 0.281250 0.687500
vt 0.281250 0.187500
vt 0.250000 0.375000
vt 0.250000 0.312500
vt 0.250000 0.812500
vt 0.250000 0.750000
vt 0.250000 0.250000
vt 0.250000 0.687500
vt 0.250000 0.187500
vt 0.250000 0.625000
vt 0.250000 0.125000
vt 0.250000 0.562500
vt 0.250000 0.062500
vt 0.250000 0.500000
vt 0.265625 1.000000
vt 0.250000 0.937500
vt 0.265625 0.000000
vt 0.250000 0.437500
vt 0.250000 0.875000
vt 0.218750 0.125000
vt 0.218750 0.062500
vt 0.218750 0.562500
vt 0.218750 0.500000
vt 0.234375 1.000000
vt 0.218750 0.937500
vt 0.234375 0.000000
vt 0.218750 0.437500
vt 0.218750 0.875000
vt 0.218750 0.375000
vt 0.218750 0.812500
vt 0.218750 0.312500
vt 0.218750 0.750000
vt 0.218750 0.250000
vt 0.218750 0.687500
vt 0.218750 0.187500
vt 0.218750 0.625000
vt 0.187500 0.312500
vt 0.187500 0.250000
vt 0.187500 0.750000
vt 0.187500 0.687500
vt 0.187500 0.187500
vt 0.187500 0.625000
vt 0.187500 0.125000
vt 0.187500 0.562500
vt 0.187500 0.062500
vt 0.187500 0.500000
vt 0.203125 1.000000
vt 0.187500 0.937500
vt 0.203125 0.000000
vt 0.187500 0.437500
vt 0.187500 0.875000
vt 0.187500 0.375000
vt 0.187500 0.812500
vt 0.171875 1.000000
vt 0.156250 0.937500
vt 0.171875 0.000000
vt 0.156250 0.062500
vt 0.156250 0.500000
vt 0.156250 0.437500
vt 0.156250 0.875000
vt 0.156250 0.375000
vt 0.156250 0.812500
vt 0.156250 0.312500
vt 0.156250 0.750000
vt 0.156250 0.250000
vt 0.156250 0.687500
vt 0.156250 0.187500
vt 0.156250 0.625000
vt 0.156250 0.125000
vt 0.156250 0.562500
vt 0.125000 0.750000
vt 0.125000 0.687500
vt 0.125000 0.250000
vt 0.125000 0.187500
vt 0.125000 0.625000
vt 0.125000 0.125000
vt 0.125000 0.562500
vt 0.125000 0.062500
vt 0.125000 0.500000
vt 0.140625 1.000000
vt 0.125000 0.937500
vt 0.140625 0.000000
vt 0.125000 0.437500
vt 0.125000 0.875000
vt 0.125000 0.375000
vt 0.125000 0.812500
vt 0.125000 0.312500
vt 0.093750 0.500000
vt 0.093750 0.437500
vt 0.093750 0.937500
vt 0.093750 0.875000
vt 0.093750 0.375000
vt 0.093750 0.812500
vt 0.093750 0.312500
vt 0.093750 0.750000
vt 0.093750 0.250000
vt 0.093750 0.687500
vt 0.093750 0.187500
vt 0.093750 0.625000
vt 0.093750 0.125000
vt 0.093750 0.562500
vt 0.093750 0.062500
vt 0.109375 1.000000
vt 0.109375 0.000000
vt 0.062500 0.250000
vt 0.062500 0.187500
vt 0.062500 0.687500
vt 0.062500 0.625000
vt 0.062500 0.125000
vt 0.062500 0.562500
vt 0.062500 0.062500
vt 0.062500 0.500000
vt 0.078125 1.000000
vt 0.062500 0.937500
vt 0.078125 0.000000
vt 0.062500 0.437500
vt 0.062500 0.875000
vt 0.062500 0.375000
vt 0.062500 0.812500
vt 0.062500 0.312500
vt 0.062500 0.750000
vt 0.031250 0.937500
vt 0.031250 0.875000
vt 0.031250 0.437500
vt 0.031250 0.375000
vt 0.031250 0.812500
vt 0.031250 0.312500
vt 0.031250 0.750000
vt 0.031250 0.250000
vt 0.031250 0.687500
vt 0.031250 0.187500
vt 0.031250 0.625000
vt 0.031250 0.125000
vt 0.031250 0.562500
vt 0.031250 0.062500
vt 0.031250 0.500000
vt 0.046875 1.000000
vt 0.046875 0.000000
vt 0.000000 0.687500
vt 0.000000 0.625000
vt 0.000000 0.187500
vt 0.000000 0.125000
vt 0.000000 0.562500
vt 0.000000 0.062500
vt 0.000000 0.500000
vt 0.015625 1.000000
vt 0.000000 0.937500
vt 0.015625 0.000000
vt 0.000000 0.437500
vt 0.000000 0.875000
vt 0.000000 0.375000
vt 0.000000 0.812500
vt 0.000000 0.312500
vt 0.000000 0.750000
vt 0.000000 0.250000
vt 1.000000 0.375000
vt 1.000000 0.437500
vt 0.968750 0.437500
vt 0.968750 0.375000
vt 1.000000 0.812500
vt 1.000000 0.875000
vt 0.968750 0.875000
vt 0.968750 0.812500
vt 1.000000 0.312500
vt 0.968750 0.312500
vt 1.000000 0.750000
vt 0.968750 0.750000
vt 1.000000 0.250000
vt 0.968750 0.250000
vt 1.000000 0.687500
vt 0.968750 0.687500
vt 1.000000 0.187500
vt 0.968750 0.187500
vt 1.000000 0.625000
vt 0.968750 0.625000
vt 1.000000 0.125000
vt 0.968750 0.125000
vt 1.000000 0.562500
vt 0.968750 0.562500
vt 1.000000 0.062500
vt 0.968750 0.062500
vt 1.000000 0.500000
vt 0.968750 0.500000
vt 1.000000 0.937500
vt 0.984375 1.000000
vt 0.968750 0.937500
vt 0.984375 0.000000
vt 0.937500 0.187500
vt 0.937500 0.125000
vt 0.937500 0.625000
vt 0.937500 0.562500
vt 0.937500 0.062500
vt 0.937500 0.500000
vt 0.953125 1.000000
vt 0.937500 0.937500
vt 0.953125 0.000000
vt 0.937500 0.437500
vt 0.937500 0.875000
vt 0.937500 0.375000
vt 0.937500 0.812500
vt 0.937500 0.312500
vt 0.937500 0.750000
vt 0.937500 0.250000
vt 0.937500 0.687500
vt 0.906250 0.375000
vt 0.906250 0.312500
vt 0.906250 0.812500
vt 0.906250 0.750000
vt 0.906250 0.250000
vt 0.906250 0.687500
vt 0.906250 0.187500
vt 0.906250 0.625000
vt 0.906250 0.125000
vt 0.906250 0.562500
vt 0.906250 0.062500
vt 0.906250 0.500000
vt 0.921875 1.000000
vt 0.906250 0.937500
vt 0.921875 0.000000
vt 0.906250 0.437500
vt 0.906250 0.875000
vt 0.875000 0.125000
vt 0.875000 0.062500
vt 0.875000 0.562500
vt 0.875000 0.500000
vt 0.890625 1.000000
vt 0.875000 0.937500
vt 0.890625 0.000000
vt 0.875000 0.437500
vt 0.875000 0.875000
vt 0.875000 0.375000
vt 0.875000 0.812500
vt 0.875000 0.312500
vt 0.875000 0.750000
vt 0.875000 0.250000
vt 0.875000 0.687500
vt 0.875000 0.187500
vt 0.875000 0.625000
vt 0.843750 0.812500
vt 0.843750 0.750000
vt 0.843750 0.312500
vt 0.843750 0.250000
vt 0.843750 0.687500
vt 0.843750 0.187500
vt 0.843750 0.625000
vt 0.843750 0.125000
vt 0.843750 0.562500
vt 0.843750 0.062500
vt 0.843750 0.500000
vt 0.859375 1.000000
vt 0.843750 0.937500
vt 0.859375 0.000000
vt 0.843750 0.437500
vt 0.843750 0.875000
vt 0.843750 0.375000
vt 0.812500 0.562500
vt 0.812500 0.500000
vt 0.828125 1.000000
vt 0.812500 0.937500
vt 0.828125 0.000000
vt 0.812500 0.062500
vt 0.812500 0.437500
vt 0.812500 0.875000
vt 0.812500 0.375000
vt 0.812500 0.812500
vt 0.812500 0.312500
vt 0.812500 0.750000
vt 0.812500 0.250000
vt 0.812500 0.687500
vt 0.812500 0.187500
vt 0.812500 0.625000
vt 0.812500 0.125000
vt 0.781250 0.312500
vt 0.781250 0.250000
vt 0.781250 0.750000
vt 0.781250 0.687500
vt 0.781250 0.187500
vt 0.781250 0.625000
vt 0.781250 0.125000
vt 0.781250 0.562500
vt 0.781250 0.062500
vt 0.781250 0.500000
vt 0.796875 1.000000
vt 0.781250 0.937500
vt 0.796875 0.000000
vt 0.781250 0.437500
vt 0.781250 0.875000
vt 0.781250 0.375000
vt 0.781250 0.812500
vt 0.765625 1.000000
vt 0.765625 0.000000
s 0
f 1966/2302/2082 1965/2303/2082 1976/2304/2082 1977/2305/2082
f 2435/2306/2083 1962/2307/2083 1970/2308/2083
f 1969/2309/2084 2443/2310/2084 1984/2311/2084
f 1967/2312/2085 1966/2302/2085 1977/2305/2085 1978/2313/2085
f 2436/2314/2086 2435/2306/2086 1970/2308/2086 1971/2315/2086
f 2439/2316/2087 1967/2312/2087 1978/2313/2087 1979/2317/2087
f 1963/2318/2088 2436/2314/2088 1971/2315/2088 1972/2319/2088
f 1968/2320/2089 2439/2316/2089 1979/2317/2089 1980/2321/2089
f 2437/2322/2090 1963/2318/2090 1972/2319/2090 1973/2323/2090
f 2440/2324/2091 1968/2320/2091 1980/2321/2091 1981/2325/2091
f 1964/2326/2092 2437/2322/2092 1973/2323/2092 1974/2327/2092
f 2441/2328/2093 2440/2324/2093 1981/2325/2093 1982/2329/2093
f 2438/2330/2094 1964/2326/2094 1974/2327/2094 1975/2331/2094
f 2442/2332/2095 2441/2328/2095 1982/2329/2095 1983/2333/2095
f 1965/2303/2096 2438/2330/2096 1975/2331/2096 1976/2304/2096
f 2443/2310/2097 2442/2332/2097 1983/2333/2097 1984/2311/2097
f 1976/2304/2098 1975/2331/2098 1990/2334/2098 1991/2335/2098
f 1984/2311/2099 1983/2333/2099 1998/2336/2099 1999/2337/2099
f 1977/2305/2100 1976/2304/2100 1991/2335/2100 1992/2338/2100
f 1970/2308/2101 1962/2339/2101 1985/2340/2101
f 1969/2341/2102 1984/2311/2102 1999/2337/2102
f 1978/2313/2103 1977/2305/2103 1992/2338/2103 1993/2342/2103
f 1971/2315/2104 1970/2308/2104 1985/2340/2104 1986/2343/2104
f 1979/2317/2105 1978/2313/2105 1993/2342/2105 1994/2344/2105
f 1972/2319/2106 1971/2315/2106 1986/2343/2106 1987/2345/2106
f 1980/2321/2107 1979/2317/2107 1994/2344/2107 1995/2346/2107
f 1973/2323/2108 1972/2319/2108 1987/2345/2108 1988/2347/2108
f 1981/2325/2109 1980/2321/2109 1995/2346/2109 1996/2348/2109
f 1974/2327/2110 1973/2323/2110 1988/2347/2110 1989/2349/2110
f 1982/2329/2111 1981/2325/2111 1996/2348/2111 1997/2350/2111
f 1975/2331/2112 1974/2327/2112 1989/2349/2112 1990/2334/2112
f 1983/2333/2113 1982/2329/2113 1997/2350/2113 1998/2336/2113
f 1995/2346/2114 1994/2344/2114 2009/2351/2114 2010/2352/2114
f 1988/2347/2115 1987/2345/2115 2002/2353/2115 2003/2354/2115
f 1996/2348/2116 1995/2346/2116 2010/2352/2116 2011/2355/2116
f 1989/2349/2117 1988/2347/2117 2003/2354/2117 2004/2356/2117
f 1997/2350/2118 1996/2348/2118 2011/2355/2118 2012/2357/2118
f 1990/2334/2119 1989/2349/2119 2004/2356/2119 2005/2358/2119
f 1998/2336/2120 1997/2350/2120 2012/2357/2120 2013/2359/2120
f 1991/2335/2121 1990/2334/2121 2005/2358/2121 2006/2360/2121
f 1999/2337/2122 1998/2336/2122 2013/2359/2122 2014/2361/2122
f 1992/2338/2123 1991/2335/2123 2006/2360/2123 2007/2362/2123
f 1985/2340/2124 1962/2363/2124 2000/2364/2124
f 1969/2365/2125 1999/2337/2125 2014/2361/2125
f 1993/2342/2126 1992/2338/2126 2007/2362/2126 2008/2366/2126
f 1986/2343/2127 1985/2340/2127 2000/2364/2127 2001/2367/2127
f 1994/2344/2128 1993/2342/2128 2008/2366/2128 2009/2351/2128
f 1987/2345/2129 1986/2343/2129 2001/2367/2129 2002/2353/2129
f 2014/2361/2130 2013/2359/2130 2028/2368/2130 2029/2369/2130
f 2007/2362/2131 2006/2360/2131 2021/2370/2131 2022/2371/2131
f 2000/2364/2132 1962/2372/2132 2015/2373/2132
f 1969/2374/2133 2014/2361/2133 2029/2369/2133
f 2008/2366/2134 2007/2362/2134 2022/2371/2134 2023/2375/2134
f 2001/2367/2135 2000/2364/2135 2015/2373/2135 2016/2376/2135
f 2009/2351/2136 2008/2366/2136 2023/2375/2136 2024/2377/2136
f 2002/2353/2137 2001/2367/2137 2016/2376/2137 2017/2378/2137
f 2010/2352/2138 2009/2351/2138 2024/2377/2138 2025/2379/2138
f 2003/2354/2139 2002/2353/2139 2017/2378/2139 2018/2380/2139
f 2011/2355/2140 2010/2352/2140 2025/2379/2140 2026/2381/2140
f 2004/2356/2141 2003/2354/2141 2018/2380/2141 2019/2382/2141
f 2012/2357/2142 2011/2355/2142 2026/2381/2142 2027/2383/2142
f 2005/2358/2143 2004/2356/2143 2019/2382/2143 2020/2384/2143
f 2013/2359/2144 2012/2357/2144 2027/2383/2144 2028/2368/2144
f 2006/2360/2145 2005/2358/2145 2020/2384/2145 2021/2370/2145
f 2018/2380/2146 2017/2378/2146 2032/2385/2146 2033/2386/2146
f 2026/2381/2147 2025/2379/2147 2040/2387/2147 2041/2388/2147
f 2019/2382/2148 2018/2380/2148 2033/2386/2148 2034/2389/2148
f 2027/2383/2149 2026/2381/2149 2041/2388/2149 2042/2390/2149
f 2020/2384/2150 2019/2382/2150 2034/2389/2150 2035/2391/2150
f 2028/2368/2151 2027/2383/2151 2042/2390/2151 2043/2392/2151
f 2021/2370/2152 2020/2384/2152 2035/2391/2152 2036/2393/2152
f 2029/2369/2153 2028/2368/2153 2043/2392/2153 2044/2394/2153
f 2022/2371/2154 2021/2370/2154 2036/2393/2154 2037/2395/2154
f 2015/2373/2155 1962/2396/2155 2030/2397/2155
f 1969/2398/2156 2029/2369/2156 2044/2394/2156
f 2023/2375/2157 2022/2371/2157 2037/2395/2157 2038/2399/2157
f 2016/2376/2158 2015/2373/2158 2030/2397/2158 2031/2400/2158
f 2024/2377/2159 2023/2375/2159 2038/2399/2159 2039/2401/2159
f 2017/2378/2160 2016/2376/2160 2031/2400/2160 2032/2385/2160
f 2025/2379/2161 2024/2377/2161 2039/2401/2161 2040/2387/2161
f 2037/2395/2162 2036/2393/2162 2051/2402/2162 2052/2403/2162
f 2030/2397/2163 1962/2404/2163 2045/2405/2163
f 1969/2406/2164 2044/2394/2164 2059/2407/2164
f 2038/2399/2165 2037/2395/2165 2052/2403/2165 2053/2408/2165
f 2031/2400/2166 2030/2397/2166 2045/2405/2166 2046/2409/2166
f 2039/2401/2167 2038/2399/2167 2053/2408/2167 2054/2410/2167
f 2032/2385/2168 2031/2400/2168 2046/2409/2168 2047/2411/2168
f 2040/2387/2169 2039/2401/2169 2054/2410/2169 2055/2412/2169
f 2033/2386/2170 2032/2385/2170 2047/2411/2170 2048/2413/2170
f 2041/2388/2171 2040/2387/2171 2055/2412/2171 2056/2414/2171
f 2034/2389/2172 2033/2386/2172 2048/2413/2172 2049/2415/2172
f 2042/2390/2173 2041/2388/2173 2056/2414/2173 2057/2416/2173
f 2035/2391/2174 2034/2389/2174 2049/2415/2174 2050/2417/2174
f 2043/2392/2175 2042/2390/2175 2057/2416/2175 2058/2418/2175
f 2036/2393/2176 2035/2391/2176 2050/2417/2176 2051/2402/2176
f 2044/2394/2177 2043/2392/2177 2058/2418/2177 2059/2407/2177
f 2056/2414/2178 2055/2412/2178 2070/2419/2178 2071/2420/2178
f 2049/2415/2179 2048/2413/2179 2063/2421/2179 2064/2422/2179
f 2057/2416/2180 2056/2414/2180 2071/2420/2180 2072/2423/2180
f 2050/2417/2181 2049/2415/2181 2064/2422/2181 2065/2424/2181
f 2058/2418/2182 2057/2416/2182 2072/2423/2182 2073/2425/2182
f 2051/2402/2183 2050/2417/2183 2065/2424/2183 2066/2426/2183
f 2059/2407/2184 2058/2418/2184 2073/2425/2184 2074/2427/2184
f 2052/2403/2185 2051/2402/2185 2066/2426/2185 2067/2428/2185
f 2045/2405/2186 1962/2429/2186 2060/2430/2186
f 1969/2431/2187 2059/2407/2187 2074/2427/2187
f 2053/2408/2188 2052/2403/2188 2067/2428/2188 2068/2432/2188
f 2046/2409/2189 2045/2405/2189 2060/2430/2189 2061/2433/2189
f 2054/2410/2190 2053/2408/2190 2068/2432/2190 2069/2434/2190
f 2047/2411/2191 2046/2409/2191 2061/2433/2191 2062/2435/2191
f 2055/2412/2192 2054/2410/2192 2069/2434/2192 2070/2419/2192
f 2048/2413/2193 2047/2411/2193 2062/2435/2193 2063/2421/2193
f 1969/2436/2194 2074/2427/2194 2089/2437/2194
f 2068/2432/2195 2067/2428/2195 2082/2438/2195 2083/2439/2195
f 2061/2433/2196 2060/2430/2196 2075/2440/2196 2076/2441/2196
f 2069/2434/2197 2068/2432/2197 2083/2439/2197 2084/2442/2197
f 2062/2435/2198 2061/2433/2198 2076/2441/2198 2077/2443/2198
f 2070/2419/2199 2069/2434/2199 2084/2442/2199 2085/2444/2199
f 2063/2421/2200 2062/2435/2200 2077/2443/2200 2078/2445/2200
f 2071/2420/2201 2070/2419/2201 2085/2444/2201 2086/2446/2201
f 2064/2422/2202 2063/2421/2202 2078/2445/2202 2079/2447/2202
f 2072/2423/2203 2071/2420/2203 2086/2446/2203 2087/2448/2203
f 2065/2424/2204 2064/2422/2204 2079/2447/2204 2080/2449/2204
f 2073/2425/2205 2072/2423/2205 2087/2448/2205 2088/2450/2205
f 2066/2426/2206 2065/2424/2206 2080/2449/2206 2081/2451/2206
f 2074/2427/2207 2073/2425/2207 2088/2450/2207 2089/2437/2207
f 2067/2428/2208 2066/2426/2208 2081/2451/2208 2082/2438/2208
f 2060/2430/2209 1962/2452/2209 2075/2440/2209
f 2087/2448/2210 2086/2446/2210 2101/2453/2210 2102/2454/2210
f 2080/2449/2211 2079/2447/2211 2094/2455/2211 2095/2456/2211
f 2088/2450/2212 2087/2448/2212 2102/2454/2212 2103/2457/2212
f 2081/2451/2213 2080/2449/2213 2095/2456/2213 2096/2458/2213
f 2089/2437/2214 2088/2450/2214 2103/2457/2214 2104/2459/2214
f 2082/2438/2215 2081/2451/2215 2096/2458/2215 2097/2460/2215
f 2075/2440/2216 1962/2461/2216 2090/2462/2216
f 1969/2463/2217 2089/2437/2217 2104/2459/2217
f 2083/2439/2218 2082/2438/2218 2097/2460/2218 2098/2464/2218
f 2076/2441/2219 2075/2440/2219 2090/2462/2219 2091/2465/2219
f 2084/2442/2220 2083/2439/2220 2098/2464/2220 2099/2466/2220
f 2077/2443/2221 2076/2441/2221 2091/2465/2221 2092/2467/2221
f 2085/2444/2222 2084/2442/2222 2099/2466/2222 2100/2468/2222
f 2078/2445/2223 2077/2443/2223 2092/2467/2223 2093/2469/2223
f 2086/2446/2224 2085/2444/2224 2100/2468/2224 2101/2453/2224
f 2079/2447/2225 2078/2445/2225 2093/2469/2225 2094/2455/2225
f 2091/2465/2226 2090/2462/2226 2105/2470/2226 2106/2471/2226
f 2099/2466/2227 2098/2464/2227 2113/2472/2227 2114/2473/2227
f 2092/2467/2228 2091/2465/2228 2106/2471/2228 2107/2474/2228
f 2100/2468/2229 2099/2466/2229 2114/2473/2229 2115/2475/2229
f 2093/2469/2230 2092/2467/2230 2107/2474/2230 2108/2476/2230
f 2101/2453/2231 2100/2468/2231 2115/2475/2231 2116/2477/2231
f 2094/2455/2232 2093/2469/2232 2108/2476/2232 2109/2478/2232
f 2102/2454/2233 2101/2453/2233 2116/2477/2233 2117/2479/2233
f 2095/2456/2234 2094/2455/2234 2109/2478/2234 2110/2480/2234
f 2103/2457/2235 2102/2454/2235 2117/2479/2235 2118/2481/2235
f 2096/2458/2236 2095/2456/2236 2110/2480/2236 2111/2482/2236
f 2104/2459/2237 2103/2457/2237 2118/2481/2237 2119/2483/2237
f 2097/2460/2238 2096/2458/2238 2111/2482/2238 2112/2484/2238
f 2090/2462/2239 1962/2485/2239 2105/2470/2239
f 1969/2486/2240 2104/2459/2240 2119/2483/2240
f 2098/2464/2241 2097/2460/2241 2112/2484/2241 2113/2472/2241
f 2110/2480/2242 2109/2478/2242 2124/2487/2242 2125/2488/2242
f 2118/2481/2243 2117/2479/2243 2132/2489/2243 2133/2490/2243
f 2111/2482/2244 2110/2480/2244 2125/2488/2244 2126/2491/2244
f 2119/2483/2245 2118/2481/2245 2133/2490/2245 2134/2492/2245
f 2112/2484/2246 2111/2482/2246 2126/2491/2246 2127/2493/2246
f 2105/2470/2247 1962/2494/2247 2120/2495/2247
f 1969/2496/2248 2119/2483/2248 2134/2492/2248
f 2113/2472/2249 2112/2484/2249 2127/2493/2249 2128/2497/2249
f 2106/2471/2250 2105/2470/2250 2120/2495/2250 2121/2498/2250
f 2114/2473/2251 2113/2472/2251 2128/2497/2251 2129/2499/2251
f 2107/2474/2252 2106/2471/2252 2121/2498/2252 2122/2500/2252
f 2115/2475/2253 2114/2473/2253 2129/2499/2253 2130/2501/2253
f 2108/2476/2254 2107/2474/2254 2122/2500/2254 2123/2502/2254
f 2116/2477/2255 2115/2475/2255 2130/2501/2255 2131/2503/2255
f 2109/2478/2256 2108/2476/2256 2123/2502/2256 2124/2487/2256
f 2117/2479/2257 2116/2477/2257 2131/2503/2257 2132/2489/2257
f 2129/2499/2258 2128/2497/2258 2143/2504/2258 2144/2505/2258
f 2122/2500/2259 2121/2498/2259 2136/2506/2259 2137/2507/2259
f 2130/2501/2260 2129/2499/2260 2144/2505/2260 2145/2508/2260
f 2123/2502/2261 2122/2500/2261 2137/2507/2261 2138/2509/2261
f 2131/2503/2262 2130/2501/2262 2145/2508/2262 2146/2510/2262
f 2124/2487/2263 2123/2502/2263 2138/2509/2263 2139/2511/2263
f 2132/2489/2264 2131/2503/2264 2146/2510/2264 2147/2512/2264
f 2125/2488/2265 2124/2487/2265 2139/2511/2265 2140/2513/2265
f 2133/2490/2266 2132/2489/2266 2147/2512/2266 2148/2514/2266
f 2126/2491/2267 2125/2488/2267 2140/2513/2267 2141/2515/2267
f 2134/2492/2268 2133/2490/2268 2148/2514/2268 2149/2516/2268
f 2127/2493/2269 2126/2491/2269 2141/2515/2269 2142/2517/2269
f 2120/2495/2270 1962/2518/2270 2135/2519/2270
f 1969/2520/2271 2134/2492/2271 2149/2516/2271
f 2128/2497/2272 2127/2493/2272 2142/2517/2272 2143/2504/2272
f 2121/2498/2273 2120/2495/2273 2135/2519/2273 2136/2506/2273
f 2148/2514/2274 2147/2512/2274 2162/2521/2274 2163/2522/2274
f 2141/2515/2275 2140/2513/2275 2155/2523/2275 2156/2524/2275
f 2149/2516/2276 2148/2514/2276 2163/2522/2276 2164/2525/2276
f 2142/2517/2277 2141/2515/2277 2156/2524/2277 2157/2526/2277
f 2135/2519/2278 1962/2527/2278 2150/2528/2278
f 1969/2529/2279 2149/2516/2279 2164/2525/2279
f 2143/2504/2280 2142/2517/2280 2157/2526/2280 2158/2530/2280
f 2136/2506/2281 2135/2519/2281 2150/2528/2281 2151/2531/2281
f 2144/2505/2282 2143/2504/2282 2158/2530/2282 2159/2532/2282
f 2137/2507/2283 2136/2506/2283 2151/2531/2283 2152/2533/2283
f 2145/2508/2284 2144/2505/2284 2159/2532/2284 2160/2534/2284
f 2138/2509/2285 2137/2507/2285 2152/2533/2285 2153/2535/2285
f 2146/2510/2286 2145/2508/2286 2160/2534/2286 2161/2536/2286
f 2139/2511/2287 2138/2509/2287 2153/2535/2287 2154/2537/2287
f 2147/2512/2288 2146/2510/2288 2161/2536/2288 2162/2521/2288
f 2140/2513/2289 2139/2511/2289 2154/2537/2289 2155/2523/2289
f 2152/2533/2290 2151/2531/2290 2166/2538/2290 2167/2539/2290
f 2160/2534/2291 2159/2532/2291 2174/2540/2291 2175/2541/2291
f 2153/2535/2292 2152/2533/2292 2167/2539/2292 2168/2542/2292
f 2161/2536/2293 2160/2534/2293 2175/2541/2293 2176/2543/2293
f 2154/2537/2294 2153/2535/2294 2168/2542/2294 2169/2544/2294
f 2162/2521/2295 2161/2536/2295 2176/2543/2295 2177/2545/2295
f 2155/2523/2296 2154/2537/2296 2169/2544/2296 2170/2546/2296
f 2163/2522/2297 2162/2521/2297 2177/2545/2297 2178/2547/2297
f 2156/2524/2298 2155/2523/2298 2170/2546/2298 2171/2548/2298
f 2164/2525/2299 2163/2522/2299 2178/2547/2299 2179/2549/2299
f 2157/2526/2300 2156/2524/2300 2171/2548/2300 2172/2550/2300
f 2150/2528/2301 1962/2551/2301 2165/2552/2301
f 1969/2553/2302 2164/2525/2302 2179/2549/2302
f 2158/2530/2303 2157/2526/2303 2172/2550/2303 2173/2554/2303
f 2151/2531/2304 2150/2528/2304 2165/2552/2304 2166/2538/2304
f 2159/2532/2305 2158/2530/2305 2173/2554/2305 2174/2540/2305
f 2171/2548/2306 2170/2546/2306 2185/2555/2306 2186/2556/2306
f 2179/2549/2307 2178/2547/2307 2193/2557/2307 2194/2558/2307
f 2172/2550/2308 2171/2548/2308 2186/2556/2308 2187/2559/2308
f 2165/2552/2309 1962/2560/2309 2180/2561/2309
f 1969/2562/2310 2179/2549/2310 2194/2558/2310
f 2173/2554/2311 2172/2550/2311 2187/2559/2311 2188/2563/2311
f 2166/2538/2312 2165/2552/2312 2180/2561/2312 2181/2564/2312
f 2174/2540/2313 2173/2554/2313 2188/2563/2313 2189/2565/2313
f 2167/2539/2314 2166/2538/2314 2181/2564/2314 2182/2566/2314
f 2175/2541/2315 2174/2540/2315 2189/2565/2315 2190/2567/2315
f 2168/2542/2316 2167/2539/2316 2182/2566/2316 2183/2568/2316
f 2176/2543/2317 2175/2541/2317 2190/2567/2317 2191/2569/2317
f 2169/2544/2318 2168/2542/2318 2183/2568/2318 2184/2570/2318
f 2177/2545/2319 2176/2543/2319 2191/2569/2319 2192/2571/2319
f 2170/2546/2320 2169/2544/2320 2184/2570/2320 2185/2555/2320
f 2178/2547/2321 2177/2545/2321 2192/2571/2321 2193/2557/2321
f 2190/2567/2322 2189/2565/2322 2204/2572/2322 2205/2573/2322
f 2183/2568/2323 2182/2566/2323 2197/2574/2323 2198/2575/2323
f 2191/2569/2324 2190/2567/2324 2205/2573/2324 2206/2576/2324
f 2184/2570/2325 2183/2568/2325 2198/2575/2325 2199/2577/2325
f 2192/2571/2326 2191/2569/2326 2206/2576/2326 2207/2578/2326
f 2185/2555/2327 2184/2570/2327 2199/2577/2327 2200/2579/2327
f 2193/2557/2328 2192/2571/2328 2207/2578/2328 2208/2580/2328
f 2186/2556/2329 2185/2555/2329 2200/2579/2329 2201/2581/2329
f 2194/2558/2330 2193/2557/2330 2208/2580/2330 2209/2582/2330
f 2187/2559/2331 2186/2556/2331 2201/2581/2331 2202/2583/2331
f 2180/2561/2332 1962/2584/2332 2195/2585/2332
f 1969/2586/2333 2194/2558/2333 2209/2582/2333
f 2188/2563/2334 2187/2559/2334 2202/2583/2334 2203/2587/2334
f 2181/2564/2335 2180/2561/2335 2195/2585/2335 2196/2588/2335
f 2189/2565/2336 2188/2563/2336 2203/2587/2336 2204/2572/2336
f 2182/2566/2337 2181/2564/2337 2196/2588/2337 2197/2574/2337
f 2209/2582/2338 2208/2580/2338 2223/2589/2338 2224/2590/2338
f 2202/2583/2339 2201/2581/2339 2216/2591/2339 2217/2592/2339
f 2195/2585/2340 1962/2593/2340 2210/2594/2340
f 1969/2595/2341 2209/2582/2341 2224/2590/2341
f 2203/2587/2342 2202/2583/2342 2217/2592/2342 2218/2596/2342
f 2196/2588/2343 2195/2585/2343 2210/2594/2343 2211/2597/2343
f 2204/2572/2344 2203/2587/2344 2218/2596/2344 2219/2598/2344
f 2197/2574/2345 2196/2588/2345 2211/2597/2345 2212/2599/2345
f 2205/2573/2346 2204/2572/2346 2219/2598/2346 2220/2600/2346
f 2198/2575/2347 2197/2574/2347 2212/2599/2347 2213/2601/2347
f 2206/2576/2348 2205/2573/2348 2220/2600/2348 2221/2602/2348
f 2199/2577/2349 2198/2575/2349 2213/2601/2349 2214/2603/2349
f 2207/2578/2350 2206/2576/2350 2221/2602/2350 2222/2604/2350
f 2200/2579/2351 2199/2577/2351 2214/2603/2351 2215/2605/2351
f 2208/2580/2352 2207/2578/2352 2222/2604/2352 2223/2589/2352
f 2201/2581/2353 2200/2579/2353 2215/2605/2353 2216/2591/2353
f 2221/2602/2354 2220/2600/2354 2235/2606/2354 2236/2607/2354
f 2214/2603/2355 2213/2601/2355 2228/2608/2355 2229/2609/2355
f 2222/2604/2356 2221/2602/2356 2236/2607/2356 2237/2610/2356
f 2215/2605/2357 2214/2603/2357 2229/2609/2357 2230/2611/2357
f 2223/2589/2358 2222/2604/2358 2237/2610/2358 2238/2612/2358
f 2216/2591/2359 2215/2605/2359 2230/2611/2359 2231/2613/2359
f 2224/2590/2360 2223/2589/2360 2238/2612/2360 2239/2614/2360
f 2217/2592/2361 2216/2591/2361 2231/2613/2361 2232/2615/2361
f 2210/2594/2362 1962/2616/2362 2225/2617/2362
f 1969/2618/2363 2224/2590/2363 2239/2614/2363
f 2218/2596/2364 2217/2592/2364 2232/2615/2364 2233/2619/2364
f 2211/2597/2365 2210/2594/2365 2225/2617/2365 2226/2620/2365
f 2219/2598/2366 2218/2596/2366 2233/2619/2366 2234/2621/2366
f 2212/2599/2367 2211/2597/2367 2226/2620/2367 2227/2622/2367
f 2220/2600/2368 2219/2598/2368 2234/2621/2368 2235/2606/2368
f 2213/2601/2369 2212/2599/2369 2227/2622/2369 2228/2608/2369
f 2225/2617/2370 1962/2623/2370 2240/2624/2370
f 1969/2625/2371 2239/2614/2371 2254/2626/2371
f 2233/2619/2372 2232/2615/2372 2247/2627/2372 2248/2628/2372
f 2226/2620/2373 2225/2617/2373 2240/2624/2373 2241/2629/2373
f 2234/2621/2374 2233/2619/2374 2248/2628/2374 2249/2630/2374
f 2227/2622/2375 2226/2620/2375 2241/2629/2375 2242/2631/2375
f 2235/2606/2376 2234/2621/2376 2249/2630/2376 2250/2632/2376
f 2228/2608/2377 2227/2622/2377 2242/2631/2377 2243/2633/2377
f 2236/2607/2378 2235/2606/2378 2250/2632/2378 2251/2634/2378
f 2229/2609/2379 2228/2608/2379 2243/2633/2379 2244/2635/2379
f 2237/2610/2380 2236/2607/2380 2251/2634/2380 2252/2636/2380
f 2230/2611/2381 2229/2609/2381 2244/2635/2381 2245/2637/2381
f 2238/2612/2382 2237/2610/2382 2252/2636/2382 2253/2638/2382
f 2231/2613/2383 2230/2611/2383 2245/2637/2383 2246/2639/2383
f 2239/2614/2384 2238/2612/2384 2253/2638/2384 2254/2626/2384
f 2232/2615/2385 2231/2613/2385 2246/2639/2385 2247/2627/2385
f 2244/2635/2386 2243/2633/2386 2258/2640/2386 2259/2641/2386
f 2252/2636/2387 2251/2634/2387 2266/2642/2387 2267/2643/2387
f 2245/2637/2388 2244/2635/2388 2259/2641/2388 2260/2644/2388
f 2253/2638/2389 2252/2636/2389 2267/2643/2389 2268/2645/2389
f 2246/2639/2390 2245/2637/2390 2260/2644/2390 2261/2646/2390
f 2254/2626/2391 2253/2638/2391 2268/2645/2391 2269/2647/2391
f 2247/2627/2392 2246/2639/2392 2261/2646/2392 2262/2648/2392
f 2240/2624/2393 1962/2649/2393 2255/2650/2393
f 1969/2651/2394 2254/2626/2394 2269/2647/2394
f 2248/2628/2395 2247/2627/2395 2262/2648/2395 2263/2652/2395
f 2241/2629/2396 2240/2624/2396 2255/2650/2396 2256/2653/2396
f 2249/2630/2397 2248/2628/2397 2263/2652/2397 2264/2654/2397
f 2242/2631/2398 2241/2629/2398 2256/2653/2398 2257/2655/2398
f 2250/2632/2399 2249/2630/2399 2264/2654/2399 2265/2656/2399
f 2243/2633/2400 2242/2631/2400 2257/2655/2400 2258/2640/2400
f 2251/2634/2401 2250/2632/2401 2265/2656/2401 2266/2642/2401
f 2263/2652/2402 2262/2648/2402 2277/2657/2402 2278/2658/2402
f 2256/2653/2403 2255/2650/2403 2270/2659/2403 2271/2660/2403
f 2264/2654/2404 2263/2652/2404 2278/2658/2404 2279/2661/2404
f 2257/2655/2405 2256/2653/2405 2271/2660/2405 2272/2662/2405
f 2265/2656/2406 2264/2654/2406 2279/2661/2406 2280/2663/2406
f 2258/2640/2407 2257/2655/2407 2272/2662/2407 2273/2664/2407
f 2266/2642/2408 2265/2656/2408 2280/2663/2408 2281/2665/2408
f 2259/2641/2409 2258/2640/2409 2273/2664/2409 2274/2666/2409
f 2267/2643/2410 2266/2642/2410 2281/2665/2410 2282/2667/2410
f 2260/2644/2411 2259/2641/2411 2274/2666/2411 2275/2668/2411
f 2268/2645/2412 2267/2643/2412 2282/2667/2412 2283/2669/2412
f 2261/2646/2413 2260/2644/2413 2275/2668/2413 2276/2670/2413
f 2269/2647/2414 2268/2645/2414 2283/2669/2414 2284/2671/2414
f 2262/2648/2415 2261/2646/2415 2276/2670/2415 2277/2657/2415
f 2255/2650/2416 1962/2672/2416 2270/2659/2416
f 1969/2673/2417 2269/2647/2417 2284/2671/2417
f 2282/2667/2418 2281/2665/2418 2296/2674/2418 2297/2675/2418
f 2275/2668/2419 2274/2666/2419 2289/2676/2419 2290/2677/2419
f 2283/2669/2420 2282/2667/2420 2297/2675/2420 2298/2678/2420
f 2276/2670/2421 2275/2668/2421 2290/2677/2421 2291/2679/2421
f 2284/2671/2422 2283/2669/2422 2298/2678/2422 2299/2680/2422
f 2277/2657/2423 2276/2670/2423 2291/2679/2423 2292/2681/2423
f 2270/2659/2424 1962/2682/2424 2285/2683/2424
f 1969/2684/2425 2284/2671/2425 2299/2680/2425
f 2278/2658/2426 2277/2657/2426 2292/2681/2426 2293/2685/2426
f 2271/2660/2427 2270/2659/2427 2285/2683/2427 2286/2686/2427
f 2279/2661/2428 2278/2658/2428 2293/2685/2428 2294/2687/2428
f 2272/2662/2429 2271/2660/2429 2286/2686/2429 2287/2688/2429
f 2280/2663/2430 2279/2661/2430 2294/2687/2430 2295/2689/2430
f 2273/2664/2431 2272/2662/2431 2287/2688/2431 2288/2690/2431
f 2281/2665/2432 2280/2663/2432 2295/2689/2432 2296/2674/2432
f 2274/2666/2433 2273/2664/2433 2288/2690/2433 2289/2676/2433
f 2286/2686/2434 2285/2683/2434 2300/2691/2434 2301/2692/2434
f 2294/2687/2435 2293/2685/2435 2308/2693/2435 2309/2694/2435
f 2287/2688/2436 2286/2686/2436 2301/2692/2436 2302/2695/2436
f 2295/2689/2437 2294/2687/2437 2309/2694/2437 2310/2696/2437
f 2288/2690/2438 2287/2688/2438 2302/2695/2438 2303/2697/2438
f 2296/2674/2439 2295/2689/2439 2310/2696/2439 2311/2698/2439
f 2289/2676/2440 2288/2690/2440 2303/2697/2440 2304/2699/2440
f 2297/2675/2441 2296/2674/2441 2311/2698/2441 2312/2700/2441
f 2290/2677/2442 2289/2676/2442 2304/2699/2442 2305/2701/2442
f 2298/2678/2443 2297/2675/2443 2312/2700/2443 2313/2702/2443
f 2291/2679/2444 2290/2677/2444 2305/2701/2444 2306/2703/2444
f 2299/2680/2445 2298/2678/2445 2313/2702/2445 2314/2704/2445
f 2292/2681/2446 2291/2679/2446 2306/2703/2446 2307/2705/2446
f 2285/2683/2447 1962/2706/2447 2300/2691/2447
f 1969/2707/2448 2299/2680/2448 2314/2704/2448
f 2293/2685/2449 2292/2681/2449 2307/2705/2449 2308/2693/2449
f 2305/2701/2450 2304/2699/2450 2319/2708/2450 2320/2709/2450
f 2313/2702/2451 2312/2700/2451 2327/2710/2451 2328/2711/2451
f 2306/2703/2452 2305/2701/2452 2320/2709/2452 2321/2712/2452
f 2314/2704/2453 2313/2702/2453 2328/2711/2453 2329/2713/2453
f 2307/2705/2454 2306/2703/2454 2321/2712/2454 2322/2714/2454
f 2300/2691/2455 1962/2715/2455 2315/2716/2455
f 1969/2717/2456 2314/2704/2456 2329/2713/2456
f 2308/2693/2457 2307/2705/2457 2322/2714/2457 2323/2718/2457
f 2301/2692/2458 2300/2691/2458 2315/2716/2458 2316/2719/2458
f 2309/2694/2459 2308/2693/2459 2323/2718/2459 2324/2720/2459
f 2302/2695/2460 2301/2692/2460 2316/2719/2460 2317/2721/2460
f 2310/2696/2461 2309/2694/2461 2324/2720/2461 2325/2722/2461
f 2303/2697/2462 2302/2695/2462 2317/2721/2462 2318/2723/2462
f 2311/2698/2463 2310/2696/2463 2325/2722/2463 2326/2724/2463
f 2304/2699/2464 2303/2697/2464 2318/2723/2464 2319/2708/2464
f 2312/2700/2465 2311/2698/2465 2326/2724/2465 2327/2710/2465
f 2324/2725/2466 2323/2726/2466 2338/2727/2466 2339/2728/2466
f 2317/2729/2467 2316/2730/2467 2331/2731/2467 2332/2732/2467
f 2325/2733/2468 2324/2725/2468 2339/2728/2468 2340/2734/2468
f 2318/2735/2469 2317/2729/2469 2332/2732/2469 2333/2736/2469
f 2326/2737/2470 2325/2733/2470 2340/2734/2470 2341/2738/2470
f 2319/2739/2471 2318/2735/2471 2333/2736/2471 2334/2740/2471
f 2327/2741/2472 2326/2737/2472 2341/2738/2472 2342/2742/2472
f 2320/2743/2473 2319/2739/2473 2334/2740/2473 2335/2744/2473
f 2328/2745/2474 2327/2741/2474 2342/2742/2474 2343/2746/2474
f 2321/2747/2475 2320/2743/2475 2335/2744/2475 2336/2748/2475
f 2329/2749/2476 2328/2745/2476 2343/2746/2476 2344/2750/2476
f 2322/2751/2477 2321/2747/2477 2336/2748/2477 2337/2752/2477
f 2315/2753/2478 1962/2754/2478 2330/2755/2478
f 1969/2756/2479 2329/2749/2479 2344/2750/2479
f 2323/2726/2480 2322/2751/2480 2337/2752/2480 2338/2727/2480
f 2316/2730/2481 2315/2753/2481 2330/2755/2481 2331/2731/2481
f 2343/2746/2482 2342/2742/2482 2357/2757/2482 2358/2758/2482
f 2336/2748/2483 2335/2744/2483 2350/2759/2483 2351/2760/2483
f 2344/2750/2484 2343/2746/2484 2358/2758/2484 2359/2761/2484
f 2337/2752/2485 2336/2748/2485 2351/2760/2485 2352/2762/2485
f 2330/2755/2486 1962/2763/2486 2345/2764/2486
f 1969/2765/2487 2344/2750/2487 2359/2761/2487
f 2338/2727/2488 2337/2752/2488 2352/2762/2488 2353/2766/2488
f 2331/2731/2489 2330/2755/2489 2345/2764/2489 2346/2767/2489
f 2339/2728/2490 2338/2727/2490 2353/2766/2490 2354/2768/2490
f 2332/2732/2491 2331/2731/2491 2346/2767/2491 2347/2769/2491
f 2340/2734/2492 2339/2728/2492 2354/2768/2492 2355/2770/2492
f 2333/2736/2493 2332/2732/2493 2347/2769/2493 2348/2771/2493
f 2341/2738/2494 2340/2734/2494 2355/2770/2494 2356/2772/2494
f 2334/2740/2495 2333/2736/2495 2348/2771/2495 2349/2773/2495
f 2342/2742/2496 2341/2738/2496 2356/2772/2496 2357/2757/2496
f 2335/2744/2497 2334/2740/2497 2349/2773/2497 2350/2759/2497
f 2355/2770/2498 2354/2768/2498 2369/2774/2498 2370/2775/2498
f 2348/2771/2499 2347/2769/2499 2362/2776/2499 2363/2777/2499
f 2356/2772/2500 2355/2770/2500 2370/2775/2500 2371/2778/2500
f 2349/2773/2501 2348/2771/2501 2363/2777/2501 2364/2779/2501
f 2357/2757/2502 2356/2772/2502 2371/2778/2502 2372/2780/2502
f 2350/2759/2503 2349/2773/2503 2364/2779/2503 2365/2781/2503
f 2358/2758/2504 2357/2757/2504 2372/2780/2504 2373/2782/2504
f 2351/2760/2505 2350/2759/2505 2365/2781/2505 2366/2783/2505
f 2359/2761/2506 2358/2758/2506 2373/2782/2506 2374/2784/2506
f 2352/2762/2507 2351/2760/2507 2366/2783/2507 2367/2785/2507
f 2345/2764/2508 1962/2786/2508 2360/2787/2508
f 1969/2788/2509 2359/2761/2509 2374/2784/2509
f 2353/2766/2510 2352/2762/2510 2367/2785/2510 2368/2789/2510
f 2346/2767/2511 2345/2764/2511 2360/2787/2511 2361/2790/2511
f 2354/2768/2512 2353/2766/2512 2368/2789/2512 2369/2774/2512
f 2347/2769/2513 2346/2767/2513 2361/2790/2513 2362/2776/2513
f 2374/2784/2514 2373/2782/2514 2388/2791/2514 2389/2792/2514
f 2367/2785/2515 2366/2783/2515 2381/2793/2515 2382/2794/2515
f 2360/2787/2516 1962/2795/2516 2375/2796/2516
f 1969/2797/2517 2374/2784/2517 2389/2792/2517
f 2368/2789/2518 2367/2785/2518 2382/2794/2518 2383/2798/2518
f 2361/2790/2519 2360/2787/2519 2375/2796/2519 2376/2799/2519
f 2369/2774/2520 2368/2789/2520 2383/2798/2520 2384/2800/2520
f 2362/2776/2521 2361/2790/2521 2376/2799/2521 2377/2801/2521
f 2370/2775/2522 2369/2774/2522 2384/2800/2522 2385/2802/2522
f 2363/2777/2523 2362/2776/2523 2377/2801/2523 2378/2803/2523
f 2371/2778/2524 2370/2775/2524 2385/2802/2524 2386/2804/2524
f 2364/2779/2525 2363/2777/2525 2378/2803/2525 2379/2805/2525
f 2372/2780/2526 2371/2778/2526 2386/2804/2526 2387/2806/2526
f 2365/2781/2527 2364/2779/2527 2379/2805/2527 2380/2807/2527
f 2373/2782/2528 2372/2780/2528 2387/2806/2528 2388/2791/2528
f 2366/2783/2529 2365/2781/2529 2380/2807/2529 2381/2793/2529
f 2378/2803/2530 2377/2801/2530 2392/2808/2530 2393/2809/2530
f 2386/2804/2531 2385/2802/2531 2400/2810/2531 2401/2811/2531
f 2379/2805/2532 2378/2803/2532 2393/2809/2532 2394/2812/2532
f 2387/2806/2533 2386/2804/2533 2401/2811/2533 2402/2813/2533
f 2380/2807/2534 2379/2805/2534 2394/2812/2534 2395/2814/2534
f 2388/2791/2535 2387/2806/2535 2402/2813/2535 2403/2815/2535
f 2381/2793/2536 2380/2807/2536 2395/2814/2536 2396/2816/2536
f 2389/2792/2537 2388/2791/2537 2403/2815/2537 2404/2817/2537
f 2382/2794/2538 2381/2793/2538 2396/2816/2538 2397/2818/2538
f 2375/2796/2539 1962/2819/2539 2390/2820/2539
f 1969/2821/2540 2389/2792/2540 2404/2817/2540
f 2383/2798/2541 2382/2794/2541 2397/2818/2541 2398/2822/2541
f 2376/2799/2542 2375/2796/2542 2390/2820/2542 2391/2823/2542
f 2384/2800/2543 2383/2798/2543 2398/2822/2543 2399/2824/2543
f 2377/2801/2544 2376/2799/2544 2391/2823/2544 2392/2808/2544
f 2385/2802/2545 2384/2800/2545 2399/2824/2545 2400/2810/2545
f 2397/2818/2546 2396/2816/2546 2411/2825/2546 2412/2826/2546
f 2390/2820/2547 1962/2827/2547 2405/2828/2547
f 1969/2829/2548 2404/2817/2548 2419/2830/2548
f 2398/2822/2549 2397/2818/2549 2412/2826/2549 2413/2831/2549
f 2391/2823/2550 2390/2820/2550 2405/2828/2550 2406/2832/2550
f 2399/2824/2551 2398/2822/2551 2413/2831/2551 2414/2833/2551
f 2392/2808/2552 2391/2823/2552 2406/2832/2552 2407/2834/2552
f 2400/2810/2553 2399/2824/2553 2414/2833/2553 2415/2835/2553
f 2393/2809/2554 2392/2808/2554 2407/2834/2554 2408/2836/2554
f 2401/2811/2555 2400/2810/2555 2415/2835/2555 2416/2837/2555
f 2394/2812/2556 2393/2809/2556 2408/2836/2556 2409/2838/2556
f 2402/2813/2557 2401/2811/2557 2416/2837/2557 2417/2839/2557
f 2395/2814/2558 2394/2812/2558 2409/2838/2558 2410/2840/2558
f 2403/2815/2559 2402/2813/2559 2417/2839/2559 2418/2841/2559
f 2396/2816/2560 2395/2814/2560 2410/2840/2560 2411/2825/2560
f 2404/2817/2561 2403/2815/2561 2418/2841/2561 2419/2830/2561
f 2416/2837/2562 2415/2835/2562 2430/2842/2562 2431/2843/2562
f 2409/2838/2563 2408/2836/2563 2423/2844/2563 2424/2845/2563
f 2417/2839/2564 2416/2837/2564 2431/2843/2564 2432/2846/2564
f 2410/2840/2565 2409/2838/2565 2424/2845/2565 2425/2847/2565
f 2418/2841/2566 2417/2839/2566 2432/2846/2566 2433/2848/2566
f 2411/2825/2567 2410/2840/2567 2425/2847/2567 2426/2849/2567
f 2419/2830/2568 2418/2841/2568 2433/2848/2568 2434/2850/2568
f 2412/2826/2569 2411/2825/2569 2426/2849/2569 2427/2851/2569
f 2405/2828/2570 1962/2852/2570 2420/2853/2570
f 1969/2854/2571 2419/2830/2571 2434/2850/2571
f 2413/2831/2572 2412/2826/2572 2427/2851/2572 2428/2855/2572
f 2406/2832/2573 2405/2828/2573 2420/2853/2573 2421/2856/2573
f 2414/2833/2574 2413/2831/2574 2428/2855/2574 2429/2857/2574
f 2407/2834/2575 2406/2832/2575 2421/2856/2575 2422/2858/2575
f 2415/2835/2576 2414/2833/2576 2429/2857/2576 2430/2842/2576
f 2408/2836/2577 2407/2834/2577 2422/2858/2577 2423/2844/2577
f 2420/2853/2578 1962/2859/2578 2435/2306/2578
f 1969/2860/2579 2434/2850/2579 2443/2310/2579
f 2428/2855/2580 2427/2851/2580 1966/2302/2580 1967/2312/2580
f 2421/2856/2581 2420/2853/2581 2435/2306/2581 2436/2314/2581
f 2429/2857/2582 2428/2855/2582 1967/2312/2582 2439/2316/2582
f 2422/2858/2583 2421/2856/2583 2436/2314/2583 1963/2318/2583
f 2430/2842/2584 2429/2857/2584 2439/2316/2584 1968/2320/2584
f 2423/2844/2585 2422/2858/2585 1963/2318/2585 2437/2322/2585
f 2431/2843/2586 2430/2842/2586 1968/2320/2586 2440/2324/2586
f 2424/2845/2587 2423/2844/2587 2437/2322/2587 1964/2326/2587
f 2432/2846/2588 2431/2843/2588 2440/2324/2588 2441/2328/2588
f 2425/2847/2589 2424/2845/2589 1964/2326/2589 2438/2330/2589
f 2433/2848/2590 2432/2846/2590 2441/2328/2590 2442/2332/2590
f 2426/2849/2591 2425/2847/2591 2438/2330/2591 1965/2303/2591
f 2434/2850/2592 2433/2848/2592 2442/2332/2592 2443/2310/2592
f 2427/2851/2593 2426/2849/2593 1965/2303/2593 1966/2302/2593
o chapeu_cima
v 0.000000 2.146810 -0.478576
v 0.000000 3.103962 -0.478576
v 0.093366 2.146810 -0.469381
v 0.093366 3.103962 -0.469381
v 0.183143 2.146810 -0.442147
v 0.183143 3.103962 -0.442147
v 0.265883 2.146810 -0.397922
v 0.265883 3.103962 -0.397922
v 0.338405 2.146810 -0.338405
v 0.338405 3.103962 -0.338405
v 0.397922 2.146810 -0.265883
v 0.397922 3.103962 -0.265883
v 0.442147 2.146810 -0.183143
v 0.442147 3.103962 -0.183143
v 0.469381 2.146810 -0.093366
v 0.469381 3.103962 -0.093366
v 0.478576 2.146810 0.000000
v 0.478576 3.103962 0.000000
v 0.469381 2.146810 0.093366
v 0.469381 3.103962 0.093366
v 0.442147 2.146810 0.183143
v 0.442147 3.103962 0.183143
v 0.397922 2.146810 0.265883
v 0.397922 3.103962 0.265883
v 0.338405 2.146810 0.338405
v 0.338405 3.103962 0.338405
v 0.265883 2.146810 0.397922
v 0.265883 3.103962 0.397922
v 0.183143 2.146810 0.442147
v 0.183143 3.103962 0.442147
v 0.093366 2.146810 0.469381
v 0.093366 3.103962 0.469381
v 0.000000 2.146810 0.478576
v 0.000000 3.103962 0.478576
v -0.093366 2.146810 0.469381
v -0.093366 3.103962 0.469381
v -0.183143 2.146810 0.442147
v -0.183143 3.103962 0.442147
v -0.265883 2.146810 0.397922
v -0.265883 3.103962 0.397922
v -0.338405 2.146810 0.338405
v -0.338405 3.103962 0.338405
v -0.397922 2.146810 0.265883
v -0.397922 3.103962 0.265883
v -0.442147 2.146810 0.183143
v -0.442147 3.103962 0.183143
v -0.469381 2.146810 0.093366
v -0.469381 3.103962 0.093366
v -0.478576 2.146810 0.000000
v -0.478576 3.103962 0.000000
v -0.469381 2.146810 -0.093366
v -0.469381 3.103962 -0.093366
v -0.442147 2.146810 -0.183143
v -0.442147 3.103962 -0.183143
v -0.397922 2.146810 -0.265883
v -0.397922 3.103962 -0.265883
v -0.338405 2.146810 -0.338405
v -0.338405 3.103962 -0.338405
v -0.265883 2.146810 -0.397922
v -0.265883 3.103962 -0.397922
v -0.183143 2.146810 -0.442147
v -0.183143 3.103962 -0.442147
v -0.093366 2.146810 -0.469381
v -0.093366 3.103962 -0.469381
vn 0.0980 -0.0000 -0.9952
vn 0.2903 -0.0000 -0.9569
vn 0.4714 -0.0000 -0.8819
vn 0.6344 -0.0000 -0.7730
vn 0.7730 -0.0000 -0.6344
vn 0.8819 -0.0000 -0.4714
vn 0.9569 -0.0000 -0.2903
vn 0.9952 -0.0000 -0.0980
vn 0.9952 -0.0000 0.0980
vn 0.9569 -0.0000 0.2903
vn 0.8819 -0.0000 0.4714
vn 0.7730 -0.0000 0.6344
vn 0.6344 -0.0000 0.7730
vn 0.4714 -0.0000 0.8819
vn 0.2903 -0.0000 0.9569
vn 0.0980 -0.0000 0.9952
vn -0.0980 -0.0000 0.9952
vn -0.2903 -0.0000 0.9569
vn -0.4714 -0.0000 0.8819
vn -0.6344 -0.0000 0.7730
vn -0.7730 -0.0000 0.6344
vn -0.8819 -0.0000 0.4714
vn -0.9569 -0.0000 0.2903
vn -0.9952 -0.0000 0.0980
vn -0.9952 -0.0000 -0.0980
vn -0.9569 -0.0000 -0.2903
vn -0.8819 -0.0000 -0.4714
vn -0.7730 -0.0000 -0.6344
vn -0.6344 -0.0000 -0.7730
vn -0.4714 -0.0000 -0.8819
vn -0.0000 1.0000 -0.0000
vn -0.2903 -0.0000 -0.9569
vn -0.0980 -0.0000 -0.9952
vn -0.0000 -1.0000 -0.0000
vt 1.000000 0.500000
vt 1.000000 1.000000
vt 0.968750 1.000000
vt 0.968750 0.500000
vt 0.937500 1.000000
vt 0.937500 0.500000
vt 0.906250 1.000000
vt 0.906250 0.500000
vt 0.875000 1.000000
vt 0.875000 0.500000
vt 0.843750 1.000000
vt 0.843750 0.500000
vt 0.812500 1.000000
vt 0.812500 0.500000
vt 0.781250 1.000000
vt 0.781250 0.500000
vt 0.750000 1.000000
vt 0.750000 0.500000
vt 0.718750 1.000000
vt 0.718750 0.500000
vt 0.687500 1.000000
vt 0.687500 0.500000
vt 0.656250 1.000000
vt 0.656250 0.500000
vt 0.625000 1.000000
vt 0.625000 0.500000
vt 0.593750 1.000000
vt 0.593750 0.500000
vt 0.562500 1.000000
vt 0.562500 0.500000
vt 0.531250 1.000000
vt 0.531250 0.500000
vt 0.500000 1.000000
vt 0.500000 0.500000
vt 0.468750 1.000000
vt 0.468750 0.500000
vt 0.437500 1.000000
vt 0.437500 0.500000
vt 0.406250 1.000000
vt 0.406250 0.500000
vt 0.375000 1.000000
vt 0.375000 0.500000
vt 0.343750 1.000000
vt 0.343750 0.500000
vt 0.312500 1.000000
vt 0.312500 0.500000
vt 0.281250 1.000000
vt 0.281250 0.500000
vt 0.250000 1.000000
vt 0.250000 0.500000
vt 0.218750 1.000000
vt 0.218750 0.500000
vt 0.187500 1.000000
vt 0.187500 0.500000
vt 0.156250 1.000000
vt 0.156250 0.500000
vt 0.125000 1.000000
vt 0.125000 0.500000
vt 0.093750 1.000000
vt 0.093750 0.500000
vt 0.062500 1.000000
vt 0.062500 0.500000
vt 0.296822 0.485388
vt 0.250000 0.490000
vt 0.203178 0.485388
vt 0.158156 0.471731
vt 0.116663 0.449553
vt 0.080294 0.419706
vt 0.050447 0.383337
vt 0.028269 0.341844
vt 0.014612 0.296822
vt 0.010000 0.250000
vt 0.014612 0.203178
vt 0.028269 0.158156
vt 0.050447 0.116663
vt 0.080294 0.080294
vt 0.116663 0.050447
vt 0.158156 0.028269
vt 0.203178 0.014612
vt 0.250000 0.010000
vt 0.296822 0.014612
vt 0.341844 0.028269
vt 0.383337 0.050447
vt 0.419706 0.080294
vt 0.449553 0.116663
vt 0.471731 0.158156
vt 0.485388 0.203178
vt 0.490000 0.250000
vt 0.485388 0.296822
vt 0.471731 0.341844
vt 0.449553 0.383337
vt 0.419706 0.419706
vt 0.383337 0.449553
vt 0.341844 0.471731
vt 0.031250 1.000000
vt 0.031250 0.500000
vt 0.000000 1.000000
vt 0.000000 0.500000
vt 0.750000 0.490000
vt 0.796822 0.485388
vt 0.841844 0.471731
vt 0.883337 0.449553
vt 0.919706 0.419706
vt 0.949553 0.383337
vt 0.971731 0.341844
vt 0.985388 0.296822
vt 0.990000 0.250000
vt 0.985388 0.203178
vt 0.971731 0.158156
vt 0.949553 0.116663
vt 0.919706 0.080294
vt 0.883337 0.050447
vt 0.841844 0.028269
vt 0.796822 0.014612
vt 0.750000 0.010000
vt 0.703178 0.014612
vt 0.658156 0.028269
vt 0.616663 0.050447
vt 0.580294 0.080294
vt 0.550447 0.116663
vt 0.528269 0.158156
vt 0.514612 0.203178
vt 0.510000 0.250000
vt 0.514612 0.296822
vt 0.528269 0.341844
vt 0.550447 0.383337
vt 0.580294 0.419706
vt 0.616663 0.449553
vt 0.658156 0.471731
vt 0.703178 0.485388
s 0
f 2444/2861/2594 2445/2862/2594 2447/2863/2594 2446/2864/2594
f 2446/2864/2595 2447/2863/2595 2449/2865/2595 2448/2866/2595
f 2448/2866/2596 2449/2865/2596 2451/2867/2596 2450/2868/2596
f 2450/2868/2597 2451/2867/2597 2453/2869/2597 2452/2870/2597
f 2452/2870/2598 2453/2869/2598 2455/2871/2598 2454/2872/2598
f 2454/2872/2599 2455/2871/2599 2457/2873/2599 2456/2874/2599
f 2456/2874/2600 2457/2873/2600 2459/2875/2600 2458/2876/2600
f 2458/2876/2601 2459/2875/2601 2461/2877/2601 2460/2878/2601
f 2460/2878/2602 2461/2877/2602 2463/2879/2602 2462/2880/2602
f 2462/2880/2603 2463/2879/2603 2465/2881/2603 2464/2882/2603
f 2464/2882/2604 2465/2881/2604 2467/2883/2604 2466/2884/2604
f 2466/2884/2605 2467/2883/2605 2469/2885/2605 2468/2886/2605
f 2468/2886/2606 2469/2885/2606 2471/2887/2606 2470/2888/2606
f 2470/2888/2607 2471/2887/2607 2473/2889/2607 2472/2890/2607
f 2472/2890/2608 2473/2889/2608 2475/2891/2608 2474/2892/2608
f 2474/2892/2609 2475/2891/2609 2477/2893/2609 2476/2894/2609
f 2476/2894/2610 2477/2893/2610 2479/2895/2610 2478/2896/2610
f 2478/2896/2611 2479/2895/2611 2481/2897/2611 2480/2898/2611
f 2480/2898/2612 2481/2897/2612 2483/2899/2612 2482/2900/2612
f 2482/2900/2613 2483/2899/2613 2485/2901/2613 2484/2902/2613
f 2484/2902/2614 2485/2901/2614 2487/2903/2614 2486/2904/2614
f 2486/2904/2615 2487/2903/2615 2489/2905/2615 2488/2906/2615
f 2488/2906/2616 2489/2905/2616 2491/2907/2616 2490/2908/2616
f 2490/2908/2617 2491/2907/2617 2493/2909/2617 2492/2910/2617
f 2492/2910/2618 2493/2909/2618 2495/2911/2618 2494/2912/2618
f 2494/2912/2619 2495/2911/2619 2497/2913/2619 2496/2914/2619
f 2496/2914/2620 2497/2913/2620 2499/2915/2620 2498/2916/2620
f 2498/2916/2621 2499/2915/2621 2501/2917/2621 2500/2918/2621
f 2500/2918/2622 2501/2917/2622 2503/2919/2622 2502/2920/2622
f 2502/2920/2623 2503/2919/2623 2505/2921/2623 2504/2922/2623
f 2447/2923/2624 2445/2924/2624 2507/2925/2624 2505/2926/2624 2503/2927/2624 2501/2928/2624 2499/2929/2624 2497/2930/2624 2495/2931/2624 2493/2932/2624 2491/2933/2624 2489/2934/2624 2487/2935/2624 2485/2936/2624 2483/2937/2624 2481/2938/2624 2479/2939/2624 2477/2940/2624 2475/2941/2624 2473/2942/2624 2471/2943/2624 2469/2944/2624 2467/2945/2624 2465/2946/2624 2463/2947/2624 2461/2948/2624 2459/2949/2624 2457/2950/2624 2455/2951/2624 2453/2952/2624 2451/2953/2624 2449/2954/2624
f 2504/2922/2625 2505/2921/2625 2507/2955/2625 2506/2956/2625
f 2506/2956/2626 2507/2955/2626 2445/2957/2626 2444/2958/2626
f 2444/2959/2627 2446/2960/2627 2448/2961/2627 2450/2962/2627 2452/2963/2627 2454/2964/2627 2456/2965/2627 2458/2966/2627 2460/2967/2627 2462/2968/2627 2464/2969/2627 2466/2970/2627 2468/2971/2627 2470/2972/2627 2472/2973/2627 2474/2974/2627 2476/2975/2627 2478/2976/2627 2480/2977/2627 2482/2978/2627 2484/2979/2627 2486/2980/2627 2488/2981/2627 2490/2982/2627 2492/2983/2627 2494/2984/2627 2496/2985/2627 2498/2986/2627 2500/2987/2627 2502/2988/2627 2504/2989/2627 2506/2990/2627
o chapeu_baixo
v 0.000000 2.048738 -0.948859
v 0.000000 2.198965 -0.948859
v 0.185113 2.048738 -0.930627
v 0.185113 2.198965 -0.930627
v 0.363113 2.048738 -0.876631
v 0.363113 2.198965 -0.876631
v 0.527158 2.048738 -0.788947
v 0.527158 2.198965 -0.788947
v 0.670944 2.048738 -0.670944
v 0.670944 2.198965 -0.670944
v 0.788947 2.048738 -0.527158
v 0.788947 2.198965 -0.527158
v 0.876631 2.048738 -0.363113
v 0.876631 2.198965 -0.363113
v 0.930627 2.048738 -0.185113
v 0.930627 2.198965 -0.185113
v 0.948859 2.048738 0.000000
v 0.948859 2.198965 0.000000
v 0.930627 2.048738 0.185113
v 0.930627 2.198965 0.185113
v 0.876631 2.048738 0.363113
v 0.876631 2.198965 0.363113
v 0.788947 2.048738 0.527158
v 0.788947 2.198965 0.527158
v 0.670944 2.048738 0.670944
v 0.670944 2.198965 0.670944
v 0.527158 2.048738 0.788947
v 0.527158 2.198965 0.788947
v 0.363113 2.048738 0.876631
v 0.363113 2.198965 0.876631
v 0.185113 2.048738 0.930627
v 0.185113 2.198965 0.930627
v 0.000000 2.048738 0.948859
v 0.000000 2.198965 0.948859
v -0.185113 2.048738 0.930627
v -0.185113 2.198965 0.930627
v -0.363113 2.048738 0.876631
v -0.363113 2.198965 0.876631
v -0.527158 2.048738 0.788947
v -0.527158 2.198965 0.788947
v -0.670944 2.048738 0.670944
v -0.670944 2.198965 0.670944
v -0.788947 2.048738 0.527158
v -0.788947 2.198965 0.527158
v -0.876631 2.048738 0.363113
v -0.876631 2.198965 0.363113
v -0.930627 2.048738 0.185113
v -0.930627 2.198965 0.185113
v -0.948859 2.048738 0.000000
v -0.948859 2.198965 0.000000
v -0.930627 2.048738 -0.185113
v -0.930627 2.198965 -0.185113
v -0.876631 2.048738 -0.363113
v -0.876631 2.198965 -0.363113
v -0.788947 2.048738 -0.527158
v -0.788947 2.198965 -0.527158
v -0.670944 2.048738 -0.670944
v -0.670944 2.198965 -0.670944
v -0.527158 2.048738 -0.788947
v -0.527158 2.198965 -0.788947
v -0.363113 2.048738 -0.876631
v -0.363113 2.198965 -0.876631
v -0.185113 2.048738 -0.930627
v -0.185113 2.198965 -0.930627
vn 0.0980 -0.0000 -0.9952
vn 0.2903 -0.0000 -0.9569
vn 0.4714 -0.0000 -0.8819
vn 0.6344 -0.0000 -0.7730
vn 0.7730 -0.0000 -0.6344
vn 0.8819 -0.0000 -0.4714
vn 0.9569 -0.0000 -0.2903
vn 0.9952 -0.0000 -0.0980
vn 0.9952 -0.0000 0.0980
vn 0.9569 -0.0000 0.2903
vn 0.8819 -0.0000 0.4714
vn 0.7730 -0.0000 0.6344
vn 0.6344 -0.0000 0.7730
vn 0.4714 -0.0000 0.8819
vn 0.2903 -0.0000 0.9569
vn 0.0980 -0.0000 0.9952
vn -0.0980 -0.0000 0.9952
vn -0.2903 -0.0000 0.9569
vn -0.4714 -0.0000 0.8819
vn -0.6344 -0.0000 0.7730
vn -0.7730 -0.0000 0.6344
vn -0.8819 -0.0000 0.4714
vn -0.9569 -0.0000 0.2903
vn -0.9952 -0.0000 0.0980
vn -0.9952 -0.0000 -0.0980
vn -0.9569 -0.0000 -0.2903
vn -0.8819 -0.0000 -0.4714
vn -0.7730 -0.0000 -0.6344
vn -0.6344 -0.0000 -0.7730
vn -0.4714 -0.0000 -0.8819
vn -0.0000 1.0000 -0.0000
vn -0.2903 -0.0000 -0.9569
vn -0.0980 -0.0000 -0.9952
vn -0.0000 -1.0000 -0.0000
vt 1.000000 0.500000
vt 1.000000 1.000000
vt 0.968750 1.000000
vt 0.968750 0.500000
vt 0.937500 1.000000
vt 0.937500 0.500000
vt 0.906250 1.000000
vt 0.906250 0.500000
vt 0.875000 1.000000
vt 0.875000 0.500000
vt 0.843750 1.000000
vt 0.843750 0.500000
vt 0.812500 1.000000
vt 0.812500 0.500000
vt 0.781250 1.000000
vt 0.781250 0.500000
vt 0.750000 1.000000
vt 0.750000 0.500000
vt 0.718750 1.000000
vt 0.718750 0.500000
vt 0.687500 1.000000
vt 0.687500 0.500000
vt 0.656250 1.000000
vt 0.656250 0.500000
vt 0.625000 1.000000
vt 0.625000 0.500000
vt 0.593750 1.000000
vt 0.593750 0.500000
vt 0.562500 1.000000
vt 0.562500 0.500000
vt 0.531250 1.000000
vt 0.531250 0.500000
vt 0.500000 1.000000
vt 0.500000 0.500000
vt 0.468750 1.000000
vt 0.468750 0.500000
vt 0.437500 1.000000
vt 0.437500 0.500000
vt 0.406250 1.000000
vt 0.406250 0.500000
vt 0.375000 1.000000
vt 0.375000 0.500000
vt 0.343750 1.000000
vt 0.343750 0.500000
vt 0.312500 1.000000
vt 0.312500 0.500000
vt 0.281250 1.000000
vt 0.281250 0.500000
vt 0.250000 1.000000
vt 0.250000 0.500000
vt 0.218750 1.000000
vt 0.218750 0.500000
vt 0.187500 1.000000
vt 0.187500 0.500000
vt 0.156250 1.000000
vt 0.156250 0.500000
vt 0.125000 1.000000
vt 0.125000 0.500000
vt 0.093750 1.000000
vt 0.093750 0.500000
vt 0.062500 1.000000
vt 0.062500 0.500000
vt 0.296822 0.485388
vt 0.250000 0.490000
vt 0.203178 0.485388
vt 0.158156 0.471731
vt 0.116663 0.449553
vt 0.080294 0.419706
vt 0.050447 0.383337
vt 0.028269 0.341844
vt 0.014612 0.296822
vt 0.010000 0.250000
vt 0.014612 0.203178
vt 0.028269 0.158156
vt 0.050447 0.116663
vt 0.080294 0.080294
vt 0.116663 0.050447
vt 0.158156 0.028269
vt 0.203178 0.014612
vt 0.250000 0.010000
vt 0.296822 0.014612
vt 0.341844 0.028269
vt 0.383337 0.050447
vt 0.419706 0.080294
vt 0.449553 0.116663
vt 0.471731 0.158156
vt 0.485388 0.203178
vt 0.490000 0.250000
vt 0.485388 0.296822
vt 0.471731 0.341844
vt 0.449553 0.383337
vt 0.419706 0.419706
vt 0.383337 0.449553
vt 0.341844 0.471731
vt 0.031250 1.000000
vt 0.031250 0.500000
vt 0.000000 1.000000
vt 0.000000 0.500000
vt 0.750000 0.490000
vt 0.796822 0.485388
vt 0.841844 0.471731
vt 0.883337 0.449553
vt 0.919706 0.419706
vt 0.949553 0.383337
vt 0.971731 0.341844
vt 0.985388 0.296822
vt 0.990000 0.250000
vt 0.985388 0.203178
vt 0.971731 0.158156
vt 0.949553 0.116663
vt 0.919706 0.080294
vt 0.883337 0.050447
vt 0.841844 0.028269
vt 0.796822 0.014612
vt 0.750000 0.010000
vt 0.703178 0.014612
vt 0.658156 0.028269
vt 0.616663 0.050447
vt 0.580294 0.080294
vt 0.550447 0.116663
vt 0.528269 0.158156
vt 0.514612 0.203178
vt 0.510000 0.250000
vt 0.514612 0.296822
vt 0.528269 0.341844
vt 0.550447 0.383337
vt 0.580294 0.419706
vt 0.616663 0.449553
vt 0.658156 0.471731
vt 0.703178 0.485388
s 0
f 2508/2991/2628 2509/2992/2628 2511/2993/2628 2510/2994/2628
f 2510/2994/2629 2511/2993/2629 2513/2995/2629 2512/2996/2629
f 2512/2996/2630 2513/2995/2630 2515/2997/2630 2514/2998/2630
f 2514/2998/2631 2515/2997/2631 2517/2999/2631 2516/3000/2631
f 2516/3000/2632 2517/2999/2632 2519/3001/2632 2518/3002/2632
f 2518/3002/2633 2519/3001/2633 2521/3003/2633 2520/3004/2633
f 2520/3004/2634 2521/3003/2634 2523/3005/2634 2522/3006/2634
f 2522/3006/2635 2523/3005/2635 2525/3007/2635 2524/3008/2635
f 2524/3008/2636 2525/3007/2636 2527/3009/2636 2526/3010/2636
f 2526/3010/2637 2527/3009/2637 2529/3011/2637 2528/3012/2637
f 2528/3012/2638 2529/3011/2638 2531/3013/2638 2530/3014/2638
f 2530/3014/2639 2531/3013/2639 2533/3015/2639 2532/3016/2639
f 2532/3016/2640 2533/3015/2640 2535/3017/2640 2534/3018/2640
f 2534/3018/2641 2535/3017/2641 2537/3019/2641 2536/3020/2641
f 2536/3020/2642 2537/3019/2642 2539/3021/2642 2538/3022/2642
f 2538/3022/2643 2539/3021/2643 2541/3023/2643 2540/3024/2643
f 2540/3024/2644 2541/3023/2644 2543/3025/2644 2542/3026/2644
f 2542/3026/2645 2543/3025/2645 2545/3027/2645 2544/3028/2645
f 2544/3028/2646 2545/3027/2646 2547/3029/2646 2546/3030/2646
f 2546/3030/2647 2547/3029/2647 2549/3031/2647 2548/3032/2647
f 2548/3032/2648 2549/3031/2648 2551/3033/2648 2550/3034/2648
f 2550/3034/2649 2551/3033/2649 2553/3035/2649 2552/3036/2649
f 2552/3036/2650 2553/3035/2650 2555/3037/2650 2554/3038/2650
f 2554/3038/2651 2555/3037/2651 2557/3039/2651 2556/3040/2651
f 2556/3040/2652 2557/3039/2652 2559/3041/2652 2558/3042/2652
f 2558/3042/2653 2559/3041/2653 2561/3043/2653 2560/3044/2653
f 2560/3044/2654 2561/3043/2654 2563/3045/2654 2562/3046/2654
f 2562/3046/2655 2563/3045/2655 2565/3047/2655 2564/3048/2655
f 2564/3048/2656 2565/3047/2656 2567/3049/2656 2566/3050/2656
f 2566/3050/2657 2567/3049/2657 2569/3051/2657 2568/3052/2657
f 2511/3053/2658 2509/3054/2658 2571/3055/2658 2569/3056/2658 2567/3057/2658 2565/3058/2658 2563/3059/2658 2561/3060/2658 2559/3061/2658 2557/3062/2658 2555/3063/2658 2553/3064/2658 2551/3065/2658 2549/3066/2658 2547/3067/2658 2545/3068/2658 2543/3069/2658 2541/3070/2658 2539/3071/2658 2537/3072/2658 2535/3073/2658 2533/3074/2658 2531/3075/2658 2529/3076/2658 2527/3077/2658 2525/3078/2658 2523/3079/2658 2521/3080/2658 2519/3081/2658 2517/3082/2658 2515/3083/2658 2513/3084/2658
f 2568/3052/2659 2569/3051/2659 2571/3085/2659 2570/3086/2659
f 2570/3086/2660 2571/3085/2660 2509/3087/2660 2508/3088/2660
f 2508/3089/2661 2510/3090/2661 2512/3091/2661 2514/3092/2661 2516/3093/2661 2518/3094/2661 2520/3095/2661 2522/3096/2661 2524/3097/2661 2526/3098/2661 2528/3099/2661 2530/3100/2661 2532/3101/2661 2534/3102/2661 2536/3103/2661 2538/3104/2661 2540/3105/2661 2542/3106/2661 2544/3107/2661 2546/3108/2661 2548/3109/2661 2550/3110/2661 2552/3111/2661 2554/3112/2661 2556/3113/2661 2558/3114/2661 2560/3115/2661 2562/3116/2661 2564/3117/2661 2566/3118/2661 2568/3119/2661 2570/3120/2661
